2026-09-16T02:14:56Z	1	200	185563	6f98393cc93879de46fcd05453ceda672ded84824d80e1adfd216bc5c93af118	https://api.tenders.gov.au/ocds/findByDates/contractPublished/2025-09-16T00:00:00Z/2025-09-23T00:00:00Z
2026-09-16T02:14:58Z	1	200	187608	275b1febc22507fbd5a8b91c42795cad01d0e1f0fe9234a86747a3a2f989da40	https://api.tenders.gov.au/ocds/findByDates/contractPublished/2025-09-16T00:00:00Z/2025-09-23T00:00:00Z?cursor=VdfCdxsoQW9Odzg3VG91WmtES1VOT05ERTVNREF3T1NsRFRqUXhPVEF3TURrPWQ&prevcursor=initial&lastcursor=initial
2026-09-16T02:14:59Z	1	200	188106	c1fadbe785a377f04f5649da5a79a84c0f42a68f14671be56cdf40f6dd7cb272	https://api.tenders.gov.au/ocds/findByDates/contractPublished/2025-09-16T00:00:00Z/2025-09-23T00:00:00Z?cursor=Vf5f2RYoQW9ONHgrRDV0NWtES1VOT05ERTRPVGcyTUNsRFRqUXhPRGs0TmpBPcgB&prevcursor=VdfCdxsoQW9Odzg3VG91WmtES1VOT05ERTVNREF3T1NsRFRqUXhPVEF3TURrPWQ&lastcursor=initial
2026-09-16T02:15:01Z	1	200	190458	f0d43c2ce4999b52203ef9f638f7bdb49beedac2f8df28fa55b24435e9c9b293	https://api.tenders.gov.au/ocds/findByDates/contractPublished/2025-09-16T00:00:00Z/2025-09-23T00:00:00Z?cursor=VZWHbnsoQW9Od2xhVGl0NWtES1VOT05ERTRPVGMyTnlsRFRqUXhPRGszTmpjPawC&prevcursor=Vf5f2RYoQW9ONHgrRDV0NWtES1VOT05ERTRPVGcyTUNsRFRqUXhPRGs0TmpBPcgB&lastcursor=VdfCdxsoQW9Odzg3VG91WmtES1VOT05ERTVNREF3T1NsRFRqUXhPVEF3TURrPWQ
2026-09-16T02:15:03Z	1	200	195083	29bf98d3d142d08547c146cad80413ad6ad67e9daaacefc346772a7ee46a2774	https://api.tenders.gov.au/ocds/findByDates/contractPublished/2025-09-16T00:00:00Z/2025-09-23T00:00:00Z?cursor=VbAAnfUoQW9Odzg4aXBzSmtES1VOT05ERTRPVFkxT0NsRFRqUXhPRGsyTlRnPZAD&prevcursor=VZWHbnsoQW9Od2xhVGl0NWtES1VOT05ERTRPVGMyTnlsRFRqUXhPRGszTmpjPawC&lastcursor=Vf5f2RYoQW9ONHgrRDV0NWtES1VOT05ERTRPVGcyTUNsRFRqUXhPRGs0TmpBPcgB
2026-09-16T02:15:04Z	1	200	190065	b14368006ac89684dc614e10a0e8c373ab015ccddff9b2a539e9dcfde62f2e5a	https://api.tenders.gov.au/ocds/findByDates/contractPublished/2025-09-16T00:00:00Z/2025-09-23T00:00:00Z?cursor=VVFBzTMoQW9ONDB0bWdzSmtES1VOT05ERTRPVFUwT0NsRFRqUXhPRGsxTkRnPfQD&prevcursor=VbAAnfUoQW9Odzg4aXBzSmtES1VOT05ERTRPVFkxT0NsRFRqUXhPRGsyTlRnPZAD&lastcursor=VZWHbnsoQW9Od2xhVGl0NWtES1VOT05ERTRPVGMyTnlsRFRqUXhPRGszTmpjPawC
2026-09-16T02:15:06Z	1	200	193421	ab2ebbd150291a4f627b80029603c608af6ca7aae8f0df2c03d577831d5ae0da	https://api.tenders.gov.au/ocds/findByDates/contractPublished/2025-09-16T00:00:00Z/2025-09-23T00:00:00Z?cursor=Vf_36q0wQW9OdzBzV0VzSmtETEVOT05ERTRPVFF5TmkxQk1TeERUalF4T0RrME1qWXRRVEU92AQ&prevcursor=VVFBzTMoQW9ONDB0bWdzSmtES1VOT05ERTRPVFUwT0NsRFRqUXhPRGsxTkRnPfQD&lastcursor=VbAAnfUoQW9Odzg4aXBzSmtES1VOT05ERTRPVFkxT0NsRFRqUXhPRGsyTlRnPZAD
2026-09-16T02:15:08Z	1	200	191734	093bf44de02ace44b5648b802975c686c52ab2797745ecb3bf183df8fa3178f6	https://api.tenders.gov.au/ocds/findByDates/contractPublished/2025-09-16T00:00:00Z/2025-09-23T00:00:00Z?cursor=VTBah_AoQW9Od29MRFpyNWtES1VOT05ERTRPVE15TWlsRFRqUXhPRGt6TWpJPbwF&prevcursor=Vf_36q0wQW9OdzBzV0VzSmtETEVOT05ERTRPVFF5TmkxQk1TeERUalF4T0RrME1qWXRRVEU92AQ&lastcursor=VVFBzTMoQW9ONDB0bWdzSmtES1VOT05ERTRPVFUwT0NsRFRqUXhPRGsxTkRnPfQD
2026-09-16T02:15:09Z	1	200	188026	da8bdb5398dae8907d5affd6fb33fcb640f2a06131cfaf1e9ccb4af1659984ed	https://api.tenders.gov.au/ocds/findByDates/contractPublished/2025-09-16T00:00:00Z/2025-09-23T00:00:00Z?cursor=VbnmMF0oQW9ONDFlR21yWmtES1VOT05ERTRPVEU0TnlsRFRqUXhPRGt4T0RjPaAG&prevcursor=VTBah_AoQW9Od29MRFpyNWtES1VOT05ERTRPVE15TWlsRFRqUXhPRGt6TWpJPbwF&lastcursor=Vf_36q0wQW9OdzBzV0VzSmtETEVOT05ERTRPVFF5TmkxQk1TeERUalF4T0RrME1qWXRRVEU92AQ
2026-09-16T02:15:11Z	1	200	187712	21001ae6ec09f98b32a2a6ebe616a971457e41e869ae9f8dfc9ecfbdec1ad788	https://api.tenders.gov.au/ocds/findByDates/contractPublished/2025-09-16T00:00:00Z/2025-09-23T00:00:00Z?cursor=VbpExuMoQW9ONGlmaVJxNWtES1VOT05ERTRPVEExT0NsRFRqUXhPRGt3TlRnPYQH&prevcursor=VbnmMF0oQW9ONDFlR21yWmtES1VOT05ERTRPVEU0TnlsRFRqUXhPRGt4T0RjPaAG&lastcursor=VTBah_AoQW9Od29MRFpyNWtES1VOT05ERTRPVE15TWlsRFRqUXhPRGt6TWpJPbwF
2026-09-16T02:15:13Z	1	200	184392	553cc10826cfdf038e76914c647966b12b4c5147c74ad4c9ec556fbbfdc5f000	https://api.tenders.gov.au/ocds/findByDates/contractPublished/2025-09-16T00:00:00Z/2025-09-23T00:00:00Z?cursor=VQXixOkwQW9Od21vdjFxcGtETEVOT05ERTRPREV3TmkxQk1TeERUalF4T0RneE1EWXRRVEU96Ac&prevcursor=VbpExuMoQW9ONGlmaVJxNWtES1VOT05ERTRPVEExT0NsRFRqUXhPRGt3TlRnPYQH&lastcursor=VbnmMF0oQW9ONDFlR21yWmtES1VOT05ERTRPVEU0TnlsRFRqUXhPRGt4T0RjPaAG
2026-09-16T02:15:16Z	1	200	188373	3207a49eb031b25ad52b526bbd23cfc9e04bfe8557ecc1690a8fffa102f7a0a7	https://api.tenders.gov.au/ocds/findByDates/contractPublished/2025-09-16T00:00:00Z/2025-09-23T00:00:00Z?cursor=VZUduDowQW9Od3dMcnZxcGtETEVOT05ERTROelUyTUMxQk1TeERUalF4T0RjMU5qQXRRVEU9zAg&prevcursor=VQXixOkwQW9Od21vdjFxcGtETEVOT05ERTRPREV3TmkxQk1TeERUalF4T0RneE1EWXRRVEU96Ac&lastcursor=VbpExuMoQW9ONGlmaVJxNWtES1VOT05ERTRPVEExT0NsRFRqUXhPRGt3TlRnPYQH
2026-09-16T02:15:18Z	1	200	186287	0fb1a4d16fa284733b93e4aff8d1e031b525cb2d3a542582982b8b3897438564	https://api.tenders.gov.au/ocds/findByDates/contractPublished/2025-09-16T00:00:00Z/2025-09-23T00:00:00Z?cursor=VayClvAoQW9ONDBvN0xxcGtES1VOT05ERTRPRGt4TWlsRFRqUXhPRGc1TVRJPbAJ&prevcursor=VZUduDowQW9Od3dMcnZxcGtETEVOT05ERTROelUyTUMxQk1TeERUalF4T0RjMU5qQXRRVEU9zAg&lastcursor=VQXixOkwQW9Od21vdjFxcGtETEVOT05ERTRPREV3TmkxQk1TeERUalF4T0RneE1EWXRRVEU96Ac
2026-09-16T02:15:20Z	1	200	198450	d3fca2d7269b7a372b8f70b56bd4ab929ede2206c74c7763e45e012a1eb9a8c6	https://api.tenders.gov.au/ocds/findByDates/contractPublished/2025-09-16T00:00:00Z/2025-09-23T00:00:00Z?cursor=Vcb6OMQoQW9Od3lvak5xSmtES1VOT05ERTRPRGM0TlNsRFRqUXhPRGczT0RVPZQK&prevcursor=VayClvAoQW9ONDBvN0xxcGtES1VOT05ERTRPRGt4TWlsRFRqUXhPRGc1TVRJPbAJ&lastcursor=VZUduDowQW9Od3dMcnZxcGtETEVOT05ERTROelUyTUMxQk1TeERUalF4T0RjMU5qQXRRVEU9zAg
2026-09-16T02:15:21Z	1	200	113643	cc297af176d05cfc4a67e0fdc71687a91237f1243cfe4f7ab03ccb0e4eafd280	https://api.tenders.gov.au/ocds/findByDates/contractPublished/2025-09-16T00:00:00Z/2025-09-23T00:00:00Z?cursor=VcvrE7ooQW9Od2pLKzVxSmtES1VOT05ERTRPRFk1TWlsRFRqUXhPRGcyT1RJPfgK&prevcursor=Vcb6OMQoQW9Od3lvak5xSmtES1VOT05ERTRPRGM0TlNsRFRqUXhPRGczT0RVPZQK&lastcursor=VayClvAoQW9ONDBvN0xxcGtES1VOT05ERTRPRGt4TWlsRFRqUXhPRGc1TVRJPbAJ
2026-09-16T02:15:23Z	1	200	645	8202873c5592f0145e9f5dd81c8d9277096a92e995882211862bb83e33e4ad6c	https://api.tenders.gov.au/ocds/findByDates/contractPublished/2025-09-16T00:00:00Z/2025-09-23T00:00:00Z?cursor=VbKVnTsoQW9Ody9mUDZwNWtES1VOT05ERTRPRFl5TUNsRFRqUXhPRGcyTWpBPbUL&prevcursor=VcvrE7ooQW9Od2pLKzVxSmtES1VOT05ERTRPRFk1TWlsRFRqUXhPRGcyT1RJPfgK&lastcursor=Vcb6OMQoQW9Od3lvak5xSmtES1VOT05ERTRPRGM0TlNsRFRqUXhPRGczT0RVPZQK
2026-09-16T02:15:23Z	1	200	186878	fd1ade40f1dcc2fe0dc80d7809560fc059f969db9da0319672fdb7bc47fff3cf	https://api.tenders.gov.au/ocds/findByDates/contractPublished/2025-09-23T00:00:00Z/2025-09-30T00:00:00Z
2026-09-16T02:15:25Z	1	200	186574	40f892e4e00c96a37269a4f74015cef38cce04bbfe785f19b6afefe9ca9d2ed7	https://api.tenders.gov.au/ocds/findByDates/contractPublished/2025-09-23T00:00:00Z/2025-09-30T00:00:00Z?cursor=VUOX5yooQW9OdysvZUN5cGtES1VOT05ERTVNVFF6TmlsRFRqUXhPVEUwTXpZPWQ&prevcursor=initial&lastcursor=initial
2026-09-16T02:15:26Z	1	200	192669	a8b2314175b2b895cac001cd428ad07bb02f52e0cc2df6b0cbd591b2f01477bc	https://api.tenders.gov.au/ocds/findByDates/contractPublished/2025-09-23T00:00:00Z/2025-09-30T00:00:00Z?cursor=VX7TjwYoQW9Od3k2ek55WmtES1VOT05ERTVNVEkyT1NsRFRqUXhPVEV5TmprPcgB&prevcursor=VUOX5yooQW9OdysvZUN5cGtES1VOT05ERTVNVFF6TmlsRFRqUXhPVEUwTXpZPWQ&lastcursor=initial
2026-09-16T02:15:28Z	1	200	192005	5d8e2654bff6bcaceb419ba1637420e08145597df85622d56729f583c29d82cc	https://api.tenders.gov.au/ocds/findByDates/contractPublished/2025-09-23T00:00:00Z/2025-09-30T00:00:00Z?cursor=VZMx_CMwQW9ONHBlU1Z3cGtETEVOT05ERTVNVEV5T0MxQk1TeERUalF4T1RFeE1qZ3RRVEU9rAI&prevcursor=VX7TjwYoQW9Od3k2ek55WmtES1VOT05ERTVNVEkyT1NsRFRqUXhPVEV5TmprPcgB&lastcursor=VUOX5yooQW9OdysvZUN5cGtES1VOT05ERTVNVFF6TmlsRFRqUXhPVEUwTXpZPWQ
2026-09-16T02:15:30Z	1	200	190278	b94d71a9c4d2b9b4c44035e4d0a2e09b7492da3f9d821007d6f2806ab055df5f	https://api.tenders.gov.au/ocds/findByDates/contractPublished/2025-09-23T00:00:00Z/2025-09-30T00:00:00Z?cursor=VUyh7rYoQW9Od3k2L2t3WmtES1VOT05ERTVNVEF4TlNsRFRqUXhPVEV3TVRVPZAD&prevcursor=VZMx_CMwQW9ONHBlU1Z3cGtETEVOT05ERTVNVEV5T0MxQk1TeERUalF4T1RFeE1qZ3RRVEU9rAI&lastcursor=VX7TjwYoQW9Od3k2ek55WmtES1VOT05ERTVNVEkyT1NsRFRqUXhPVEV5TmprPcgB
2026-09-16T02:15:32Z	1	200	191484	688330e31529ad720c7de77817ad2447abeb5b51a1363cad8241fba0474cbf58	https://api.tenders.gov.au/ocds/findByDates/contractPublished/2025-09-23T00:00:00Z/2025-09-30T00:00:00Z?cursor=Vf0I71IwQW9OdzlabTl3WmtETEVOT05ERTVNRGt6TnkxQk1TeERUalF4T1RBNU16Y3RRVEU99AM&prevcursor=VUyh7rYoQW9Od3k2L2t3WmtES1VOT05ERTVNVEF4TlNsRFRqUXhPVEV3TVRVPZAD&lastcursor=VZMx_CMwQW9ONHBlU1Z3cGtETEVOT05ERTVNVEV5T0MxQk1TeERUalF4T1RFeE1qZ3RRVEU9rAI
2026-09-16T02:15:33Z	1	200	189707	b6164b51f0aeded20c94079945b3000d61dec19d592ae660bb87ccb0deda0ba7	https://api.tenders.gov.au/ocds/findByDates/contractPublished/2025-09-23T00:00:00Z/2025-09-30T00:00:00Z?cursor=VVGxXfUoQW9OdzJaL1N2NWtES1VOT05ERTVNRGd5TnlsRFRqUXhPVEE0TWpjPdgE&prevcursor=Vf0I71IwQW9OdzlabTl3WmtETEVOT05ERTVNRGt6TnkxQk1TeERUalF4T1RBNU16Y3RRVEU99AM&lastcursor=VUyh7rYoQW9Od3k2L2t3WmtES1VOT05ERTVNVEF4TlNsRFRqUXhPVEV3TVRVPZAD
2026-09-16T02:15:35Z	1	200	188157	9b0a5a06650bdc622cc3f89f2f6677142128fc1d92d6b116302911b160ed4db1	https://api.tenders.gov.au/ocds/findByDates/contractPublished/2025-09-23T00:00:00Z/2025-09-30T00:00:00Z?cursor=Va3Ff-4wQW9ONHJ0S2p2NWtETEVOT05ERTVNRGN6TVMxQk1TeERUalF4T1RBM016RXRRVEU9vAU&prevcursor=VVGxXfUoQW9OdzJaL1N2NWtES1VOT05ERTVNRGd5TnlsRFRqUXhPVEE0TWpjPdgE&lastcursor=Vf0I71IwQW9OdzlabTl3WmtETEVOT05ERTVNRGt6TnkxQk1TeERUalF4T1RBNU16Y3RRVEU99AM
2026-09-16T02:15:37Z	1	200	185331	217aad97085173a4b480c0ff6022dcc0cd0ee4ce701ebf1038d81bdfb6c55542	https://api.tenders.gov.au/ocds/findByDates/contractPublished/2025-09-23T00:00:00Z/2025-09-30T00:00:00Z?cursor=VRL-etkoQW9ONDc4YUt2WmtES1VOT05ERTVNRFUyTkNsRFRqUXhPVEExTmpRPaAG&prevcursor=Va3Ff-4wQW9ONHJ0S2p2NWtETEVOT05ERTVNRGN6TVMxQk1TeERUalF4T1RBM016RXRRVEU9vAU&lastcursor=VVGxXfUoQW9OdzJaL1N2NWtES1VOT05ERTVNRGd5TnlsRFRqUXhPVEE0TWpjPdgE
2026-09-16T02:15:38Z	1	200	189732	714a28339907a6039531027f5b43aa1df23197577f5fc2bb3f8761a8343adc6d	https://api.tenders.gov.au/ocds/findByDates/contractPublished/2025-09-23T00:00:00Z/2025-09-30T00:00:00Z?cursor=VYpOVkcwQW9ONHVPYkF2SmtETEVOT05ERTVNRFEwTUMxQk1TeERUalF4T1RBME5EQXRRVEU9hAc&prevcursor=VRL-etkoQW9ONDc4YUt2WmtES1VOT05ERTVNRFUyTkNsRFRqUXhPVEExTmpRPaAG&lastcursor=Va3Ff-4wQW9ONHJ0S2p2NWtETEVOT05ERTVNRGN6TVMxQk1TeERUalF4T1RBM016RXRRVEU9vAU
2026-09-16T02:15:40Z	1	200	190516	8851cdf4f80f04ac70e5d87019a39a3d5cada5fcdd50252604ccfe6b0f0c7930	https://api.tenders.gov.au/ocds/findByDates/contractPublished/2025-09-23T00:00:00Z/2025-09-30T00:00:00Z?cursor=Vaa9hWsoQW9Od3RlS2Z2SmtES1VOT05ERTVNRE15T0NsRFRqUXhPVEF6TWpnPegH&prevcursor=VYpOVkcwQW9ONHVPYkF2SmtETEVOT05ERTVNRFEwTUMxQk1TeERUalF4T1RBME5EQXRRVEU9hAc&lastcursor=VRL-etkoQW9ONDc4YUt2WmtES1VOT05ERTVNRFUyTkNsRFRqUXhPVEExTmpRPaAG
2026-09-16T02:15:42Z	1	200	34446	3c7d11759680b2f12624f4e6c6f4a4ed9f3011c7d9f3f2b218f5a16181873c12	https://api.tenders.gov.au/ocds/findByDates/contractPublished/2025-09-23T00:00:00Z/2025-09-30T00:00:00Z?cursor=VWM1g18oQW9ONDVweWl1cGtES1VOT05ERTVNREU1TlNsRFRqUXhPVEF4T1RVPcwI&prevcursor=Vaa9hWsoQW9Od3RlS2Z2SmtES1VOT05ERTVNRE15T0NsRFRqUXhPVEF6TWpnPegH&lastcursor=VYpOVkcwQW9ONHVPYkF2SmtETEVOT05ERTVNRFEwTUMxQk1TeERUalF4T1RBME5EQXRRVEU9hAc
2026-09-16T02:15:42Z	1	200	645	578218c5e48e2fa79cfd56bd681f9e36aff7afc683687832ca0b0745ad8f1d51	https://api.tenders.gov.au/ocds/findByDates/contractPublished/2025-09-23T00:00:00Z/2025-09-30T00:00:00Z?cursor=VaQmP3IwQW9Od3RQNkF1cGtETEVOT05ERTVNREUxTUMxQk1peERUalF4T1RBeE5UQXRRVEk93gg&prevcursor=VWM1g18oQW9ONDVweWl1cGtES1VOT05ERTVNREU1TlNsRFRqUXhPVEF4T1RVPcwI&lastcursor=Vaa9hWsoQW9Od3RlS2Z2SmtES1VOT05ERTVNRE15T0NsRFRqUXhPVEF6TWpnPegH
2026-09-16T02:15:43Z	1	200	189388	f82dbfa9dbb8e34a9e13334fd0f00145ed42641972b5b835d60359ddde08a8dc	https://api.tenders.gov.au/ocds/findByDates/contractPublished/2025-09-30T00:00:00Z/2025-10-07T00:00:00Z
2026-09-16T02:15:45Z	1	200	191344	35d833629bae4764843c06497d80bc0166310d33bdeb32a24c5c46755d04b4be	https://api.tenders.gov.au/ocds/findByDates/contractPublished/2025-09-30T00:00:00Z/2025-10-07T00:00:00Z?cursor=VQvHZIEwQW9ONHBMK2oxSmtETEVOT05ERTVNamM0TmkxQk1TeERUalF4T1RJM09EWXRRVEU9ZA&prevcursor=initial&lastcursor=initial
2026-09-16T02:15:46Z	1	200	187447	833625682f2d11318b12b8b9b43124c52628c230aa5eabd916edaed31938efe6	https://api.tenders.gov.au/ocds/findByDates/contractPublished/2025-09-30T00:00:00Z/2025-10-07T00:00:00Z?cursor=VYucu0YoQW9Od2pvVFIwNWtES1VOT05ERTVNalkxTXlsRFRqUXhPVEkyTlRNPcgB&prevcursor=VQvHZIEwQW9ONHBMK2oxSmtETEVOT05ERTVNamM0TmkxQk1TeERUalF4T1RJM09EWXRRVEU9ZA&lastcursor=initial
2026-09-16T02:15:47Z	1	200	187287	0759c18c6571ef5c482aaceab0be72b8fe5effa517f1031c25f0dd3c19f05cd3	https://api.tenders.gov.au/ocds/findByDates/contractPublished/2025-09-30T00:00:00Z/2025-10-07T00:00:00Z?cursor=Vdp0P1soQW9ONHIrVFEwNWtES1VOT05ERTVNalUyTkNsRFRqUXhPVEkxTmpRPawC&prevcursor=VYucu0YoQW9Od2pvVFIwNWtES1VOT05ERTVNalkxTXlsRFRqUXhPVEkyTlRNPcgB&lastcursor=VQvHZIEwQW9ONHBMK2oxSmtETEVOT05ERTVNamM0TmkxQk1TeERUalF4T1RJM09EWXRRVEU9ZA
2026-09-16T02:15:49Z	1	200	187515	4cf1690216c559331ee00984ead8121fadf2ce66a7b239544b5509a3cee1c325	https://api.tenders.gov.au/ocds/findByDates/contractPublished/2025-09-30T00:00:00Z/2025-10-07T00:00:00Z?cursor=VaL0jEQoQW9Ody9KalMwWmtES1VOT05ERTVNalF6T0NsRFRqUXhPVEkwTXpnPZAD&prevcursor=Vdp0P1soQW9ONHIrVFEwNWtES1VOT05ERTVNalUyTkNsRFRqUXhPVEkxTmpRPawC&lastcursor=VYucu0YoQW9Od2pvVFIwNWtES1VOT05ERTVNalkxTXlsRFRqUXhPVEkyTlRNPcgB
2026-09-16T02:15:50Z	1	200	181778	a89b3a08d77a516f93a2f32e324534a41028597def04dafee77ae9b5bf19acd3	https://api.tenders.gov.au/ocds/findByDates/contractPublished/2025-09-30T00:00:00Z/2025-10-07T00:00:00Z?cursor=VYGs1tYoQW9ONDArS3AwWmtES1VOT05ERTVNakUwTWlsRFRqUXhPVEl4TkRJPfQD&prevcursor=VaL0jEQoQW9Ody9KalMwWmtES1VOT05ERTVNalF6T0NsRFRqUXhPVEkwTXpnPZAD&lastcursor=Vdp0P1soQW9ONHIrVFEwNWtES1VOT05ERTVNalUyTkNsRFRqUXhPVEkxTmpRPawC
2026-09-16T02:15:51Z	1	200	196605	dd9534489b6b3699760f7e7710cdb00d50872c196b30cbd49bef1a1b2efc9891	https://api.tenders.gov.au/ocds/findByDates/contractPublished/2025-09-30T00:00:00Z/2025-10-07T00:00:00Z?cursor=VR1lcyIoQW9OdytkYVUwWmtES1VOT05ERTVNakF5TnlsRFRqUXhPVEl3TWpjPdgE&prevcursor=VYGs1tYoQW9ONDArS3AwWmtES1VOT05ERTVNakUwTWlsRFRqUXhPVEl4TkRJPfQD&lastcursor=VaL0jEQoQW9Ody9KalMwWmtES1VOT05ERTVNalF6T0NsRFRqUXhPVEkwTXpnPZAD
2026-09-16T02:15:53Z	1	200	189114	42c65ca177fb77704a36400cb163fced4839b7aae7d9949d7b8054e0a9bd5f5d	https://api.tenders.gov.au/ocds/findByDates/contractPublished/2025-09-30T00:00:00Z/2025-10-07T00:00:00Z?cursor=VQ7NCf8oQW9ONGxMK1l6NWtES1VOT05ERTVNVGc0TnlsRFRqUXhPVEU0T0RjPbwF&prevcursor=VR1lcyIoQW9OdytkYVUwWmtES1VOT05ERTVNakF5TnlsRFRqUXhPVEl3TWpjPdgE&lastcursor=VYGs1tYoQW9ONDArS3AwWmtES1VOT05ERTVNakUwTWlsRFRqUXhPVEl4TkRJPfQD
2026-09-16T02:15:55Z	1	200	184976	94d2831d1d77088de59903aa31b5f9d49cf734e1283cde6555e6ac9bc357f793	https://api.tenders.gov.au/ocds/findByDates/contractPublished/2025-09-30T00:00:00Z/2025-10-07T00:00:00Z?cursor=VWaxGWooQW9ONGs4aW16cGtES1VOT05ERTVNVGN6TmlsRFRqUXhPVEUzTXpZPaAG&prevcursor=VQ7NCf8oQW9ONGxMK1l6NWtES1VOT05ERTVNVGc0TnlsRFRqUXhPVEU0T0RjPbwF&lastcursor=VR1lcyIoQW9OdytkYVUwWmtES1VOT05ERTVNakF5TnlsRFRqUXhPVEl3TWpjPdgE
2026-09-16T02:15:56Z	1	200	47287	c0e9ddfce636ec7de74c651a9b74e011ff251e00839dc6cc1e4c0d88fca42864	https://api.tenders.gov.au/ocds/findByDates/contractPublished/2025-09-30T00:00:00Z/2025-10-07T00:00:00Z?cursor=VcXxYRgwQW9ONDBNbVh6SmtETEVOT05ERTVNVFU0T0MxQk1TeERUalF4T1RFMU9EZ3RRVEU9hAc&prevcursor=VWaxGWooQW9ONGs4aW16cGtES1VOT05ERTVNVGN6TmlsRFRqUXhPVEUzTXpZPaAG&lastcursor=VQ7NCf8oQW9ONGxMK1l6NWtES1VOT05ERTVNVGc0TnlsRFRqUXhPVEU0T0RjPbwF
2026-09-16T02:15:57Z	1	200	656	a0bd7d1d4f2b22c88b2def3d21911c8191634915359664d9bca971fa4773096c	https://api.tenders.gov.au/ocds/findByDates/contractPublished/2025-09-30T00:00:00Z/2025-10-07T00:00:00Z?cursor=VXSJRT4oQW9Od3ZkT0J6SmtES1VOT05ERTVNVFUxTmlsRFRqUXhPVEUxTlRZPZ0H&prevcursor=VcXxYRgwQW9ONDBNbVh6SmtETEVOT05ERTVNVFU0T0MxQk1TeERUalF4T1RFMU9EZ3RRVEU9hAc&lastcursor=VWaxGWooQW9ONGs4aW16cGtES1VOT05ERTVNVGN6TmlsRFRqUXhPVEUzTXpZPaAG
2026-09-16T02:15:57Z	1	200	187768	55b62b86a68bf15868933b2cc2b77da610f0793e111449f429f3f51075055ca6	https://api.tenders.gov.au/ocds/findByDates/contractPublished/2025-10-07T00:00:00Z/2025-10-14T00:00:00Z
2026-09-16T02:15:59Z	1	200	191034	bba8dce1f0fcb463806099ea4591a7540f261e6fea7c4c1487f60156c1a64926	https://api.tenders.gov.au/ocds/findByDates/contractPublished/2025-10-07T00:00:00Z/2025-10-14T00:00:00Z?cursor=VTfCw_wwQW9Od3dmejg3WmtETEVOT05ERTVOREl4TVMxQk1TeERUalF4T1RReU1URXRRVEU9ZA&prevcursor=initial&lastcursor=initial
2026-09-16T02:16:01Z	1	200	186270	3a8a3fac73e4cbc05daf0f780730a76a28a1efc746f2cf2d9b2349bff11b83a1	https://api.tenders.gov.au/ocds/findByDates/contractPublished/2025-10-07T00:00:00Z/2025-10-14T00:00:00Z?cursor=VVmhUh8oQW9ONDU0Zjg3WmtES1VOT05ERTVOREV6TmlsRFRqUXhPVFF4TXpZPcgB&prevcursor=VTfCw_wwQW9Od3dmejg3WmtETEVOT05ERTVOREl4TVMxQk1TeERUalF4T1RReU1URXRRVEU9ZA&lastcursor=initial
2026-09-16T02:16:02Z	1	200	186553	9846a137b8746820035ac22fcae852db5c04b4dedfa5f9d2103cf004a30b3b4f	https://api.tenders.gov.au/ocds/findByDates/contractPublished/2025-10-07T00:00:00Z/2025-10-14T00:00:00Z?cursor=VRUrYQMwQW9Od3NLcTQ3WmtETEVOT05ERTVOREF3T0MxQk1peERUalF4T1RRd01EZ3RRVEk9rAI&prevcursor=VVmhUh8oQW9ONDU0Zjg3WmtES1VOT05ERTVOREV6TmlsRFRqUXhPVFF4TXpZPcgB&lastcursor=VTfCw_wwQW9Od3dmejg3WmtETEVOT05ERTVOREl4TVMxQk1TeERUalF4T1RReU1URXRRVEU9ZA
2026-09-16T02:16:04Z	1	200	184170	b9da01121db32f4eccd5bf91deabff5e5b1f6c9768be7abae9c09570026aad66	https://api.tenders.gov.au/ocds/findByDates/contractPublished/2025-10-07T00:00:00Z/2025-10-14T00:00:00Z?cursor=Vbc3WLMoQW9ONG5xUzE3WmtES1VOT05ERTVNemt3T0NsRFRqUXhPVE01TURnPZAD&prevcursor=VRUrYQMwQW9Od3NLcTQ3WmtETEVOT05ERTVOREF3T0MxQk1peERUalF4T1RRd01EZ3RRVEk9rAI&lastcursor=VVmhUh8oQW9ONDU0Zjg3WmtES1VOT05ERTVOREV6TmlsRFRqUXhPVFF4TXpZPcgB
2026-09-16T02:16:05Z	1	200	187601	f99b4408c42473f11cceceac076e696f8c4e48c761d9cdc7b02944eb68ff1808	https://api.tenders.gov.au/ocds/findByDates/contractPublished/2025-10-07T00:00:00Z/2025-10-14T00:00:00Z?cursor=Vcl2LkIoQW9Od3dNcUo1cGtES1VOT05ERTVNemMzTmlsRFRqUXhPVE0zTnpZPfQD&prevcursor=Vbc3WLMoQW9ONG5xUzE3WmtES1VOT05ERTVNemt3T0NsRFRqUXhPVE01TURnPZAD&lastcursor=VRUrYQMwQW9Od3NLcTQ3WmtETEVOT05ERTVOREF3T0MxQk1peERUalF4T1RRd01EZ3RRVEk9rAI
2026-09-16T02:16:07Z	1	200	188831	f5305b6432ffa83dfb1e6e1c09b5d9536ec666d64c90ba9c5bd370c1815c96ad	https://api.tenders.gov.au/ocds/findByDates/contractPublished/2025-10-07T00:00:00Z/2025-10-14T00:00:00Z?cursor=VW0WxkAoQW9ONDlaYk80NWtES1VOT05ERTVNell6TUNsRFRqUXhPVE0yTXpBPdgE&prevcursor=Vcl2LkIoQW9Od3dNcUo1cGtES1VOT05ERTVNemMzTmlsRFRqUXhPVE0zTnpZPfQD&lastcursor=Vbc3WLMoQW9ONG5xUzE3WmtES1VOT05ERTVNemt3T0NsRFRqUXhPVE01TURnPZAD
2026-09-16T02:16:08Z	1	200	186145	64d006765d252e942258457c3cf4b32e425024f60b9a3ac4dbff5af7663dafe3	https://api.tenders.gov.au/ocds/findByDates/contractPublished/2025-10-07T00:00:00Z/2025-10-14T00:00:00Z?cursor=VdPbAHsoQW9ONHM0cUc0NWtES1VOT05ERTVNelExTXlsRFRqUXhPVE0wTlRNPbwF&prevcursor=VW0WxkAoQW9ONDlaYk80NWtES1VOT05ERTVNell6TUNsRFRqUXhPVE0yTXpBPdgE&lastcursor=Vcl2LkIoQW9Od3dNcUo1cGtES1VOT05ERTVNemMzTmlsRFRqUXhPVE0zTnpZPfQD
2026-09-16T02:16:10Z	1	200	185266	cdc69806b26b05e4a9b5912be7e54c566ee09839b5a35b021f8eb1c71aec0dcb	https://api.tenders.gov.au/ocds/findByDates/contractPublished/2025-10-07T00:00:00Z/2025-10-14T00:00:00Z?cursor=VWcdCmcoQW9Od3lQdmw0cGtES1VOT05ERTVNek0xTUNsRFRqUXhPVE16TlRBPaAG&prevcursor=VdPbAHsoQW9ONHM0cUc0NWtES1VOT05ERTVNelExTXlsRFRqUXhPVE0wTlRNPbwF&lastcursor=VW0WxkAoQW9ONDlaYk80NWtES1VOT05ERTVNell6TUNsRFRqUXhPVE0yTXpBPdgE
2026-09-16T02:16:11Z	1	200	189685	0cf85f3b008acb048db0874b2e42152fe869d625fc6283564738ebb6b1069203	https://api.tenders.gov.au/ocds/findByDates/contractPublished/2025-10-07T00:00:00Z/2025-10-14T00:00:00Z?cursor=VQgYNgIoQW9OdzVLZjI0SmtES1VOT05ERTVNekl4TkNsRFRqUXhPVE15TVRRPYQH&prevcursor=VWcdCmcoQW9Od3lQdmw0cGtES1VOT05ERTVNek0xTUNsRFRqUXhPVE16TlRBPaAG&lastcursor=VdPbAHsoQW9ONHM0cUc0NWtES1VOT05ERTVNelExTXlsRFRqUXhPVE0wTlRNPbwF
2026-09-16T02:16:13Z	1	200	189803	6ed019e9fb40eaf2b4153d8f1574e38f622658d37d2abd8f80f136786cf0c352	https://api.tenders.gov.au/ocds/findByDates/contractPublished/2025-10-07T00:00:00Z/2025-10-14T00:00:00Z?cursor=Vdh0yOAwQW9ONG9QdWo0SmtETEVOT05ERTVNekV5TWkxQk1TeERUalF4T1RNeE1qSXRRVEU96Ac&prevcursor=VQgYNgIoQW9OdzVLZjI0SmtES1VOT05ERTVNekl4TkNsRFRqUXhPVE15TVRRPYQH&lastcursor=VWcdCmcoQW9Od3lQdmw0cGtES1VOT05ERTVNek0xTUNsRFRqUXhPVE16TlRBPaAG
2026-09-16T02:16:14Z	1	200	114164	18eaf52d1aaff3dcc8c6c709cc02fe7f5568caef519b98e73357ec4c3bd4bb4b	https://api.tenders.gov.au/ocds/findByDates/contractPublished/2025-10-07T00:00:00Z/2025-10-14T00:00:00Z?cursor=VZK_MJ0oQW9Od282R2szcGtES1VOT05ERTVNamszTWlsRFRqUXhPVEk1TnpJPcwI&prevcursor=Vdh0yOAwQW9ONG9QdWo0SmtETEVOT05ERTVNekV5TWkxQk1TeERUalF4T1RNeE1qSXRRVEU96Ac&lastcursor=VQgYNgIoQW9OdzVLZjI0SmtES1VOT05ERTVNekl4TkNsRFRqUXhPVE15TVRRPYQH
2026-09-16T02:16:15Z	1	200	656	64cbe8dedc59e1965f39edb3e2aac8e06c6d88d89843acc1b7f6c62223f82166	https://api.tenders.gov.au/ocds/findByDates/contractPublished/2025-10-07T00:00:00Z/2025-10-14T00:00:00Z?cursor=VRz-qmQoQW9OdzZQLzkzWmtES1VOT05ERTVNakEwTWlsRFRqUXhPVEl3TkRJPYkJ&prevcursor=VZK_MJ0oQW9Od282R2szcGtES1VOT05ERTVNamszTWlsRFRqUXhPVEk1TnpJPcwI&lastcursor=Vdh0yOAwQW9ONG9QdWo0SmtETEVOT05ERTVNekV5TWkxQk1TeERUalF4T1RNeE1qSXRRVEU96Ac
2026-09-16T02:16:16Z	1	200	182218	f33151d485c57749bd272ddc828d223b113c12e6a545bdd4895f4612b5865317	https://api.tenders.gov.au/ocds/findByDates/contractPublished/2025-10-14T00:00:00Z/2025-10-21T00:00:00Z
2026-09-16T02:16:17Z	1	200	179861	7d18b7eb7a9a9cf2c490c62fbd856056e9d67585e2bd09f8d154903164cf9a90	https://api.tenders.gov.au/ocds/findByDates/contractPublished/2025-10-14T00:00:00Z/2025-10-21T00:00:00Z?cursor=VZmuGDUoQW9Od2xkZnRnWm9ES1VOT05ERTVOakEwTkNsRFRqUXhPVFl3TkRRPWQ&prevcursor=initial&lastcursor=initial
2026-09-16T02:16:18Z	1	200	188857	5799868f9778a8e2fdfa4ab93f83b67d3c9bac88d96b33d2d08874f707a03c48	https://api.tenders.gov.au/ocds/findByDates/contractPublished/2025-10-14T00:00:00Z/2025-10-21T00:00:00Z?cursor=VdTx4g8oQW9Od2w0UHovNWtES1VOT05ERTVOVGt6TnlsRFRqUXhPVFU1TXpjPcgB&prevcursor=VZmuGDUoQW9Od2xkZnRnWm9ES1VOT05ERTVOakEwTkNsRFRqUXhPVFl3TkRRPWQ&lastcursor=initial
2026-09-16T02:16:20Z	1	200	188778	bd57a1109796f403bc470b6650cfc76f4b0fa7d92c24bb144eb9df1b42b8998d	https://api.tenders.gov.au/ocds/findByDates/contractPublished/2025-10-14T00:00:00Z/2025-10-21T00:00:00Z?cursor=VWR_YDIoQW9Od2k2UEEvNWtES1VOT05ERTVOVEk0TUNsRFRqUXhPVFV5T0RBPawC&prevcursor=VdTx4g8oQW9Od2w0UHovNWtES1VOT05ERTVOVGt6TnlsRFRqUXhPVFU1TXpjPcgB&lastcursor=VZmuGDUoQW9Od2xkZnRnWm9ES1VOT05ERTVOakEwTkNsRFRqUXhPVFl3TkRRPWQ
2026-09-16T02:16:21Z	1	200	187249	f41191e44b899daf13091a2a8875f2b024b1a3e5439ef5d36c6f2d978fc74075	https://api.tenders.gov.au/ocds/findByDates/contractPublished/2025-10-14T00:00:00Z/2025-10-21T00:00:00Z?cursor=VVSalNMoQW9Od21lTzMvNWtES1VOT05ERTVOVGN5T0NsRFRqUXhPVFUzTWpnPZAD&prevcursor=VWR_YDIoQW9Od2k2UEEvNWtES1VOT05ERTVOVEk0TUNsRFRqUXhPVFV5T0RBPawC&lastcursor=VdTx4g8oQW9Od2w0UHovNWtES1VOT05ERTVOVGt6TnlsRFRqUXhPVFU1TXpjPcgB
2026-09-16T02:16:22Z	1	200	185419	2fdbdb8ba184ab58efa2a1ed1a434f93445d1f7bd27cffc61d8e944046e5304b	https://api.tenders.gov.au/ocds/findByDates/contractPublished/2025-10-14T00:00:00Z/2025-10-21T00:00:00Z?cursor=VRzyhb8oQW9ONHJOU2wvNWtES1VOT05ERTVOVFl6TUNsRFRqUXhPVFUyTXpBPfQD&prevcursor=VVSalNMoQW9Od21lTzMvNWtES1VOT05ERTVOVGN5T0NsRFRqUXhPVFUzTWpnPZAD&lastcursor=VWR_YDIoQW9Od2k2UEEvNWtES1VOT05ERTVOVEk0TUNsRFRqUXhPVFV5T0RBPawC
2026-09-16T02:16:23Z	1	200	190044	95a79f21da6d8a0bdad9aff25ece80eefe6ff98d9d66c580fc064ac5020e94f2	https://api.tenders.gov.au/ocds/findByDates/contractPublished/2025-10-14T00:00:00Z/2025-10-21T00:00:00Z?cursor=VbtPzkIoQW9Od3M1U1YrNWtES1VOT05ERTVOVFV5T0NsRFRqUXhPVFUxTWpnPdgE&prevcursor=VRzyhb8oQW9ONHJOU2wvNWtES1VOT05ERTVOVFl6TUNsRFRqUXhPVFUyTXpBPfQD&lastcursor=VVSalNMoQW9Od21lTzMvNWtES1VOT05ERTVOVGN5T0NsRFRqUXhPVFUzTWpnPZAD
2026-09-16T02:16:25Z	1	200	190426	7403405adfcd79c0990720b78e951b39a2b1b95dcdbae9ebabefe09c6bacf0db	https://api.tenders.gov.au/ocds/findByDates/contractPublished/2025-10-14T00:00:00Z/2025-10-21T00:00:00Z?cursor=VQxpHdgwQW9OdzN0cjA5NWtETEVOT05ERTVOVFF3TnkxQk1TeERUalF4T1RVME1EY3RRVEU9vAU&prevcursor=VbtPzkIoQW9Od3M1U1YrNWtES1VOT05ERTVOVFV5T0NsRFRqUXhPVFUxTWpnPdgE&lastcursor=VRzyhb8oQW9ONHJOU2wvNWtES1VOT05ERTVOVFl6TUNsRFRqUXhPVFUyTXpBPfQD
2026-09-16T02:16:27Z	1	200	188786	53c24633b452fe889d4e254d09cba5e5f369a7a94085bb549a898ef7a8f4ca0e	https://api.tenders.gov.au/ocds/findByDates/contractPublished/2025-10-14T00:00:00Z/2025-10-21T00:00:00Z?cursor=VaZv7GAwQW9Od212SHM5WmtETEVOT05ERTVOVEkyT1MxQk1TeERUalF4T1RVeU5qa3RRVEU9oAY&prevcursor=VQxpHdgwQW9OdzN0cjA5NWtETEVOT05ERTVOVFF3TnkxQk1TeERUalF4T1RVME1EY3RRVEU9vAU&lastcursor=VbtPzkIoQW9Od3M1U1YrNWtES1VOT05ERTVOVFV5T0NsRFRqUXhPVFUxTWpnPdgE
2026-09-16T02:16:28Z	1	200	184873	fd36342f6231e964789afd301d24801882212519fac7f734f742267e60b47438	https://api.tenders.gov.au/ocds/findByDates/contractPublished/2025-10-14T00:00:00Z/2025-10-21T00:00:00Z?cursor=VRrDmD8oQW9ONHI5ekE5WmtES1VOT05ERTVOVEUyTlNsRFRqUXhPVFV4TmpVPYQH&prevcursor=VaZv7GAwQW9Od212SHM5WmtETEVOT05ERTVOVEkyT1MxQk1TeERUalF4T1RVeU5qa3RRVEU9oAY&lastcursor=VQxpHdgwQW9OdzN0cjA5NWtETEVOT05ERTVOVFF3TnkxQk1TeERUalF4T1RVME1EY3RRVEU9vAU
2026-09-16T02:16:30Z	1	200	188316	6696a61799b3f3c5df7317931861bb1409a421972977e1229462a5cb6af7bc7b	https://api.tenders.gov.au/ocds/findByDates/contractPublished/2025-10-14T00:00:00Z/2025-10-21T00:00:00Z?cursor=VXAh6wwoQW9ONHB1K1g4NWtES1VOT05ERTVOVEF3TkNsRFRqUXhPVFV3TURRPegH&prevcursor=VRrDmD8oQW9ONHI5ekE5WmtES1VOT05ERTVOVEUyTlNsRFRqUXhPVFV4TmpVPYQH&lastcursor=VaZv7GAwQW9Od212SHM5WmtETEVOT05ERTVOVEkyT1MxQk1TeERUalF4T1RVeU5qa3RRVEU9oAY
2026-09-16T02:16:31Z	1	200	190533	cdda31559ceca6d72355899c78f5f417fc0d50fa70850bd23e3dc9383115058f	https://api.tenders.gov.au/ocds/findByDates/contractPublished/2025-10-14T00:00:00Z/2025-10-21T00:00:00Z?cursor=VSzoJQ8oQW9Od3FxWFY4cGtES1VOT05ERTVORGc0TUNsRFRqUXhPVFE0T0RBPcwI&prevcursor=VXAh6wwoQW9ONHB1K1g4NWtES1VOT05ERTVOVEF3TkNsRFRqUXhPVFV3TURRPegH&lastcursor=VRrDmD8oQW9ONHI5ekE5WmtES1VOT05ERTVOVEUyTlNsRFRqUXhPVFV4TmpVPYQH
2026-09-16T02:16:33Z	1	200	190515	5ac5087b8c8bb78ebfadbfc46724e0f27c0f253d2c83a18e54617ab77342604d	https://api.tenders.gov.au/ocds/findByDates/contractPublished/2025-10-14T00:00:00Z/2025-10-21T00:00:00Z?cursor=VZFGoK4oQW9Od2hKclA4cGtES1VOT05ERTVORGM0TUNsRFRqUXhPVFEzT0RBPbAJ&prevcursor=VSzoJQ8oQW9Od3FxWFY4cGtES1VOT05ERTVORGc0TUNsRFRqUXhPVFE0T0RBPcwI&lastcursor=VXAh6wwoQW9ONHB1K1g4NWtES1VOT05ERTVOVEF3TkNsRFRqUXhPVFV3TURRPegH
2026-09-16T02:16:34Z	1	200	189365	e426cb0338c38dcc3dfdb75c691ec3b1e524ae5b73a7cdefe2f7f451cc1f23a6	https://api.tenders.gov.au/ocds/findByDates/contractPublished/2025-10-14T00:00:00Z/2025-10-21T00:00:00Z?cursor=VZGIClwoQW9ONHY5ZTc4cGtES1VOT05ERTVORFk1TXlsRFRqUXhPVFEyT1RNPZQK&prevcursor=VZFGoK4oQW9Od2hKclA4cGtES1VOT05ERTVORGM0TUNsRFRqUXhPVFEzT0RBPbAJ&lastcursor=VSzoJQ8oQW9Od3FxWFY4cGtES1VOT05ERTVORGc0TUNsRFRqUXhPVFE0T0RBPcwI
2026-09-16T02:16:36Z	1	200	187034	4c734afb8fdf92d6e04bf13a22cea53dfe51dc0e62d013143bdfa392b87c0be2	https://api.tenders.gov.au/ocds/findByDates/contractPublished/2025-10-14T00:00:00Z/2025-10-21T00:00:00Z?cursor=VYEfTQYoQW9ONDg3UzU4SmtES1VOT05ERTVORFU0TVNsRFRqUXhPVFExT0RFPfgK&prevcursor=VZGIClwoQW9ONHY5ZTc4cGtES1VOT05ERTVORFk1TXlsRFRqUXhPVFEyT1RNPZQK&lastcursor=VZFGoK4oQW9Od2hKclA4cGtES1VOT05ERTVORGM0TUNsRFRqUXhPVFEzT0RBPbAJ
2026-09-16T02:16:37Z	1	200	191408	60d28e699bce07e20702c4ad1cd5cb198835afda851dbf1e636d3febb8985132	https://api.tenders.gov.au/ocds/findByDates/contractPublished/2025-10-14T00:00:00Z/2025-10-21T00:00:00Z?cursor=VTIOcmIoQW9ONDNZeXQ4SmtES1VOT05ERTVORFF6TnlsRFRqUXhPVFEwTXpjPdwL&prevcursor=VYEfTQYoQW9ONDg3UzU4SmtES1VOT05ERTVORFU0TVNsRFRqUXhPVFExT0RFPfgK&lastcursor=VZGIClwoQW9ONHY5ZTc4cGtES1VOT05ERTVORFk1TXlsRFRqUXhPVFEyT1RNPZQK
2026-09-16T02:16:39Z	1	200	59215	af980ebc5227c35e7989a1b9cb668bf8b3d90227cd27424bd07ca11cadb8456c	https://api.tenders.gov.au/ocds/findByDates/contractPublished/2025-10-14T00:00:00Z/2025-10-21T00:00:00Z?cursor=Vcj_T7QwQW9Od3hzZVY4SmtETEVOT05ERTVORE0wTWkxQk1TeERUalF4T1RRek5ESXRRVEU9wAw&prevcursor=VTIOcmIoQW9ONDNZeXQ4SmtES1VOT05ERTVORFF6TnlsRFRqUXhPVFEwTXpjPdwL&lastcursor=VYEfTQYoQW9ONDg3UzU4SmtES1VOT05ERTVORFU0TVNsRFRqUXhPVFExT0RFPfgK
2026-09-16T02:16:39Z	1	200	656	502b7f84734252f484ed5445d66913478c77b8468996806becdb5141a3a7ff11	https://api.tenders.gov.au/ocds/findByDates/contractPublished/2025-10-14T00:00:00Z/2025-10-21T00:00:00Z?cursor=VVhrQLooQW9ONHpPeUI4SmtES1VOT05ERTVORE13TVNsRFRqUXhPVFF6TURFPd8M&prevcursor=Vcj_T7QwQW9Od3hzZVY4SmtETEVOT05ERTVORE0wTWkxQk1TeERUalF4T1RRek5ESXRRVEU9wAw&lastcursor=VTIOcmIoQW9ONDNZeXQ4SmtES1VOT05ERTVORFF6TnlsRFRqUXhPVFEwTXpjPdwL
2026-09-16T02:16:40Z	1	200	178978	19824ae50ccc2ecbdca21e3161b4129ffe0408d1f89f2c95ce69d983e759e0af	https://api.tenders.gov.au/ocds/findByDates/contractPublished/2025-10-21T00:00:00Z/2025-10-28T00:00:00Z
2026-09-16T02:16:41Z	1	200	177889	b28fd27df8111a843a3bf8181217e08489fb119f0940687381f24cf13d6817e5	https://api.tenders.gov.au/ocds/findByDates/contractPublished/2025-10-21T00:00:00Z/2025-10-28T00:00:00Z?cursor=VWla2iMoQW9OdzJQU2JrcG9ES1VOT05ERTVOemN3TUNsRFRqUXhPVGMzTURBPWQ&prevcursor=initial&lastcursor=initial
2026-09-16T02:16:42Z	1	200	182039	205a2d31fbb7059bedc81d6170ff337fc2a849459f0ce9d0df5359df24cd008f	https://api.tenders.gov.au/ocds/findByDates/contractPublished/2025-10-21T00:00:00Z/2025-10-28T00:00:00Z?cursor=VQUguM8oQW9ONDJOK2JrcG9ES1VOT05ERTVOell3TVNsRFRqUXhPVGMyTURFPcgB&prevcursor=VWla2iMoQW9OdzJQU2JrcG9ES1VOT05ERTVOemN3TUNsRFRqUXhPVGMzTURBPWQ&lastcursor=initial
2026-09-16T02:16:43Z	1	200	191560	942e05c329d7fd0da5df104d9e88a778cfa470c504f625d24b7298972b9c4fd8	https://api.tenders.gov.au/ocds/findByDates/contractPublished/2025-10-21T00:00:00Z/2025-10-28T00:00:00Z?cursor=VRofb8QoQW9Od3hzdUJrcG9ES1VOT05ERTVOelEzTVNsRFRqUXhPVGMwTnpFPawC&prevcursor=VQUguM8oQW9ONDJOK2JrcG9ES1VOT05ERTVOell3TVNsRFRqUXhPVGMyTURFPcgB&lastcursor=VWla2iMoQW9OdzJQU2JrcG9ES1VOT05ERTVOemN3TUNsRFRqUXhPVGMzTURBPWQ
2026-09-16T02:16:44Z	1	200	193505	1ab7a6218f54938e8ca30b0fb9514e3c7324e4e6aee1c1d89ffb45483e86740b	https://api.tenders.gov.au/ocds/findByDates/contractPublished/2025-10-21T00:00:00Z/2025-10-28T00:00:00Z?cursor=VTpIa-EoQW9ONDNmRDVrWm9ES1VOT05ERTVOek0wTlNsRFRqUXhPVGN6TkRVPZAD&prevcursor=VRofb8QoQW9Od3hzdUJrcG9ES1VOT05ERTVOelEzTVNsRFRqUXhPVGMwTnpFPawC&lastcursor=VQUguM8oQW9ONDJOK2JrcG9ES1VOT05ERTVOell3TVNsRFRqUXhPVGMyTURFPcgB
2026-09-16T02:16:46Z	1	200	188839	6145b0ae538ff9ed08c66b438b5acd2aeb4fc47911a2af517516ac5fbd09872e	https://api.tenders.gov.au/ocds/findByDates/contractPublished/2025-10-21T00:00:00Z/2025-10-28T00:00:00Z?cursor=VXZWEYkwQW9ONG9mR3NrWm9ETEVOT05ERTVOekV6TnkxQk1peERUalF4T1RjeE16Y3RRVEk99AM&prevcursor=VTpIa-EoQW9ONDNmRDVrWm9ES1VOT05ERTVOek0wTlNsRFRqUXhPVGN6TkRVPZAD&lastcursor=VRofb8QoQW9Od3hzdUJrcG9ES1VOT05ERTVOelEzTVNsRFRqUXhPVGMwTnpFPawC
2026-09-16T02:16:48Z	1	200	189648	831abe051fe3f598e9ad5170e4d52eff8a78daf0bc2571b5423cfc5c9218b458	https://api.tenders.gov.au/ocds/findByDates/contractPublished/2025-10-21T00:00:00Z/2025-10-28T00:00:00Z?cursor=VW5VhEgoQW9ONDlkeVZpcG9ES1VOT05ERTVOekF3TkNsRFRqUXhPVGN3TURRPdgE&prevcursor=VXZWEYkwQW9ONG9mR3NrWm9ETEVOT05ERTVOekV6TnkxQk1peERUalF4T1RjeE16Y3RRVEk99AM&lastcursor=VTpIa-EoQW9ONDNmRDVrWm9ES1VOT05ERTVOek0wTlNsRFRqUXhPVGN6TkRVPZAD
2026-09-16T02:16:49Z	1	200	188687	d193639dd88d4bf18ef7d3b3a7478d11c0354da4b6d3db08d4a39a99f12101b7	https://api.tenders.gov.au/ocds/findByDates/contractPublished/2025-10-21T00:00:00Z/2025-10-28T00:00:00Z?cursor=VWUpuTEoQW9ONDMvejNoNW9ES1VOT05ERTVOamd6TmlsRFRqUXhPVFk0TXpZPbwF&prevcursor=VW5VhEgoQW9ONDlkeVZpcG9ES1VOT05ERTVOekF3TkNsRFRqUXhPVGN3TURRPdgE&lastcursor=VXZWEYkwQW9ONG9mR3NrWm9ETEVOT05ERTVOekV6TnkxQk1peERUalF4T1RjeE16Y3RRVEk99AM
2026-09-16T02:16:51Z	1	200	197049	e2d1c03546e3a957a57b9e8b977608e69a21d66f76728509223d3cb1ae24ccbf	https://api.tenders.gov.au/ocds/findByDates/contractPublished/2025-10-21T00:00:00Z/2025-10-28T00:00:00Z?cursor=VZ6-kV8oQW9Od2lNVEhoNW9ES1VOT05ERTVOalkyTXlsRFRqUXhPVFkyTmpNPaAG&prevcursor=VWUpuTEoQW9ONDMvejNoNW9ES1VOT05ERTVOamd6TmlsRFRqUXhPVFk0TXpZPbwF&lastcursor=VW5VhEgoQW9ONDlkeVZpcG9ES1VOT05ERTVOekF3TkNsRFRqUXhPVGN3TURRPdgE
2026-09-16T02:16:52Z	1	200	184034	1a66fdb890ce6398ddc0f1d9bca8899ef3e5269bf2b62c5880e03243448c37e1	https://api.tenders.gov.au/ocds/findByDates/contractPublished/2025-10-21T00:00:00Z/2025-10-28T00:00:00Z?cursor=VQJ9C1YwQW9ONHlaV0poWm9ETEVOT05ERTVOalE1TlMxQk1TeERUalF4T1RZME9UVXRRVEU9hAc&prevcursor=VZ6-kV8oQW9Od2lNVEhoNW9ES1VOT05ERTVOalkyTXlsRFRqUXhPVFkyTmpNPaAG&lastcursor=VWUpuTEoQW9ONDMvejNoNW9ES1VOT05ERTVOamd6TmlsRFRqUXhPVFk0TXpZPbwF
2026-09-16T02:16:54Z	1	200	105441	62913fa468ec11664b7520b5703e33aef2b195228303397b8f4e4997789e07e8	https://api.tenders.gov.au/ocds/findByDates/contractPublished/2025-10-21T00:00:00Z/2025-10-28T00:00:00Z?cursor=VRYqdcgwQW9Od3FaYTRncG9ETEVOT05ERTVOakl6TmkxQk1TeERUalF4T1RZeU16WXRRVEU96Ac&prevcursor=VQJ9C1YwQW9ONHlaV0poWm9ETEVOT05ERTVOalE1TlMxQk1TeERUalF4T1RZME9UVXRRVEU9hAc&lastcursor=VZ6-kV8oQW9Od2lNVEhoNW9ES1VOT05ERTVOalkyTXlsRFRqUXhPVFkyTmpNPaAG
2026-09-16T02:16:55Z	1	200	667	db7cf1a48c1bad9c6af43a897dfa667cc884ade493c47b0d1596f1911dd8b693	https://api.tenders.gov.au/ocds/findByDates/contractPublished/2025-10-21T00:00:00Z/2025-10-28T00:00:00Z?cursor=VdyRoRgwQW9Od3J0U0hncG9ETEVOT05ERTVOakUzTUMxQk1TeERUalF4T1RZeE56QXRRVEU9oQg&prevcursor=VRYqdcgwQW9Od3FaYTRncG9ETEVOT05ERTVOakl6TmkxQk1TeERUalF4T1RZeU16WXRRVEU96Ac&lastcursor=VQJ9C1YwQW9ONHlaV0poWm9ETEVOT05ERTVOalE1TlMxQk1TeERUalF4T1RZME9UVXRRVEU9hAc
2026-09-16T02:16:56Z	1	200	184893	f349965139ac652c1b88a4e0cb70236b1b2ec07b2c1c82767cc9626d89e6c692	https://api.tenders.gov.au/ocds/findByDates/contractPublished/2025-10-28T00:00:00Z/2025-11-04T00:00:00Z
2026-09-16T02:16:57Z	1	200	185892	6e3ed388ea7487efd37f50b167c63cf95bcb0358f608055480ef50e5f2cee3b6	https://api.tenders.gov.au/ocds/findByDates/contractPublished/2025-10-28T00:00:00Z/2025-11-04T00:00:00Z?cursor=Va4RW3EoQW9ONHlwbnFwWm9ES1VOT05ERTVPVEEyTVNsRFRqUXhPVGt3TmpFPWQ&prevcursor=initial&lastcursor=initial
2026-09-16T02:16:58Z	1	200	187754	2734abfe81b00607604a6441bd25d97658e1a96dd469251a8befd8ff2a84f2da	https://api.tenders.gov.au/ocds/findByDates/contractPublished/2025-10-28T00:00:00Z/2025-11-04T00:00:00Z?cursor=VSp_-AUwQW9Od3RkUG1vNW9ETEVOT05ERTVPRGsxTmkxQk1TeERUalF4T1RnNU5UWXRRVEU9yAE&prevcursor=Va4RW3EoQW9ONHlwbnFwWm9ES1VOT05ERTVPVEEyTVNsRFRqUXhPVGt3TmpFPWQ&lastcursor=initial
2026-09-16T02:17:00Z	1	200	191566	6a62b51b3bc8638200a7030f5a043def948db4878d1bbd7c8799d2da3f5431ba	https://api.tenders.gov.au/ocds/findByDates/contractPublished/2025-10-28T00:00:00Z/2025-11-04T00:00:00Z?cursor=Va6Lv6EoQW9OdzViK3BuSm9ES1VOT05ERTVPRGd3TVNsRFRqUXhPVGc0TURFPawC&prevcursor=VSp_-AUwQW9Od3RkUG1vNW9ETEVOT05ERTVPRGsxTmkxQk1TeERUalF4T1RnNU5UWXRRVEU9yAE&lastcursor=Va4RW3EoQW9ONHlwbnFwWm9ES1VOT05ERTVPVEEyTVNsRFRqUXhPVGt3TmpFPWQ
2026-09-16T02:17:02Z	1	200	190138	facd8d0479f75fb4a92bb97f3132fca2d101d6427a9ffeb98fed6134369a64a1	https://api.tenders.gov.au/ocds/findByDates/contractPublished/2025-10-28T00:00:00Z/2025-11-04T00:00:00Z?cursor=VSEvIIUoQW9ONGo5eVVuSm9ES1VOT05ERTVPRGN3TnlsRFRqUXhPVGczTURjPZAD&prevcursor=Va6Lv6EoQW9OdzViK3BuSm9ES1VOT05ERTVPRGd3TVNsRFRqUXhPVGc0TURFPawC&lastcursor=VSp_-AUwQW9Od3RkUG1vNW9ETEVOT05ERTVPRGsxTmkxQk1TeERUalF4T1RnNU5UWXRRVEU9yAE
2026-09-16T02:17:03Z	1	200	187934	1fe3b6cc920dbd97d8ccb060b2a1f20f4a776ec58f76dc210a5f6f66fab0e9bc	https://api.tenders.gov.au/ocds/findByDates/contractPublished/2025-10-28T00:00:00Z/2025-11-04T00:00:00Z?cursor=VYtd-3IoQW9ONHRJYjFtNW9ES1VOT05ERTVPRFU0TWlsRFRqUXhPVGcxT0RJPfQD&prevcursor=VSEvIIUoQW9ONGo5eVVuSm9ES1VOT05ERTVPRGN3TnlsRFRqUXhPVGczTURjPZAD&lastcursor=Va6Lv6EoQW9OdzViK3BuSm9ES1VOT05ERTVPRGd3TVNsRFRqUXhPVGc0TURFPawC
2026-09-16T02:17:05Z	1	200	186710	bdcd184936836cdc0e9c297e131bfbd6872b00f730f0acaeb2bb0f408709df25	https://api.tenders.gov.au/ocds/findByDates/contractPublished/2025-10-28T00:00:00Z/2025-11-04T00:00:00Z?cursor=VaOZmd8wQW9ONCtlSFZtWm9ETEVOT05ERTVPRFF6TmkxQk1peERUalF4T1RnME16WXRRVEk92AQ&prevcursor=VYtd-3IoQW9ONHRJYjFtNW9ES1VOT05ERTVPRFU0TWlsRFRqUXhPVGcxT0RJPfQD&lastcursor=VSEvIIUoQW9ONGo5eVVuSm9ES1VOT05ERTVPRGN3TnlsRFRqUXhPVGczTURjPZAD
2026-09-16T02:17:06Z	1	200	185872	053840a85c77a71174cab993f1fe0f9c8966154cecbc2c5dac1921de59c784de	https://api.tenders.gov.au/ocds/findByDates/contractPublished/2025-10-28T00:00:00Z/2025-11-04T00:00:00Z?cursor=VZCslLMoQW9ONDNxcWRsNW9ES1VOT05ERTVPREU0TUNsRFRqUXhPVGd4T0RBPbwF&prevcursor=VaOZmd8wQW9ONCtlSFZtWm9ETEVOT05ERTVPRFF6TmkxQk1peERUalF4T1RnME16WXRRVEk92AQ&lastcursor=VYtd-3IoQW9ONHRJYjFtNW9ES1VOT05ERTVPRFU0TWlsRFRqUXhPVGcxT0RJPfQD
2026-09-16T02:17:08Z	1	200	189232	ae5055212914cee5ffff0339871c00c0868bb5f22899b0d0e724c8032f6943f5	https://api.tenders.gov.au/ocds/findByDates/contractPublished/2025-10-28T00:00:00Z/2025-11-04T00:00:00Z?cursor=VX_SLuMoQW9ONG40TzZsSm9ES1VOT05ERTVPREF4TXlsRFRqUXhPVGd3TVRNPaAG&prevcursor=VZCslLMoQW9ONDNxcWRsNW9ES1VOT05ERTVPREU0TUNsRFRqUXhPVGd4T0RBPbwF&lastcursor=VaOZmd8wQW9ONCtlSFZtWm9ETEVOT05ERTVPRFF6TmkxQk1peERUalF4T1RnME16WXRRVEk92AQ
2026-09-16T02:17:09Z	1	200	108426	c9f37b4f351d7cfcfb38af84a99f63dbc3975d927b20cc943e71622c6007e8f4	https://api.tenders.gov.au/ocds/findByDates/contractPublished/2025-10-28T00:00:00Z/2025-11-04T00:00:00Z?cursor=VQoJL0IoQW9ONHpMbWpsSm9ES1VOT05ERTVOemt3TkNsRFRqUXhPVGM1TURRPYQH&prevcursor=VX_SLuMoQW9ONG40TzZsSm9ES1VOT05ERTVPREF4TXlsRFRqUXhPVGd3TVRNPaAG&lastcursor=VZCslLMoQW9ONDNxcWRsNW9ES1VOT05ERTVPREU0TUNsRFRqUXhPVGd4T0RBPbwF
2026-09-16T02:17:10Z	1	200	645	8e09968e17404db024f9c8f7ca11666a71ec8c7ac02602d12f8c02d69838f38f	https://api.tenders.gov.au/ocds/findByDates/contractPublished/2025-10-28T00:00:00Z/2025-11-04T00:00:00Z?cursor=VQl1gYEwQW9ONDN0MlZsSm9ETEVOT05ERTVOemd6TVMxQk1TeERUalF4T1RjNE16RXRRVEU9vgc&prevcursor=VQoJL0IoQW9ONHpMbWpsSm9ES1VOT05ERTVOemt3TkNsRFRqUXhPVGM1TURRPYQH&lastcursor=VX_SLuMoQW9ONG40TzZsSm9ES1VOT05ERTVPREF4TXlsRFRqUXhPVGd3TVRNPaAG
2026-09-16T02:17:11Z	1	200	183715	92dff2d508e610cdc41d41db93ed0f91fa4be1ddaaaf7fc1ab28f973d6841811	https://api.tenders.gov.au/ocds/findByDates/contractPublished/2025-11-04T00:00:00Z/2025-11-11T00:00:00Z
2026-09-16T02:17:12Z	1	200	191632	cb39f659e0a7186aa36b3fa5203465150337ebfff8623b6e7259ccd7c63c519c	https://api.tenders.gov.au/ocds/findByDates/contractPublished/2025-11-04T00:00:00Z/2025-11-11T00:00:00Z?cursor=VRH7wF4oQW9ONHhPSDJ0Wm9ES1VOT05ESXdNRFkzTlNsRFRqUXlNREEyTnpVPWQ&prevcursor=initial&lastcursor=initial
2026-09-16T02:17:13Z	1	200	190807	1d4466cda9f8150c71d27c50d595a8a93983943f4ac9d8fee2b7a34d9c52d33f	https://api.tenders.gov.au/ocds/findByDates/contractPublished/2025-11-04T00:00:00Z/2025-11-11T00:00:00Z?cursor=VWC4Ws0oQW9Ody85WEtycG9ES1VOT05ESXdNRFUxTWlsRFRqUXlNREExTlRJPcgB&prevcursor=VRH7wF4oQW9ONHhPSDJ0Wm9ES1VOT05ESXdNRFkzTlNsRFRqUXlNREEyTnpVPWQ&lastcursor=initial
2026-09-16T02:17:15Z	1	200	192513	5ffb395d8363b9a6281d0ff5445253cb288649c851fb07d3599faf2c92b24d5c	https://api.tenders.gov.au/ocds/findByDates/contractPublished/2025-11-04T00:00:00Z/2025-11-11T00:00:00Z?cursor=VUjtm3AoQW9ONHc2T0hycG9ES1VOT05ESXdNRE01TnlsRFRqUXlNREF6T1RjPawC&prevcursor=VWC4Ws0oQW9Ody85WEtycG9ES1VOT05ESXdNRFUxTWlsRFRqUXlNREExTlRJPcgB&lastcursor=VRH7wF4oQW9ONHhPSDJ0Wm9ES1VOT05ESXdNRFkzTlNsRFRqUXlNREEyTnpVPWQ
2026-09-16T02:17:16Z	1	200	191625	25a36c514878f47d68607335afad2dc30001572c9df9a466de1d287c9cc7d5ae	https://api.tenders.gov.au/ocds/findByDates/contractPublished/2025-11-04T00:00:00Z/2025-11-11T00:00:00Z?cursor=VULnEmAwQW9ONDk5ZmlyWm9ETEVOT05ESXdNREk1TUMxQk5DeERUalF5TURBeU9UQXRRVFE9kAM&prevcursor=VUjtm3AoQW9ONHc2T0hycG9ES1VOT05ESXdNRE01TnlsRFRqUXlNREF6T1RjPawC&lastcursor=VWC4Ws0oQW9Ody85WEtycG9ES1VOT05ESXdNRFUxTWlsRFRqUXlNREExTlRJPcgB
2026-09-16T02:17:18Z	1	200	185632	59088584203f9096c24b264529092f00d887181ccce6e50fee07139330017456	https://api.tenders.gov.au/ocds/findByDates/contractPublished/2025-11-04T00:00:00Z/2025-11-11T00:00:00Z?cursor=VQ-8wMkoQW9Od3hMUFhxNW9ES1VOT05ESXdNREU0TUNsRFRqUXlNREF4T0RBPfQD&prevcursor=VULnEmAwQW9ONDk5ZmlyWm9ETEVOT05ESXdNREk1TUMxQk5DeERUalF5TURBeU9UQXRRVFE9kAM&lastcursor=VUjtm3AoQW9ONHc2T0hycG9ES1VOT05ESXdNRE01TnlsRFRqUXlNREF6T1RjPawC
2026-09-16T02:17:19Z	1	200	192062	83a21f4de455218a3efb8afea9d764fb9de0b60cb49e5874952acb5e41316057	https://api.tenders.gov.au/ocds/findByDates/contractPublished/2025-11-04T00:00:00Z/2025-11-11T00:00:00Z?cursor=VUv_mScoQW9Od2x0NnlxNW9ES1VOT05ESXdNREEyTkNsRFRqUXlNREF3TmpRPdgE&prevcursor=VQ-8wMkoQW9Od3hMUFhxNW9ES1VOT05ESXdNREU0TUNsRFRqUXlNREF4T0RBPfQD&lastcursor=VULnEmAwQW9ONDk5ZmlyWm9ETEVOT05ESXdNREk1TUMxQk5DeERUalF5TURBeU9UQXRRVFE9kAM
2026-09-16T02:17:20Z	1	200	190212	98186f96d636252045ef0965ecf98122b13993122a4645e1f10099f18476476a	https://api.tenders.gov.au/ocds/findByDates/contractPublished/2025-11-04T00:00:00Z/2025-11-11T00:00:00Z?cursor=VeLZAu4oQW9ONDQrNnJxNW9ES1VOT05ERTVPVGszTkNsRFRqUXhPVGs1TnpRPbwF&prevcursor=VUv_mScoQW9Od2x0NnlxNW9ES1VOT05ESXdNREEyTkNsRFRqUXlNREF3TmpRPdgE&lastcursor=VQ-8wMkoQW9Od3hMUFhxNW9ES1VOT05ESXdNREU0TUNsRFRqUXlNREF4T0RBPfQD
2026-09-16T02:17:22Z	1	200	188792	a9968c423500a3589ccf3685d8fe42ae2a07dcaea0cb184941c7bf747fc8644b	https://api.tenders.gov.au/ocds/findByDates/contractPublished/2025-11-04T00:00:00Z/2025-11-11T00:00:00Z?cursor=VUpBXPk0QW9ONGxMYUJxNW9ETFVOT05ERTVPVGcxT1MxQk1UVXRRMDQwTVRrNU9EVTVMVUV4TlE9PaAG&prevcursor=VeLZAu4oQW9ONDQrNnJxNW9ES1VOT05ERTVPVGszTkNsRFRqUXhPVGs1TnpRPbwF&lastcursor=VUv_mScoQW9Od2x0NnlxNW9ES1VOT05ESXdNREEyTkNsRFRqUXlNREF3TmpRPdgE
2026-09-16T02:17:23Z	1	200	185582	4f03fbb1c3352e852b58d08ea1bf875a42da0356e38d42dc6deeeb41273941a6	https://api.tenders.gov.au/ocds/findByDates/contractPublished/2025-11-04T00:00:00Z/2025-11-11T00:00:00Z?cursor=VQ4ukXQoQW9Od3Q4NlFxWm9ES1VOT05ERTVPVGN6TkNsRFRqUXhPVGszTXpRPYQH&prevcursor=VUpBXPk0QW9ONGxMYUJxNW9ETFVOT05ERTVPVGcxT1MxQk1UVXRRMDQwTVRrNU9EVTVMVUV4TlE9PaAG&lastcursor=VeLZAu4oQW9ONDQrNnJxNW9ES1VOT05ERTVPVGszTkNsRFRqUXhPVGs1TnpRPbwF
2026-09-16T02:17:25Z	1	200	189820	feb2d3db742c7444cc6fdc234d417474b14c69833d477d27229c444e3927e33a	https://api.tenders.gov.au/ocds/findByDates/contractPublished/2025-11-04T00:00:00Z/2025-11-11T00:00:00Z?cursor=VZAfzXooQW9OdzRaTFNwcG9ES1VOT05ERTVPVFV5TmlsRFRqUXhPVGsxTWpZPegH&prevcursor=VQ4ukXQoQW9Od3Q4NlFxWm9ES1VOT05ERTVPVGN6TkNsRFRqUXhPVGszTXpRPYQH&lastcursor=VUpBXPk0QW9ONGxMYUJxNW9ETFVOT05ERTVPVGcxT1MxQk1UVXRRMDQwTVRrNU9EVTVMVUV4TlE9PaAG
2026-09-16T02:17:27Z	1	200	193042	79d4075f24203e94f8e3aeec2f488ef6010f5b66f41531115f280db698d98ade	https://api.tenders.gov.au/ocds/findByDates/contractPublished/2025-11-04T00:00:00Z/2025-11-11T00:00:00Z?cursor=VajQ-qAoQW9Od2tOSEdwcG9ES1VOT05ERTVPVFF4TXlsRFRqUXhPVGswTVRNPcwI&prevcursor=VZAfzXooQW9OdzRaTFNwcG9ES1VOT05ERTVPVFV5TmlsRFRqUXhPVGsxTWpZPegH&lastcursor=VQ4ukXQoQW9Od3Q4NlFxWm9ES1VOT05ERTVPVGN6TkNsRFRqUXhPVGszTXpRPYQH
2026-09-16T02:17:29Z	1	200	188295	589fe1ba9ac8584579271334e1581088c4d8bb1f53d101a882378e8c52ccc40b	https://api.tenders.gov.au/ocds/findByDates/contractPublished/2025-11-04T00:00:00Z/2025-11-11T00:00:00Z?cursor=Vap_GhEoQW9ONHNiSEdwcG9ES1VOT05ERTVPVE15TkNsRFRqUXhPVGt6TWpRPbAJ&prevcursor=VajQ-qAoQW9Od2tOSEdwcG9ES1VOT05ERTVPVFF4TXlsRFRqUXhPVGswTVRNPcwI&lastcursor=VZAfzXooQW9OdzRaTFNwcG9ES1VOT05ERTVPVFV5TmlsRFRqUXhPVGsxTWpZPegH
2026-09-16T02:17:30Z	1	200	71804	35a3da5302cb34cac1ac562b17faaf0814203df0adc726a299a57550d950d0f9	https://api.tenders.gov.au/ocds/findByDates/contractPublished/2025-11-04T00:00:00Z/2025-11-11T00:00:00Z?cursor=VSdfLLsoQW9ONC9yYWdwcG9ES1VOT05ERTVPVEU1T1NsRFRqUXhPVGt4T1RrPZQK&prevcursor=Vap_GhEoQW9ONHNiSEdwcG9ES1VOT05ERTVPVE15TkNsRFRqUXhPVGt6TWpRPbAJ&lastcursor=VajQ-qAoQW9Od2tOSEdwcG9ES1VOT05ERTVPVFF4TXlsRFRqUXhPVGswTVRNPcwI
2026-09-16T02:17:31Z	1	200	645	2466c3b00984141ed03b06633240cb9105f31cba5589cb7ac06d20793126382d	https://api.tenders.gov.au/ocds/findByDates/contractPublished/2025-11-04T00:00:00Z/2025-11-11T00:00:00Z?cursor=Vf9WTJkwQW9ONHc5K0xwcG9ETEVOT05ERTVPVEUyTUMxQk1peERUalF4T1RreE5qQXRRVEk9ugo&prevcursor=VSdfLLsoQW9ONC9yYWdwcG9ES1VOT05ERTVPVEU1T1NsRFRqUXhPVGt4T1RrPZQK&lastcursor=Vap_GhEoQW9ONHNiSEdwcG9ES1VOT05ERTVPVE15TkNsRFRqUXhPVGt6TWpRPbAJ
2026-09-16T02:17:31Z	1	200	185960	d93d84a4b0ba0fdeb3ba6980d5869e968a635b31b3cf71cf5f77a846954917f3	https://api.tenders.gov.au/ocds/findByDates/contractPublished/2025-11-11T00:00:00Z/2025-11-18T00:00:00Z
2026-09-16T02:17:33Z	1	200	188315	6f945ae339ea543a6d2b39be3bffa92c930ea302b258e54fda862575357ff3a3	https://api.tenders.gov.au/ocds/findByDates/contractPublished/2025-11-11T00:00:00Z/2025-11-18T00:00:00Z?cursor=VV1ccrAoQW9ONDBLNmp5Sm9ES1VOT05ESXdNakl3TVNsRFRqUXlNREl5TURFPWQ&prevcursor=initial&lastcursor=initial
2026-09-16T02:17:34Z	1	200	187272	5d1a5c299ef8d922050760cf888a0f01908bc30f6ef3efafa06f36d7c61ff92b	https://api.tenders.gov.au/ocds/findByDates/contractPublished/2025-11-11T00:00:00Z/2025-11-18T00:00:00Z?cursor=VUmjiEwoQW9Od3ZJQ0V5Sm9ES1VOT05ESXdNakE0TXlsRFRqUXlNREl3T0RNPcgB&prevcursor=VV1ccrAoQW9ONDBLNmp5Sm9ES1VOT05ESXdNakl3TVNsRFRqUXlNREl5TURFPWQ&lastcursor=initial
2026-09-16T02:17:36Z	1	200	187878	d633ad737e4682d03bbb9d57fdbc95e03e08dd5340794d9458c41d866985bca7	https://api.tenders.gov.au/ocds/findByDates/contractPublished/2025-11-11T00:00:00Z/2025-11-18T00:00:00Z?cursor=VSB4UiwoQW9Od3pycmF3Sm9ES1VOT05ESXdNVGswTlNsRFRqUXlNREU1TkRVPawC&prevcursor=VUmjiEwoQW9Od3ZJQ0V5Sm9ES1VOT05ESXdNakE0TXlsRFRqUXlNREl3T0RNPcgB&lastcursor=VV1ccrAoQW9ONDBLNmp5Sm9ES1VOT05ESXdNakl3TVNsRFRqUXlNREl5TURFPWQ
2026-09-16T02:17:37Z	1	200	193898	8d1f2d6aa88f68fbe4918196e98827287f79b1f1872b4ad5551b4f2320245540	https://api.tenders.gov.au/ocds/findByDates/contractPublished/2025-11-11T00:00:00Z/2025-11-18T00:00:00Z?cursor=VYG6xRAoQW9ONDk1eVR3Sm9ES1VOT05ESXdNVGd5TlNsRFRqUXlNREU0TWpVPZAD&prevcursor=VSB4UiwoQW9Od3pycmF3Sm9ES1VOT05ESXdNVGswTlNsRFRqUXlNREU1TkRVPawC&lastcursor=VUmjiEwoQW9Od3ZJQ0V5Sm9ES1VOT05ESXdNakE0TXlsRFRqUXlNREl3T0RNPcgB
2026-09-16T02:17:38Z	1	200	192610	2f394bf97749ccdc640334075d200493ac21caf3847454cb82d3895c19807857	https://api.tenders.gov.au/ocds/findByDates/contractPublished/2025-11-11T00:00:00Z/2025-11-18T00:00:00Z?cursor=VRUEbCwoQW9ONHg4R013Sm9ES1VOT05ESXdNVGN6TUNsRFRqUXlNREUzTXpBPfQD&prevcursor=VYG6xRAoQW9ONDk1eVR3Sm9ES1VOT05ESXdNVGd5TlNsRFRqUXlNREU0TWpVPZAD&lastcursor=VSB4UiwoQW9Od3pycmF3Sm9ES1VOT05ESXdNVGswTlNsRFRqUXlNREU1TkRVPawC
2026-09-16T02:17:40Z	1	200	187322	096e8fa0691ea7b8c8d382a90308bb0637ca2f00a78fd7d9c9705e8410d55e8c	https://api.tenders.gov.au/ocds/findByDates/contractPublished/2025-11-11T00:00:00Z/2025-11-18T00:00:00Z?cursor=VZD3LGYwQW9Od3lxckh2NW9ETEVOT05ESXdNVFU0TlMxQk15eERUalF5TURFMU9EVXRRVE092AQ&prevcursor=VRUEbCwoQW9ONHg4R013Sm9ES1VOT05ESXdNVGN6TUNsRFRqUXlNREUzTXpBPfQD&lastcursor=VYG6xRAoQW9ONDk1eVR3Sm9ES1VOT05ESXdNVGd5TlNsRFRqUXlNREU0TWpVPZAD
2026-09-16T02:17:42Z	1	200	188441	fc15fe832b87096a20d60635effe639521e9a033bb54dbdf3df28eaf075551e7	https://api.tenders.gov.au/ocds/findByDates/contractPublished/2025-11-11T00:00:00Z/2025-11-18T00:00:00Z?cursor=VSXvdjQoQW9Od2s3UzB2Wm9ES1VOT05ESXdNVFEyTnlsRFRqUXlNREUwTmpjPbwF&prevcursor=VZD3LGYwQW9Od3lxckh2NW9ETEVOT05ESXdNVFU0TlMxQk15eERUalF5TURFMU9EVXRRVE092AQ&lastcursor=VRUEbCwoQW9ONHg4R013Sm9ES1VOT05ESXdNVGN6TUNsRFRqUXlNREUzTXpBPfQD
2026-09-16T02:17:43Z	1	200	187337	608750cb80b65ec4a358ea2274e9dc82a6667d7271c47f2832c9c1da3be06242	https://api.tenders.gov.au/ocds/findByDates/contractPublished/2025-11-11T00:00:00Z/2025-11-18T00:00:00Z?cursor=VeK-6WwwQW9ONHY4ZU11NW9ETEVOT05ESXdNVEk0TmkxQk1TeERUalF5TURFeU9EWXRRVEU9oAY&prevcursor=VSXvdjQoQW9Od2s3UzB2Wm9ES1VOT05ESXdNVFEyTnlsRFRqUXlNREUwTmpjPbwF&lastcursor=VZD3LGYwQW9Od3lxckh2NW9ETEVOT05ESXdNVFU0TlMxQk15eERUalF5TURFMU9EVXRRVE092AQ
2026-09-16T02:17:45Z	1	200	187704	45bbdaea6741086aa20a6c83b17e9cc89dbde6ec6e655b4a59bb54387d891742	https://api.tenders.gov.au/ocds/findByDates/contractPublished/2025-11-11T00:00:00Z/2025-11-18T00:00:00Z?cursor=VWsBgvIoQW9Od3F1Zmh1cG9ES1VOT05ESXdNVEUzT1NsRFRqUXlNREV4TnprPYQH&prevcursor=VeK-6WwwQW9ONHY4ZU11NW9ETEVOT05ESXdNVEk0TmkxQk1TeERUalF5TURFeU9EWXRRVEU9oAY&lastcursor=VSXvdjQoQW9Od2s3UzB2Wm9ES1VOT05ESXdNVFEyTnlsRFRqUXlNREUwTmpjPbwF
2026-09-16T02:17:46Z	1	200	190766	0f17cc77fdff8b362aa224042193c262e3586b966ee98e763f89d6b8f9573f21	https://api.tenders.gov.au/ocds/findByDates/contractPublished/2025-11-11T00:00:00Z/2025-11-18T00:00:00Z?cursor=VQ1ULM0oQW9ONHkrald1cG9ES1VOT05ESXdNVEEwTmlsRFRqUXlNREV3TkRZPegH&prevcursor=VWsBgvIoQW9Od3F1Zmh1cG9ES1VOT05ESXdNVEUzT1NsRFRqUXlNREV4TnprPYQH&lastcursor=VeK-6WwwQW9ONHY4ZU11NW9ETEVOT05ESXdNVEk0TmkxQk1TeERUalF5TURFeU9EWXRRVEU9oAY
2026-09-16T02:17:48Z	1	200	113325	502fe8326c45fac2311240ac2f28fae7da94622ff910b048a24d0ca650dd9ef6	https://api.tenders.gov.au/ocds/findByDates/contractPublished/2025-11-11T00:00:00Z/2025-11-18T00:00:00Z?cursor=Ve6w47ooQW9Od3BzWFh1Sm9ES1VOT05ESXdNRGt3TnlsRFRqUXlNREE1TURjPcwI&prevcursor=VQ1ULM0oQW9ONHkrald1cG9ES1VOT05ESXdNVEEwTmlsRFRqUXlNREV3TkRZPegH&lastcursor=VWsBgvIoQW9Od3F1Zmh1cG9ES1VOT05ESXdNVEUzT1NsRFRqUXlNREV4TnprPYQH
2026-09-16T02:17:49Z	1	200	645	9429282fed5a1d66a330e9b87fb569a28b2af00d9a04177a4785f3a96725aa17	https://api.tenders.gov.au/ocds/findByDates/contractPublished/2025-11-11T00:00:00Z/2025-11-18T00:00:00Z?cursor=VXlVnsIoQW9ONHF0MlF1Sm9ES1VOT05ESXdNRGd5TUNsRFRqUXlNREE0TWpBPYgJ&prevcursor=Ve6w47ooQW9Od3BzWFh1Sm9ES1VOT05ESXdNRGt3TnlsRFRqUXlNREE1TURjPcwI&lastcursor=VQ1ULM0oQW9ONHkrald1cG9ES1VOT05ESXdNVEEwTmlsRFRqUXlNREV3TkRZPegH
2026-09-16T02:17:50Z	1	200	186699	8d759930a2dbfc5aa1f85ffc27b934f6c5af1442d9cda33e56375351995c2567	https://api.tenders.gov.au/ocds/findByDates/contractPublished/2025-11-18T00:00:00Z/2025-11-25T00:00:00Z
2026-09-16T02:17:51Z	1	200	186726	6bf55525092a1ffbe58c0a87728b4651890767c28330aeb9ebc8c8b5671ff296	https://api.tenders.gov.au/ocds/findByDates/contractPublished/2025-11-18T00:00:00Z/2025-11-25T00:00:00Z?cursor=VfMpNFgoQW9Ody9hWHMyNW9ES1VOT05ESXdNemd6TkNsRFRqUXlNRE00TXpRPWQ&prevcursor=initial&lastcursor=initial
2026-09-16T02:17:53Z	1	200	185246	c3b1358e94961b1afaec3258ded0313e633d029b2f2152854b713b959c9d7a21	https://api.tenders.gov.au/ocds/findByDates/contractPublished/2025-11-18T00:00:00Z/2025-11-25T00:00:00Z?cursor=VdY22XMwQW9OdzZOMjQyWm9ETEVOT05ESXdNelk0TVMxQk1TeERUalF5TURNMk9ERXRRVEU9yAE&prevcursor=VfMpNFgoQW9Ody9hWHMyNW9ES1VOT05ESXdNemd6TkNsRFRqUXlNRE00TXpRPWQ&lastcursor=initial
2026-09-16T02:17:54Z	1	200	192618	58dfca6c87c3079d962eed56b094eee749252831f76a9fd8b5e35178b42a9d12	https://api.tenders.gov.au/ocds/findByDates/contractPublished/2025-11-18T00:00:00Z/2025-11-25T00:00:00Z?cursor=VXPwdXgoQW9Od21aT3AwcG9ES1VOT05ESXdNelV5TlNsRFRqUXlNRE0xTWpVPawC&prevcursor=VdY22XMwQW9OdzZOMjQyWm9ETEVOT05ESXdNelk0TVMxQk1TeERUalF5TURNMk9ERXRRVEU9yAE&lastcursor=VfMpNFgoQW9Ody9hWHMyNW9ES1VOT05ESXdNemd6TkNsRFRqUXlNRE00TXpRPWQ
2026-09-16T02:17:56Z	1	200	193822	dbf96ee04015bc2c5283aa2ffab9f53384dbe00bb2767f3eaa165882aa1f9cf5	https://api.tenders.gov.au/ocds/findByDates/contractPublished/2025-11-18T00:00:00Z/2025-11-25T00:00:00Z?cursor=VTToJMswQW9ONDg4M2IwWm9ETEVOT05ESXdNek14TWkxQk1TeERUalF5TURNek1USXRRVEU9kAM&prevcursor=VXPwdXgoQW9Od21aT3AwcG9ES1VOT05ESXdNelV5TlNsRFRqUXlNRE0xTWpVPawC&lastcursor=VdY22XMwQW9OdzZOMjQyWm9ETEVOT05ESXdNelk0TVMxQk1TeERUalF5TURNMk9ERXRRVEU9yAE
2026-09-16T02:17:58Z	1	200	187869	03c459253bf6e45d858d2fe93d61e473d9ed85dc7f24a302ee2097537e138764	https://api.tenders.gov.au/ocds/findByDates/contractPublished/2025-11-18T00:00:00Z/2025-11-25T00:00:00Z?cursor=VSFcSKgoQW9ONHArRHh6NW9ES1VOT05ESXdNakF5TVNsRFRqUXlNREl3TWpFPfQD&prevcursor=VTToJMswQW9ONDg4M2IwWm9ETEVOT05ESXdNek14TWkxQk1TeERUalF5TURNek1USXRRVEU9kAM&lastcursor=VXPwdXgoQW9Od21aT3AwcG9ES1VOT05ESXdNelV5TlNsRFRqUXlNRE0xTWpVPawC
2026-09-16T02:17:59Z	1	200	187943	ec278501a50432cbf3c8ae22d297df43abc481f35947b105bb10d00359162fc2	https://api.tenders.gov.au/ocds/findByDates/contractPublished/2025-11-18T00:00:00Z/2025-11-25T00:00:00Z?cursor=VY409osoQW9ONDZONmx6NW9ES1VOT05ESXdNekE1TWlsRFRqUXlNRE13T1RJPdgE&prevcursor=VSFcSKgoQW9ONHArRHh6NW9ES1VOT05ESXdNakF5TVNsRFRqUXlNREl3TWpFPfQD&lastcursor=VTToJMswQW9ONDg4M2IwWm9ETEVOT05ESXdNek14TWkxQk1TeERUalF5TURNek1USXRRVEU9kAM
2026-09-16T02:18:00Z	1	200	188854	1723c385d49a33481226aab9f804b32ed0e8b8c0ca206f3bd5411b2b7443674c	https://api.tenders.gov.au/ocds/findByDates/contractPublished/2025-11-18T00:00:00Z/2025-11-25T00:00:00Z?cursor=VZ9VZrEoQW9OdytNU2x6NW9ES1VOT05ESXdNams1T1NsRFRqUXlNREk1T1RrPbwF&prevcursor=VY409osoQW9ONDZONmx6NW9ES1VOT05ESXdNekE1TWlsRFRqUXlNRE13T1RJPdgE&lastcursor=VSFcSKgoQW9ONHArRHh6NW9ES1VOT05ESXdNakF5TVNsRFRqUXlNREl3TWpFPfQD
2026-09-16T02:18:01Z	1	200	190670	32505339ea3b58ceccfb7cac0f84541106b7b8aacdccadbe3169d30e0f3e05cd	https://api.tenders.gov.au/ocds/findByDates/contractPublished/2025-11-18T00:00:00Z/2025-11-25T00:00:00Z?cursor=VSSY18IoQW9Od3lZcUd6NW9ES1VOT05ESXdNamc0TXlsRFRqUXlNREk0T0RNPaAG&prevcursor=VZ9VZrEoQW9OdytNU2x6NW9ES1VOT05ESXdNams1T1NsRFRqUXlNREk1T1RrPbwF&lastcursor=VY409osoQW9ONDZONmx6NW9ES1VOT05ESXdNekE1TWlsRFRqUXlNRE13T1RJPdgE
2026-09-16T02:18:03Z	1	200	184114	5d3f3a8d3e1b3e0e227a0df5cfec8cf203ba1d9368d6be28e6870e57fa8d88c5	https://api.tenders.gov.au/ocds/findByDates/contractPublished/2025-11-18T00:00:00Z/2025-11-25T00:00:00Z?cursor=VRC2CyYoQW9Od3N0eVB6Wm9ES1VOT05ESXdNamMyTlNsRFRqUXlNREkzTmpVPYQH&prevcursor=VSSY18IoQW9Od3lZcUd6NW9ES1VOT05ESXdNamc0TXlsRFRqUXlNREk0T0RNPaAG&lastcursor=VZ9VZrEoQW9OdytNU2x6NW9ES1VOT05ESXdNams1T1NsRFRqUXlNREk1T1RrPbwF
2026-09-16T02:18:04Z	1	200	192229	8d7990207ae5202cd99f3eab76112025bfcc1ada16e2c31b430ae888c17fd673	https://api.tenders.gov.au/ocds/findByDates/contractPublished/2025-11-18T00:00:00Z/2025-11-25T00:00:00Z?cursor=VfpibMkoQW9ONG9kclR6Sm9ES1VOT05ESXdNalkwTkNsRFRqUXlNREkyTkRRPegH&prevcursor=VRC2CyYoQW9Od3N0eVB6Wm9ES1VOT05ESXdNamMyTlNsRFRqUXlNREkzTmpVPYQH&lastcursor=VSSY18IoQW9Od3lZcUd6NW9ES1VOT05ESXdNamc0TXlsRFRqUXlNREk0T0RNPaAG
2026-09-16T02:18:06Z	1	200	190555	701f4fcc8cfd493cf0220c88d95b351c4f34174bc06057c01e455c0ae19c6b49	https://api.tenders.gov.au/ocds/findByDates/contractPublished/2025-11-18T00:00:00Z/2025-11-25T00:00:00Z?cursor=Vd89aAYoQW9ONHFZVFp5cG9ES1VOT05ESXdNalE0TkNsRFRqUXlNREkwT0RRPcwI&prevcursor=VfpibMkoQW9ONG9kclR6Sm9ES1VOT05ESXdNalkwTkNsRFRqUXlNREkyTkRRPegH&lastcursor=VRC2CyYoQW9Od3N0eVB6Wm9ES1VOT05ESXdNamMyTlNsRFRqUXlNREkzTmpVPYQH
2026-09-16T02:18:07Z	1	200	4928	93c3ea8321950c14e266ed56b6bfdad03512b04265b6d99fab79729d517fcc15	https://api.tenders.gov.au/ocds/findByDates/contractPublished/2025-11-18T00:00:00Z/2025-11-25T00:00:00Z?cursor=VSY5CHYoQW9ONDVwaVV5cG9ES1VOT05ESXdNak16TWlsRFRqUXlNREl6TXpJPbAJ&prevcursor=Vd89aAYoQW9ONHFZVFp5cG9ES1VOT05ESXdNalE0TkNsRFRqUXlNREkwT0RRPcwI&lastcursor=VfpibMkoQW9ONG9kclR6Sm9ES1VOT05ESXdNalkwTkNsRFRqUXlNREkyTkRRPegH
2026-09-16T02:18:08Z	1	200	645	e4285f84f4f25c8f8c0c383104535cfb1cb35f33914296a67a7a6bbd9f403272	https://api.tenders.gov.au/ocds/findByDates/contractPublished/2025-11-18T00:00:00Z/2025-11-25T00:00:00Z?cursor=Vbfc5qAwQW9ONDZaMlN5cG9ETEVOT05ESXdNak16TVMxQk1TeERUalF5TURJek16RXRRVEU9sgk&prevcursor=VSY5CHYoQW9ONDVwaVV5cG9ES1VOT05ESXdNak16TWlsRFRqUXlNREl6TXpJPbAJ&lastcursor=Vd89aAYoQW9ONHFZVFp5cG9ES1VOT05ESXdNalE0TkNsRFRqUXlNREkwT0RRPcwI
2026-09-16T02:18:08Z	1	200	190720	14a9de8f8a42a5cccb9947470ceae99adc864b4319282bace6affdd83563f545	https://api.tenders.gov.au/ocds/findByDates/contractPublished/2025-11-25T00:00:00Z/2025-12-02T00:00:00Z
2026-09-16T02:18:10Z	1	200	188090	27f90466cb7e01c020807eabad0a0c0bd651a8c9801cd7b954ea30babc3c3ecb	https://api.tenders.gov.au/ocds/findByDates/contractPublished/2025-11-25T00:00:00Z/2025-12-02T00:00:00Z?cursor=VcXsv1koQW9Ody9vV003Sm9ES1VOT05ESXdOVE16T1NsRFRqUXlNRFV6TXprPWQ&prevcursor=initial&lastcursor=initial
2026-09-16T02:18:11Z	1	200	189948	8309b11a9e59666cd288c34a0b51ba3ecf32967ea881754f40f91e82e6d4fd4e	https://api.tenders.gov.au/ocds/findByDates/contractPublished/2025-11-25T00:00:00Z/2025-12-02T00:00:00Z?cursor=VZtAh8koQW9Od29iT0g3Sm9ES1VOT05ESXdOVEkwTUNsRFRqUXlNRFV5TkRBPcgB&prevcursor=VcXsv1koQW9Ody9vV003Sm9ES1VOT05ESXdOVE16T1NsRFRqUXlNRFV6TXprPWQ&lastcursor=initial
2026-09-16T02:18:13Z	1	200	187201	db460b511638760744331c29188ce5bd67f8fa230c985a607b3a983ecd0bede7	https://api.tenders.gov.au/ocds/findByDates/contractPublished/2025-11-25T00:00:00Z/2025-12-02T00:00:00Z?cursor=VVYGbp8oQW9Od2tKelo2NW9ES1VOT05ESXdOVEV3T1NsRFRqUXlNRFV4TURrPawC&prevcursor=VZtAh8koQW9Od29iT0g3Sm9ES1VOT05ESXdOVEkwTUNsRFRqUXlNRFV5TkRBPcgB&lastcursor=VcXsv1koQW9Ody9vV003Sm9ES1VOT05ESXdOVE16T1NsRFRqUXlNRFV6TXprPWQ
2026-09-16T02:18:14Z	1	200	187369	ceb03185dd22b93bd7e0522e4db204a914a46a29497fdddb0ccf68ac864510af	https://api.tenders.gov.au/ocds/findByDates/contractPublished/2025-11-25T00:00:00Z/2025-12-02T00:00:00Z?cursor=VSOzR0woQW9Od3ZkWE41NW9ES1VOT05ESXdOVEF5TXlsRFRqUXlNRFV3TWpNPZAD&prevcursor=VVYGbp8oQW9Od2tKelo2NW9ES1VOT05ESXdOVEV3T1NsRFRqUXlNRFV4TURrPawC&lastcursor=VZtAh8koQW9Od29iT0g3Sm9ES1VOT05ESXdOVEkwTUNsRFRqUXlNRFV5TkRBPcgB
2026-09-16T02:18:15Z	1	200	190446	8ae4faee8026d416d9a5aced6ac868dc9ce92b33da47956518578a1f9106eb2a	https://api.tenders.gov.au/ocds/findByDates/contractPublished/2025-11-25T00:00:00Z/2025-12-02T00:00:00Z?cursor=VQm4Yq8oQW9ONDROT3c1Sm9ES1VOT05ESXdORGc1TVNsRFRqUXlNRFE0T1RFPfQD&prevcursor=VSOzR0woQW9Od3ZkWE41NW9ES1VOT05ESXdOVEF5TXlsRFRqUXlNRFV3TWpNPZAD&lastcursor=VVYGbp8oQW9Od2tKelo2NW9ES1VOT05ESXdOVEV3T1NsRFRqUXlNRFV4TURrPawC
2026-09-16T02:18:17Z	1	200	188767	38c193d7fc05e67d87d357a46c8d66527bf8de3d9c6c1eafd802fea20e65d951	https://api.tenders.gov.au/ocds/findByDates/contractPublished/2025-11-25T00:00:00Z/2025-12-02T00:00:00Z?cursor=VVSnS_8oQW9Od3FJZWY1Sm9ES1VOT05ESXdORGMzTWlsRFRqUXlNRFEzTnpJPdgE&prevcursor=VQm4Yq8oQW9ONDROT3c1Sm9ES1VOT05ESXdORGc1TVNsRFRqUXlNRFE0T1RFPfQD&lastcursor=VSOzR0woQW9Od3ZkWE41NW9ES1VOT05ESXdOVEF5TXlsRFRqUXlNRFV3TWpNPZAD
2026-09-16T02:18:19Z	1	200	188564	26db62656ad2325bf9cf28a4bf415693475a221e6302f4dc3f78bf0205c0dcc0	https://api.tenders.gov.au/ocds/findByDates/contractPublished/2025-11-25T00:00:00Z/2025-12-02T00:00:00Z?cursor=VSPvAZcwQW9ONHY5cmU0NW9ETEVOT05ESXdORFkyTUMxQk1TeERUalF5TURRMk5qQXRRVEU9vAU&prevcursor=VVSnS_8oQW9Od3FJZWY1Sm9ES1VOT05ESXdORGMzTWlsRFRqUXlNRFEzTnpJPdgE&lastcursor=VQm4Yq8oQW9ONDROT3c1Sm9ES1VOT05ESXdORGc1TVNsRFRqUXlNRFE0T1RFPfQD
2026-09-16T02:18:20Z	1	200	190512	feff5a40fc1e87bee0897ba7e02219206e4cf643a00602cd70919128320e5a65	https://api.tenders.gov.au/ocds/findByDates/contractPublished/2025-11-25T00:00:00Z/2025-12-02T00:00:00Z?cursor=VQgNMWgoQW9ONG9vcjA0Wm9ES1VOT05ESXdORFV4TWlsRFRqUXlNRFExTVRJPaAG&prevcursor=VSPvAZcwQW9ONHY5cmU0NW9ETEVOT05ESXdORFkyTUMxQk1TeERUalF5TURRMk5qQXRRVEU9vAU&lastcursor=VVSnS_8oQW9Od3FJZWY1Sm9ES1VOT05ESXdORGMzTWlsRFRqUXlNRFEzTnpJPdgE
2026-09-16T02:18:21Z	1	200	187349	8947b92c6aeaa173ddf0676c968eff45362e12834f265b941bd1c6f7650aeaa9	https://api.tenders.gov.au/ocds/findByDates/contractPublished/2025-11-25T00:00:00Z/2025-12-02T00:00:00Z?cursor=VUUZpbUoQW9OdzE1S3Q0Wm9ES1VOT05ESXdORFF4TUNsRFRqUXlNRFEwTVRBPYQH&prevcursor=VQgNMWgoQW9ONG9vcjA0Wm9ES1VOT05ESXdORFV4TWlsRFRqUXlNRFExTVRJPaAG&lastcursor=VSPvAZcwQW9ONHY5cmU0NW9ETEVOT05ESXdORFkyTUMxQk1TeERUalF5TURRMk5qQXRRVEU9vAU
2026-09-16T02:18:23Z	1	200	186231	d7f0d70dd982ea1f1511247e97e435f55201db7a0781502a97f90f73439ab277	https://api.tenders.gov.au/ocds/findByDates/contractPublished/2025-11-25T00:00:00Z/2025-12-02T00:00:00Z?cursor=VeUsIVEoQW9ONHVMMnYzNW9ES1VOT05ESXdOREkxT0NsRFRqUXlNRFF5TlRnPegH&prevcursor=VUUZpbUoQW9OdzE1S3Q0Wm9ES1VOT05ESXdORFF4TUNsRFRqUXlNRFEwTVRBPYQH&lastcursor=VQgNMWgoQW9ONG9vcjA0Wm9ES1VOT05ESXdORFV4TWlsRFRqUXlNRFExTVRJPaAG
2026-09-16T02:18:24Z	1	200	187031	9bf6276be02701435f3c8bd139ee3f709b3bff569bd7a838e1db71c866fadc4e	https://api.tenders.gov.au/ocds/findByDates/contractPublished/2025-11-25T00:00:00Z/2025-12-02T00:00:00Z?cursor=VYXrI2YoQW9Od2t1RDMzcG9ES1VOT05ESXdOREUzTUNsRFRqUXlNRFF4TnpBPcwI&prevcursor=VeUsIVEoQW9ONHVMMnYzNW9ES1VOT05ESXdOREkxT0NsRFRqUXlNRFF5TlRnPegH&lastcursor=VUUZpbUoQW9OdzE1S3Q0Wm9ES1VOT05ESXdORFF4TUNsRFRqUXlNRFEwTVRBPYQH
2026-09-16T02:18:26Z	1	200	57992	4c49a30155dbff663cb2d7deffed0b7091d9afa9b98e286c0ee24f9b766bf19b	https://api.tenders.gov.au/ocds/findByDates/contractPublished/2025-11-25T00:00:00Z/2025-12-02T00:00:00Z?cursor=VTZ1TTwoQW9ONDV1KyszSm9ES1VOT05ESXdOREF3TWlsRFRqUXlNRFF3TURJPbAJ&prevcursor=VYXrI2YoQW9Od2t1RDMzcG9ES1VOT05ESXdOREUzTUNsRFRqUXlNRFF4TnpBPcwI&lastcursor=VeUsIVEoQW9ONHVMMnYzNW9ES1VOT05ESXdOREkxT0NsRFRqUXlNRFF5TlRnPegH
2026-09-16T02:18:27Z	1	200	645	711d94e1fa7aae2a0358e4f65ddd0018500d5f922e2dae7a6b4968f26246348c	https://api.tenders.gov.au/ocds/findByDates/contractPublished/2025-11-25T00:00:00Z/2025-12-02T00:00:00Z?cursor=VZvq4b8oQW9ONDdObWIzSm9ES1VOT05ESXdNemsyTWlsRFRqUXlNRE01TmpJPc4J&prevcursor=VTZ1TTwoQW9ONDV1KyszSm9ES1VOT05ESXdOREF3TWlsRFRqUXlNRFF3TURJPbAJ&lastcursor=VYXrI2YoQW9Od2t1RDMzcG9ES1VOT05ESXdOREUzTUNsRFRqUXlNRFF4TnpBPcwI
2026-09-16T02:18:27Z	1	200	188995	ee13766ff1380bf21723891841448a428d5dc6b999de9c3d29fd1f378cf2c866	https://api.tenders.gov.au/ocds/findByDates/contractPublished/2025-12-02T00:00:00Z/2025-12-09T00:00:00Z
2026-09-16T02:18:29Z	1	200	186198	716769dba8fa4cb5925b39da8cc862c28bddc9f2eb29369f5a3117d4ca506e5e	https://api.tenders.gov.au/ocds/findByDates/contractPublished/2025-12-02T00:00:00Z/2025-12-09T00:00:00Z?cursor=VeDIWjooQW9ONGxkT1UvcG9ES1VOT05ESXdOamd6TWlsRFRqUXlNRFk0TXpJPWQ&prevcursor=initial&lastcursor=initial
2026-09-16T02:18:31Z	1	200	185966	c44bf1f31988f0c215d4edaa4c72d8d773e3a82fb67fecc576df005cc50a32cf	https://api.tenders.gov.au/ocds/findByDates/contractPublished/2025-12-02T00:00:00Z/2025-12-09T00:00:00Z?cursor=VbLvRVEoQW9Od3RQM1MvWm9ES1VOT05ESXdOakUwTlNsRFRqUXlNRFl4TkRVPcgB&prevcursor=VeDIWjooQW9ONGxkT1UvcG9ES1VOT05ESXdOamd6TWlsRFRqUXlNRFk0TXpJPWQ&lastcursor=initial
2026-09-16T02:18:32Z	1	200	189885	62fe141ae837b9e0779c065745430a2eefafffd7e3a55b1539d6208ee239a4f4	https://api.tenders.gov.au/ocds/findByDates/contractPublished/2025-12-02T00:00:00Z/2025-12-09T00:00:00Z?cursor=VYv6A4EoQW9ONG1vZXA5cG9ES1VOT05ESXdOalUxTlNsRFRqUXlNRFkxTlRVPawC&prevcursor=VbLvRVEoQW9Od3RQM1MvWm9ES1VOT05ESXdOakUwTlNsRFRqUXlNRFl4TkRVPcgB&lastcursor=VeDIWjooQW9ONGxkT1UvcG9ES1VOT05ESXdOamd6TWlsRFRqUXlNRFk0TXpJPWQ
2026-09-16T02:18:34Z	1	200	185646	67182ea9d3346aed99b6c8f3d8e5006ed22cadca0ec8b269c5c32eddd0385418	https://api.tenders.gov.au/ocds/findByDates/contractPublished/2025-12-02T00:00:00Z/2025-12-09T00:00:00Z?cursor=VQNqZl8oQW9OdzZNMlE5cG9ES1VOT05ESXdOalF5TnlsRFRqUXlNRFkwTWpjPZAD&prevcursor=VYv6A4EoQW9ONG1vZXA5cG9ES1VOT05ESXdOalUxTlNsRFRqUXlNRFkxTlRVPawC&lastcursor=VbLvRVEoQW9Od3RQM1MvWm9ES1VOT05ESXdOakUwTlNsRFRqUXlNRFl4TkRVPcgB
2026-09-16T02:18:36Z	1	200	191493	eea965c07a001a103ff20744dddedc9f1f5a87bce1cb916ab32d664b04d1248e	https://api.tenders.gov.au/ocds/findByDates/contractPublished/2025-12-02T00:00:00Z/2025-12-09T00:00:00Z?cursor=VXHVUOcoQW9OdzFNYmQ5Wm9ES1VOT05ESXdOak15TkNsRFRqUXlNRFl6TWpRPfQD&prevcursor=VQNqZl8oQW9OdzZNMlE5cG9ES1VOT05ESXdOalF5TnlsRFRqUXlNRFkwTWpjPZAD&lastcursor=VYv6A4EoQW9ONG1vZXA5cG9ES1VOT05ESXdOalUxTlNsRFRqUXlNRFkxTlRVPawC
2026-09-16T02:18:37Z	1	200	192939	c16cb92315400a0bebbf087db61101952fc8bc0dea66abae6ba6cf23822b8e70	https://api.tenders.gov.au/ocds/findByDates/contractPublished/2025-12-02T00:00:00Z/2025-12-09T00:00:00Z?cursor=VbXvaQMoQW9OdzFyYjI4NW9ES1VOT05ESXdOakU0TkNsRFRqUXlNRFl4T0RRPdgE&prevcursor=VXHVUOcoQW9OdzFNYmQ5Wm9ES1VOT05ESXdOak15TkNsRFRqUXlNRFl6TWpRPfQD&lastcursor=VQNqZl8oQW9OdzZNMlE5cG9ES1VOT05ESXdOalF5TnlsRFRqUXlNRFkwTWpjPZAD
2026-09-16T02:18:39Z	1	200	187243	8cdfd10f860c66bdb685640fe2e9ce1f9c3dcb43048d60811cff5a6aa95788c0	https://api.tenders.gov.au/ocds/findByDates/contractPublished/2025-12-02T00:00:00Z/2025-12-09T00:00:00Z?cursor=VZkGw0MoQW9ONGhZcmQ4NW9ES1VOT05ESXdOakEwT1NsRFRqUXlNRFl3TkRrPbwF&prevcursor=VbXvaQMoQW9OdzFyYjI4NW9ES1VOT05ESXdOakU0TkNsRFRqUXlNRFl4T0RRPdgE&lastcursor=VXHVUOcoQW9OdzFNYmQ5Wm9ES1VOT05ESXdOak15TkNsRFRqUXlNRFl6TWpRPfQD
2026-09-16T02:18:40Z	1	200	187222	f0bd4c6376172ddc135bd230cd1c59c3118697ecf6945dd69f706848324cab9e	https://api.tenders.gov.au/ocds/findByDates/contractPublished/2025-12-02T00:00:00Z/2025-12-09T00:00:00Z?cursor=VejZrsooQW9ONGhwZW44Wm9ES1VOT05ESXdOVGcxT0NsRFRqUXlNRFU0TlRnPaAG&prevcursor=VZkGw0MoQW9ONGhZcmQ4NW9ES1VOT05ESXdOakEwT1NsRFRqUXlNRFl3TkRrPbwF&lastcursor=VbXvaQMoQW9OdzFyYjI4NW9ES1VOT05ESXdOakU0TkNsRFRqUXlNRFl4T0RRPdgE
2026-09-16T02:18:41Z	1	200	189232	53b51bd45d64ac5c631e38cedb06afcba65838665f2c373547d11cfbfe5e5e6d	https://api.tenders.gov.au/ocds/findByDates/contractPublished/2025-12-02T00:00:00Z/2025-12-09T00:00:00Z?cursor=VUNQRZQwQW9OdzQ2UDI4Sm9ETEVOT05ESXdOVGN6TlMxQk1peERUalF5TURVM016VXRRVEk9hAc&prevcursor=VejZrsooQW9ONGhwZW44Wm9ES1VOT05ESXdOVGcxT0NsRFRqUXlNRFU0TlRnPaAG&lastcursor=VZkGw0MoQW9ONGhZcmQ4NW9ES1VOT05ESXdOakEwT1NsRFRqUXlNRFl3TkRrPbwF
2026-09-16T02:18:43Z	1	200	172566	e7f8f5ad0968727e6b5b6fd26a73b183f69acb5d5f02dc9216758c779f9607c0	https://api.tenders.gov.au/ocds/findByDates/contractPublished/2025-12-02T00:00:00Z/2025-12-09T00:00:00Z?cursor=VR03BvYoQW9ONG1iMjk3cG9ES1VOT05ESXdOVFl4TWlsRFRqUXlNRFUyTVRJPegH&prevcursor=VUNQRZQwQW9OdzQ2UDI4Sm9ETEVOT05ESXdOVGN6TlMxQk1peERUalF5TURVM016VXRRVEk9hAc&lastcursor=VejZrsooQW9ONGhwZW44Wm9ES1VOT05ESXdOVGcxT0NsRFRqUXlNRFU0TlRnPaAG
2026-09-16T02:18:44Z	1	200	656	bb1b3fb5cdad67de753fc7c40f207c13635c63185d86865b5003f479f569b4dd	https://api.tenders.gov.au/ocds/findByDates/contractPublished/2025-12-02T00:00:00Z/2025-12-09T00:00:00Z?cursor=VbnEvNEwQW9Od2tMNmI3cG9ETEVOT05ESXdOVFEyTXkxQk1TeERUalF5TURVME5qTXRRVEU9xAg&prevcursor=VR03BvYoQW9ONG1iMjk3cG9ES1VOT05ESXdOVFl4TWlsRFRqUXlNRFUyTVRJPegH&lastcursor=VUNQRZQwQW9OdzQ2UDI4Sm9ETEVOT05ESXdOVGN6TlMxQk1peERUalF5TURVM016VXRRVEk9hAc
2026-09-16T02:18:45Z	1	200	189475	56e9767842efd0e894a0349e9334432a49b433f6aae37e956e7258053ebb3eb6	https://api.tenders.gov.au/ocds/findByDates/contractPublished/2025-12-09T00:00:00Z/2025-12-16T00:00:00Z
2026-09-16T02:18:46Z	1	200	187377	74a239f5e2d4eb1382afef0afb2b715bc99eced0776ca9d3e30385c088e2df31	https://api.tenders.gov.au/ocds/findByDates/contractPublished/2025-12-09T00:00:00Z/2025-12-16T00:00:00Z?cursor=Vc4RubowQW9ONHRKV0xrSnNETEVOT05ESXdPRFE1TlMxQk1TeERUalF5TURnME9UVXRRVEU9ZA&prevcursor=initial&lastcursor=initial
2026-09-16T02:18:47Z	1	200	182852	b40d1bb9733af2fbc4cae6fc8965d80e409b9036d3aac6b3915930575f260186	https://api.tenders.gov.au/ocds/findByDates/contractPublished/2025-12-09T00:00:00Z/2025-12-16T00:00:00Z?cursor=VYQrpfooQW9OdzJLU0prSnNES1VOT05ESXdPRFF3TkNsRFRqUXlNRGcwTURRPcgB&prevcursor=Vc4RubowQW9ONHRKV0xrSnNETEVOT05ESXdPRFE1TlMxQk1TeERUalF5TURnME9UVXRRVEU9ZA&lastcursor=initial
2026-09-16T02:18:48Z	1	200	187657	21f9193f64d6cad36759aac89588787430a18c97561806b4c3805e4154dc8034	https://api.tenders.gov.au/ocds/findByDates/contractPublished/2025-12-09T00:00:00Z/2025-12-16T00:00:00Z?cursor=VYB79nwoQW9Odzhldk1pSnNES1VOT05ESXdOemt5TmlsRFRqUXlNRGM1TWpZPawC&prevcursor=VYQrpfooQW9OdzJLU0prSnNES1VOT05ESXdPRFF3TkNsRFRqUXlNRGcwTURRPcgB&lastcursor=Vc4RubowQW9ONHRKV0xrSnNETEVOT05ESXdPRFE1TlMxQk1TeERUalF5TURnME9UVXRRVEU9ZA
2026-09-16T02:18:50Z	1	200	190403	4032fef1aa866c37ebed511ec58a7fdf4fc3e413dc491d6994ea695653952880	https://api.tenders.gov.au/ocds/findByDates/contractPublished/2025-12-09T00:00:00Z/2025-12-16T00:00:00Z?cursor=VVGK7RkoQW9Od29iK3NpSnNES1VOT05ESXdPREF5TVNsRFRqUXlNRGd3TWpFPZAD&prevcursor=VYB79nwoQW9Odzhldk1pSnNES1VOT05ESXdOemt5TmlsRFRqUXlNRGM1TWpZPawC&lastcursor=VYQrpfooQW9OdzJLU0prSnNES1VOT05ESXdPRFF3TkNsRFRqUXlNRGcwTURRPcgB
2026-09-16T02:18:51Z	1	200	189003	d964af0a93000fe7041d5eb23f32f94f86f71c8bbce85cd7f343d64f46db1ace	https://api.tenders.gov.au/ocds/findByDates/contractPublished/2025-12-09T00:00:00Z/2025-12-16T00:00:00Z?cursor=VfK70UwoQW9OdzB1aUxpSnNES1VOT05ESXdNRGMwTWlsRFRqUXlNREEzTkRJPfQD&prevcursor=VVGK7RkoQW9Od29iK3NpSnNES1VOT05ESXdPREF5TVNsRFRqUXlNRGd3TWpFPZAD&lastcursor=VYB79nwoQW9Odzhldk1pSnNES1VOT05ESXdOemt5TmlsRFRqUXlNRGM1TWpZPawC
2026-09-16T02:18:53Z	1	200	186229	15165a8616ddfcff1d6c722b3fc55a2af35eb8906220404bf3e1d0555d059e6d	https://api.tenders.gov.au/ocds/findByDates/contractPublished/2025-12-09T00:00:00Z/2025-12-16T00:00:00Z?cursor=VWde6yIoQW9ONG42ZlNoWnNES1VOT05ESXdORFEwTnlsRFRqUXlNRFEwTkRjPdgE&prevcursor=VfK70UwoQW9OdzB1aUxpSnNES1VOT05ESXdNRGMwTWlsRFRqUXlNREEzTkRJPfQD&lastcursor=VVGK7RkoQW9Od29iK3NpSnNES1VOT05ESXdPREF5TVNsRFRqUXlNRGd3TWpFPZAD
2026-09-16T02:18:54Z	1	200	184743	8e0f51a6d72ab805d96e74e492251c7d285d5c94cb3b13f80cc9552c6ce25610	https://api.tenders.gov.au/ocds/findByDates/contractPublished/2025-12-09T00:00:00Z/2025-12-16T00:00:00Z?cursor=VYUmn_soQW9ONHBxYWFoWnNES1VOT05ESXdOelUzT0NsRFRqUXlNRGMxTnpnPbwF&prevcursor=VWde6yIoQW9ONG42ZlNoWnNES1VOT05ESXdORFEwTnlsRFRqUXlNRFEwTkRjPdgE&lastcursor=VfK70UwoQW9OdzB1aUxpSnNES1VOT05ESXdNRGMwTWlsRFRqUXlNREEzTkRJPfQD
2026-09-16T02:18:55Z	1	200	184664	f0a3bc852c8cfac58f9cdd9de81101eb65bfe3552290804da0eb69662ab45d66	https://api.tenders.gov.au/ocds/findByDates/contractPublished/2025-12-09T00:00:00Z/2025-12-16T00:00:00Z?cursor=VWkl0L0oQW9ONGs2Q3lnNXNES1VOT05ESXdOelEzTlNsRFRqUXlNRGMwTnpVPaAG&prevcursor=VYUmn_soQW9ONHBxYWFoWnNES1VOT05ESXdOelUzT0NsRFRqUXlNRGMxTnpnPbwF&lastcursor=VWde6yIoQW9ONG42ZlNoWnNES1VOT05ESXdORFEwTnlsRFRqUXlNRFEwTkRjPdgE
2026-09-16T02:18:56Z	1	200	187192	59a5659d3941d4cb7fba0695bac681fd9ccf7489fa6e8d5ad8981161aec3b17b	https://api.tenders.gov.au/ocds/findByDates/contractPublished/2025-12-09T00:00:00Z/2025-12-16T00:00:00Z?cursor=VS1zHIIoQW9Od2dxU0NnNXNES1VOT05ESXdOekU1TkNsRFRqUXlNRGN4T1RRPYQH&prevcursor=VWkl0L0oQW9ONGs2Q3lnNXNES1VOT05ESXdOelEzTlNsRFRqUXlNRGMwTnpVPaAG&lastcursor=VYUmn_soQW9ONHBxYWFoWnNES1VOT05ESXdOelUzT0NsRFRqUXlNRGMxTnpnPbwF
2026-09-16T02:18:58Z	1	200	110840	a5e8d388744d7e3d36139ce357cbebdc3c3ec0828763ba0fa0d7811ab653dacb	https://api.tenders.gov.au/ocds/findByDates/contractPublished/2025-12-09T00:00:00Z/2025-12-16T00:00:00Z?cursor=VZn-yc8oQW9ONC9ydTBnSnNES1VOT05ESXdOekF6TUNsRFRqUXlNRGN3TXpBPegH&prevcursor=VS1zHIIoQW9Od2dxU0NnNXNES1VOT05ESXdOekU1TkNsRFRqUXlNRGN4T1RRPYQH&lastcursor=VWkl0L0oQW9ONGs2Q3lnNXNES1VOT05ESXdOelEzTlNsRFRqUXlNRGMwTnpVPaAG
2026-09-16T02:19:00Z	1	200	645	b827dff67a764110f7289802b971703c16c71455f66f4fa3158e773b1a5db332	https://api.tenders.gov.au/ocds/findByDates/contractPublished/2025-12-09T00:00:00Z/2025-12-16T00:00:00Z?cursor=VYAp7FsoQW9ONHFjK2JnSnNES1VOT05ESXdOamsxT1NsRFRqUXlNRFk1TlRrPaEI&prevcursor=VZn-yc8oQW9ONC9ydTBnSnNES1VOT05ESXdOekF6TUNsRFRqUXlNRGN3TXpBPegH&lastcursor=VS1zHIIoQW9Od2dxU0NnNXNES1VOT05ESXdOekU1TkNsRFRqUXlNRGN4T1RRPYQH
2026-09-16T02:19:00Z	1	200	189037	d2e8e7e94bd9f483bc41aa5e48a3113a6229282b452d2423eff0e54ca3b60c56	https://api.tenders.gov.au/ocds/findByDates/contractPublished/2025-12-16T00:00:00Z/2025-12-23T00:00:00Z
2026-09-16T02:19:02Z	1	200	187763	4071b74cfbd58169ffcaaabe3ae91d4abca35ff2002fed6119ae20ec54cc9084	https://api.tenders.gov.au/ocds/findByDates/contractPublished/2025-12-16T00:00:00Z/2025-12-23T00:00:00Z?cursor=VR7CAAUoQW9OdzFlS01wSnNES1VOT05ESXhNVEV5TWlsRFRqUXlNVEV4TWpJPWQ&prevcursor=initial&lastcursor=initial
2026-09-16T02:19:03Z	1	200	188104	f4df60ef509f5cc5df786154621f1026fc8833caf707c85af6658193dff12d6e	https://api.tenders.gov.au/ocds/findByDates/contractPublished/2025-12-16T00:00:00Z/2025-12-23T00:00:00Z?cursor=VQr2-3EoQW9OdzBNeU1vcHNES1VOT05ESXhNRGt6T0NsRFRqUXlNVEE1TXpnPcgB&prevcursor=VR7CAAUoQW9OdzFlS01wSnNES1VOT05ESXhNVEV5TWlsRFRqUXlNVEV4TWpJPWQ&lastcursor=initial
2026-09-16T02:19:05Z	1	200	184676	98939ed95ba8183e687042dda421591a1622caff04c2c0ff579d4d6bddbf7dfc	https://api.tenders.gov.au/ocds/findByDates/contractPublished/2025-12-16T00:00:00Z/2025-12-23T00:00:00Z?cursor=VbVPduQoQW9OdzN1RG9vWnNES1VOT05ESXhNRGd6TUNsRFRqUXlNVEE0TXpBPawC&prevcursor=VQr2-3EoQW9OdzBNeU1vcHNES1VOT05ESXhNRGt6T0NsRFRqUXlNVEE1TXpnPcgB&lastcursor=VR7CAAUoQW9OdzFlS01wSnNES1VOT05ESXhNVEV5TWlsRFRqUXlNVEV4TWpJPWQ
2026-09-16T02:19:06Z	1	200	185613	e08f0f476e3684d495dca4fb5e9acb7dfe9c43651156d3cf61f4aa47c0bea764	https://api.tenders.gov.au/ocds/findByDates/contractPublished/2025-12-16T00:00:00Z/2025-12-23T00:00:00Z?cursor=VdxY5booQW9OdzIralJtcHNES1VOT05ESXhNRFkyTkNsRFRqUXlNVEEyTmpRPZAD&prevcursor=VbVPduQoQW9OdzN1RG9vWnNES1VOT05ESXhNRGd6TUNsRFRqUXlNVEE0TXpBPawC&lastcursor=VQr2-3EoQW9OdzBNeU1vcHNES1VOT05ESXhNRGt6T0NsRFRqUXlNVEE1TXpnPcgB
2026-09-16T02:19:07Z	1	200	188886	64b7a994abbf0f1b9a9e3c21310147d443f3379ebcb899e0c4c67b12778ffe69	https://api.tenders.gov.au/ocds/findByDates/contractPublished/2025-12-16T00:00:00Z/2025-12-23T00:00:00Z?cursor=VVFJVlYoQW9ONG5ZTzdtcHNES1VOT05ESXhNRFUwTmlsRFRqUXlNVEExTkRZPfQD&prevcursor=VdxY5booQW9OdzIralJtcHNES1VOT05ESXhNRFkyTkNsRFRqUXlNVEEyTmpRPZAD&lastcursor=VbVPduQoQW9OdzN1RG9vWnNES1VOT05ESXhNRGd6TUNsRFRqUXlNVEE0TXpBPawC
2026-09-16T02:19:09Z	1	200	189382	92db7c3df67c2f50871b8179df88ffb9be2d64cd1893df549c9329e1f13c304f	https://api.tenders.gov.au/ocds/findByDates/contractPublished/2025-12-16T00:00:00Z/2025-12-23T00:00:00Z?cursor=VdIi3YsoQW9ONHpacXVtcHNES1VOT05ESXhNRFF5T0NsRFRqUXlNVEEwTWpnPdgE&prevcursor=VVFJVlYoQW9ONG5ZTzdtcHNES1VOT05ESXhNRFUwTmlsRFRqUXlNVEExTkRZPfQD&lastcursor=VdxY5booQW9OdzIralJtcHNES1VOT05ESXhNRFkyTkNsRFRqUXlNVEEyTmpRPZAD
2026-09-16T02:19:10Z	1	200	189281	5b8b4a2d72c0b77655de5adf32931fca8879615372049b92eece0b0af60768ef	https://api.tenders.gov.au/ocds/findByDates/contractPublished/2025-12-16T00:00:00Z/2025-12-23T00:00:00Z?cursor=VbH5N4AoQW9ONHpZYUxtcHNES1VOT05ESXhNRE15TnlsRFRqUXlNVEF6TWpjPbwF&prevcursor=VdIi3YsoQW9ONHpacXVtcHNES1VOT05ESXhNRFF5T0NsRFRqUXlNVEEwTWpnPdgE&lastcursor=VVFJVlYoQW9ONG5ZTzdtcHNES1VOT05ESXhNRFUwTmlsRFRqUXlNVEExTkRZPfQD
2026-09-16T02:19:11Z	1	200	191982	1affabfed8a36ebf5f7dcdb4f6746ae5c7d821c4839e5a7fdabbab7afcfc6276	https://api.tenders.gov.au/ocds/findByDates/contractPublished/2025-12-16T00:00:00Z/2025-12-23T00:00:00Z?cursor=VaNR-sooQW9ONHA0WFltWnNES1VOT05ESXhNREUyTXlsRFRqUXlNVEF4TmpNPaAG&prevcursor=VbH5N4AoQW9ONHpZYUxtcHNES1VOT05ESXhNRE15TnlsRFRqUXlNVEF6TWpjPbwF&lastcursor=VdIi3YsoQW9ONHpacXVtcHNES1VOT05ESXhNRFF5T0NsRFRqUXlNVEEwTWpnPdgE
2026-09-16T02:19:13Z	1	200	187211	92dde607d497e0c831e4eb45c72ecdb60463b7f067f7883fa484b05f44dfb3a0	https://api.tenders.gov.au/ocds/findByDates/contractPublished/2025-12-16T00:00:00Z/2025-12-23T00:00:00Z?cursor=VZ77AgkoQW9OdzBJRHdsNXNES1VOT05ESXdPVGs1TnlsRFRqUXlNRGs1T1RjPYQH&prevcursor=VaNR-sooQW9ONHA0WFltWnNES1VOT05ESXhNREUyTXlsRFRqUXlNVEF4TmpNPaAG&lastcursor=VbH5N4AoQW9ONHpZYUxtcHNES1VOT05ESXhNRE15TnlsRFRqUXlNVEF6TWpjPbwF
2026-09-16T02:19:14Z	1	200	189276	677cfcf89c962da7d3b08c424645d79187683476c9e1d42992c1da080c17f9e8	https://api.tenders.gov.au/ocds/findByDates/contractPublished/2025-12-16T00:00:00Z/2025-12-23T00:00:00Z?cursor=VTD5iqAoQW9OdzA0ekNsNXNES1VOT05ESXdPVFE0TlNsRFRqUXlNRGswT0RVPegH&prevcursor=VZ77AgkoQW9OdzBJRHdsNXNES1VOT05ESXdPVGs1TnlsRFRqUXlNRGs1T1RjPYQH&lastcursor=VaNR-sooQW9ONHA0WFltWnNES1VOT05ESXhNREUyTXlsRFRqUXlNVEF4TmpNPaAG
2026-09-16T02:19:15Z	1	200	184915	d1507824b883745787a954895073c9ecc4fa1871b47c382705f56de6422e5fe9	https://api.tenders.gov.au/ocds/findByDates/contractPublished/2025-12-16T00:00:00Z/2025-12-23T00:00:00Z?cursor=Vcp7NfkoQW9ONDNkKzZsNXNES1VOT05ESXdPVFl3TlNsRFRqUXlNRGsyTURVPcwI&prevcursor=VTD5iqAoQW9OdzA0ekNsNXNES1VOT05ESXdPVFE0TlNsRFRqUXlNRGswT0RVPegH&lastcursor=VZ77AgkoQW9OdzBJRHdsNXNES1VOT05ESXdPVGs1TnlsRFRqUXlNRGs1T1RjPYQH
2026-09-16T02:19:17Z	1	200	186444	b114a159f6d36b855b0b5c5d1483c18a5917c43eaea00e61044e1404e5628902	https://api.tenders.gov.au/ocds/findByDates/contractPublished/2025-12-16T00:00:00Z/2025-12-23T00:00:00Z?cursor=VZ9H_CMoQW9ONDg3dVNsWnNES1VOT05ESXdPVFF4T0NsRFRqUXlNRGswTVRnPbAJ&prevcursor=Vcp7NfkoQW9ONDNkKzZsNXNES1VOT05ESXdPVFl3TlNsRFRqUXlNRGsyTURVPcwI&lastcursor=VTD5iqAoQW9OdzA0ekNsNXNES1VOT05ESXdPVFE0TlNsRFRqUXlNRGswT0RVPegH
2026-09-16T02:19:18Z	1	200	187228	114f631fade5657467e60caf0fd82adf796aef6f2d1583e8a7817a0a37da878e	https://api.tenders.gov.au/ocds/findByDates/contractPublished/2025-12-16T00:00:00Z/2025-12-23T00:00:00Z?cursor=VX6ZWiIoQW9ONHk5WHlsSnNES1VOT05ESXdPVE14TlNsRFRqUXlNRGt6TVRVPZQK&prevcursor=VZ9H_CMoQW9ONDg3dVNsWnNES1VOT05ESXdPVFF4T0NsRFRqUXlNRGswTVRnPbAJ&lastcursor=Vcp7NfkoQW9ONDNkKzZsNXNES1VOT05ESXdPVFl3TlNsRFRqUXlNRGsyTURVPcwI
2026-09-16T02:19:19Z	1	200	187417	c51ff312841adc0ac008708f8cd2758182ba44de9d45b32be0d4a6f510dc7229	https://api.tenders.gov.au/ocds/findByDates/contractPublished/2025-12-16T00:00:00Z/2025-12-23T00:00:00Z?cursor=VaoI3Q4oQW9OdzBaWGtsSnNES1VOT05ESXdPVEU0T1NsRFRqUXlNRGt4T0RrPfgK&prevcursor=VX6ZWiIoQW9ONHk5WHlsSnNES1VOT05ESXdPVE14TlNsRFRqUXlNRGt6TVRVPZQK&lastcursor=VZ9H_CMoQW9ONDg3dVNsWnNES1VOT05ESXdPVFF4T0NsRFRqUXlNRGswTVRnPbAJ
2026-09-16T02:19:21Z	1	200	188423	cf4cf93c7dd65f77e6947340cf1ead34beb5c77ea1c942be4ad65c1d1dc9aa30	https://api.tenders.gov.au/ocds/findByDates/contractPublished/2025-12-16T00:00:00Z/2025-12-23T00:00:00Z?cursor=VbjHJtQoQW9Od3BQTEtsSnNES1VOT05ESXdPVEEyT0NsRFRqUXlNRGt3TmpnPdwL&prevcursor=VaoI3Q4oQW9OdzBaWGtsSnNES1VOT05ESXdPVEU0T1NsRFRqUXlNRGt4T0RrPfgK&lastcursor=VX6ZWiIoQW9ONHk5WHlsSnNES1VOT05ESXdPVE14TlNsRFRqUXlNRGt6TVRVPZQK
2026-09-16T02:19:22Z	1	200	189398	8b0ec9d8003049b6140ca2e2034142f24418e0832136f40dd00d47853b6f9d52	https://api.tenders.gov.au/ocds/findByDates/contractPublished/2025-12-16T00:00:00Z/2025-12-23T00:00:00Z?cursor=VVcaB0QoQW9ONDh2N21rcHNES1VOT05ESXdPRGswTnlsRFRqUXlNRGc1TkRjPcAM&prevcursor=VbjHJtQoQW9Od3BQTEtsSnNES1VOT05ESXdPVEEyT0NsRFRqUXlNRGt3TmpnPdwL&lastcursor=VaoI3Q4oQW9OdzBaWGtsSnNES1VOT05ESXdPVEU0T1NsRFRqUXlNRGt4T0RrPfgK
2026-09-16T02:19:23Z	1	200	189620	93b21e7ae8ac671d9ebe4852fc746814a042802aa5b329123219af29733cc11b	https://api.tenders.gov.au/ocds/findByDates/contractPublished/2025-12-16T00:00:00Z/2025-12-23T00:00:00Z?cursor=VQHktjIwQW9OdzU1aXZrcHNETEVOT05ESXdPRGd3TnkxQk5DeERUalF5TURnNE1EY3RRVFE9pA0&prevcursor=VVcaB0QoQW9ONDh2N21rcHNES1VOT05ESXdPRGswTnlsRFRqUXlNRGc1TkRjPcAM&lastcursor=VbjHJtQoQW9Od3BQTEtsSnNES1VOT05ESXdPVEEyT0NsRFRqUXlNRGt3TmpnPdwL
2026-09-16T02:19:25Z	1	200	66851	59572647e3da1b7156ab4c699499ae1d0ba2413bc0db1dfebfa6c55a53cba646	https://api.tenders.gov.au/ocds/findByDates/contractPublished/2025-12-16T00:00:00Z/2025-12-23T00:00:00Z?cursor=VbiCDAsoQW9OdzM1aWlrcHNES1VOT05ESXdPRGN4T1NsRFRqUXlNRGczTVRrPYgO&prevcursor=VQHktjIwQW9OdzU1aXZrcHNETEVOT05ESXdPRGd3TnkxQk5DeERUalF5TURnNE1EY3RRVFE9pA0&lastcursor=VVcaB0QoQW9ONDh2N21rcHNES1VOT05ESXdPRGswTnlsRFRqUXlNRGc1TkRjPcAM
2026-09-16T02:19:26Z	1	200	656	cc4cfc3ae5a46a7d11a6e91e7a56c015c0e605a167ad6f91d51b84b7e3693bc8	https://api.tenders.gov.au/ocds/findByDates/contractPublished/2025-12-16T00:00:00Z/2025-12-23T00:00:00Z?cursor=Vc1vJBEoQW9ONHFadWdrcHNES1VOT05ESXdPRFk0T0NsRFRqUXlNRGcyT0RnPasO&prevcursor=VbiCDAsoQW9OdzM1aWlrcHNES1VOT05ESXdPRGN4T1NsRFRqUXlNRGczTVRrPYgO&lastcursor=VQHktjIwQW9OdzU1aXZrcHNETEVOT05ESXdPRGd3TnkxQk5DeERUalF5TURnNE1EY3RRVFE9pA0
2026-09-16T02:19:26Z	1	200	192125	da775ad033c9d1130b0bc43fb9dd57022b3485439bd4a4d3d088ce33f9ed7a1a	https://api.tenders.gov.au/ocds/findByDates/contractPublished/2025-12-23T00:00:00Z/2025-12-30T00:00:00Z
2026-09-16T02:19:28Z	1	200	189988	026efa6aa3601d7a8fbbfa95e879d5161a448b8064196fb0e9e6ef4195043d8a	https://api.tenders.gov.au/ocds/findByDates/contractPublished/2025-12-23T00:00:00Z/2025-12-30T00:00:00Z?cursor=VZ3Xuz0wQW9ONG9hdWlwNXNETEVOT05ESXhNVGs0T0MxQk1TeERUalF5TVRFNU9EZ3RRVEU9ZA&prevcursor=initial&lastcursor=initial
2026-09-16T02:19:29Z	1	200	187986	64d639a06dfea0a545eb35ccec91e9aff88b64799a99b4a907fea4d92f61560c	https://api.tenders.gov.au/ocds/findByDates/contractPublished/2025-12-23T00:00:00Z/2025-12-30T00:00:00Z?cursor=Vca0iGcoQW9Od3RLNllwNXNES1VOT05ESXhNVGc1TnlsRFRqUXlNVEU0T1RjPcgB&prevcursor=VZ3Xuz0wQW9ONG9hdWlwNXNETEVOT05ESXhNVGs0T0MxQk1TeERUalF5TVRFNU9EZ3RRVEU9ZA&lastcursor=initial
2026-09-16T02:19:30Z	1	200	190187	b7999540b7420979d13a3220fbb35dee8d34249bbb930c776481ee9242e43c41	https://api.tenders.gov.au/ocds/findByDates/contractPublished/2025-12-23T00:00:00Z/2025-12-30T00:00:00Z?cursor=Va5Ken4wQW9Od3k3RDVwcHNETEVOT05ESXhNVGMxT1MxQk1TeERUalF5TVRFM05Ua3RRVEU9rAI&prevcursor=Vca0iGcoQW9Od3RLNllwNXNES1VOT05ESXhNVGc1TnlsRFRqUXlNVEU0T1RjPcgB&lastcursor=VZ3Xuz0wQW9ONG9hdWlwNXNETEVOT05ESXhNVGs0T0MxQk1TeERUalF5TVRFNU9EZ3RRVEU9ZA
2026-09-16T02:19:32Z	1	200	188419	a31a980b1bb22a4d97337282b561074b006c7eda7ae63ccec3adcf61548db460	https://api.tenders.gov.au/ocds/findByDates/contractPublished/2025-12-23T00:00:00Z/2025-12-30T00:00:00Z?cursor=Vc87ueIoQW9ONDk1ellwcHNES1VOT05ESXhNVFkwTkNsRFRqUXlNVEUyTkRRPZAD&prevcursor=Va5Ken4wQW9Od3k3RDVwcHNETEVOT05ESXhNVGMxT1MxQk1TeERUalF5TVRFM05Ua3RRVEU9rAI&lastcursor=Vca0iGcoQW9Od3RLNllwNXNES1VOT05ESXhNVGc1TnlsRFRqUXlNVEU0T1RjPcgB
2026-09-16T02:19:34Z	1	200	187389	648923d52eac5e9fed815e3589d88df79c33dc7f4ebfcf43e72b75e582881cce	https://api.tenders.gov.au/ocds/findByDates/contractPublished/2025-12-23T00:00:00Z/2025-12-30T00:00:00Z?cursor=VR79ljgwQW9Od3A2N2FwSnNETEVOT05ESXhNVFV5TVMxQk1TeERUalF5TVRFMU1qRXRRVEU99AM&prevcursor=Vc87ueIoQW9ONDk1ellwcHNES1VOT05ESXhNVFkwTkNsRFRqUXlNVEUyTkRRPZAD&lastcursor=Va5Ken4wQW9Od3k3RDVwcHNETEVOT05ESXhNVGMxT1MxQk1TeERUalF5TVRFM05Ua3RRVEU9rAI
2026-09-16T02:19:35Z	1	200	192431	ec1e47ba4d73df7b5e523da86c813d364261a810b75e6f746a59f69dddef5049	https://api.tenders.gov.au/ocds/findByDates/contractPublished/2025-12-23T00:00:00Z/2025-12-30T00:00:00Z?cursor=VZLVdxsoQW9ONG05L0VwSnNES1VOT05ESXhNVFF3TkNsRFRqUXlNVEUwTURRPdgE&prevcursor=VR79ljgwQW9Od3A2N2FwSnNETEVOT05ESXhNVFV5TVMxQk1TeERUalF5TVRFMU1qRXRRVEU99AM&lastcursor=Vc87ueIoQW9ONDk1ellwcHNES1VOT05ESXhNVFkwTkNsRFRqUXlNVEUyTkRRPZAD
2026-09-16T02:19:36Z	1	200	93230	ef49ccbb5db18d3502588e1464ab80237255ea803bc94155beb22a6f36a03de1	https://api.tenders.gov.au/ocds/findByDates/contractPublished/2025-12-23T00:00:00Z/2025-12-30T00:00:00Z?cursor=Vbjj0LkwQW9ONHhkSEVwSnNETEVOT05ESXhNVE15TVMxQk1TeERUalF5TVRFek1qRXRRVEU9vAU&prevcursor=VZLVdxsoQW9ONG05L0VwSnNES1VOT05ESXhNVFF3TkNsRFRqUXlNVEUwTURRPdgE&lastcursor=VR79ljgwQW9Od3A2N2FwSnNETEVOT05ESXhNVFV5TVMxQk1TeERUalF5TVRFMU1qRXRRVEU99AM
2026-09-16T02:19:37Z	1	200	656	2f700b0b2c141431f57cbf42830e2ca3ca9f3e6e51ef3a9b2c19ddbe6aebb55e	https://api.tenders.gov.au/ocds/findByDates/contractPublished/2025-12-23T00:00:00Z/2025-12-30T00:00:00Z?cursor=VaslDv4oQW9ONHdKS2lwSnNES1VOT05ESXhNVEkyTUNsRFRqUXlNVEV5TmpBPewF&prevcursor=Vbjj0LkwQW9ONHhkSEVwSnNETEVOT05ESXhNVE15TVMxQk1TeERUalF5TVRFek1qRXRRVEU9vAU&lastcursor=VZLVdxsoQW9ONG05L0VwSnNES1VOT05ESXhNVFF3TkNsRFRqUXlNVEUwTURRPdgE
2026-09-16T02:19:38Z	1	200	184673	f580611db0dfc8fd25d96e034d3194180f074455de6aeb53a6569ebd5098d38f	https://api.tenders.gov.au/ocds/findByDates/contractPublished/2025-12-30T00:00:00Z/2026-01-06T00:00:00Z
2026-09-16T02:19:40Z	1	200	19073	a959accf3409e96000e9d1e3ccf83a642562712ff9bd056836d6163f42a6c5fd	https://api.tenders.gov.au/ocds/findByDates/contractPublished/2025-12-30T00:00:00Z/2026-01-06T00:00:00Z?cursor=VTV9fcUoQW9Od21zeTd2cHNES1VOT05ESXhNakV5TWlsRFRqUXlNVEl4TWpJPWQ&prevcursor=initial&lastcursor=initial
2026-09-16T02:19:40Z	1	200	587	855234d0104018840f561cc837e0369382ef8665b9c6b24ae7aaae3c1337e2d9	https://api.tenders.gov.au/ocds/findByDates/contractPublished/2025-12-30T00:00:00Z/2026-01-06T00:00:00Z?cursor=VZxXYcMwQW9ONDhycmV1SnNETEVOT05ESXhNVEk0TmkxQk1peERUalF5TVRFeU9EWXRRVEk9bg&prevcursor=VTV9fcUoQW9Od21zeTd2cHNES1VOT05ESXhNakV5TWlsRFRqUXlNVEl4TWpJPWQ&lastcursor=initial
2026-09-16T02:19:41Z	1	200	190890	765ce42453ee2824b5ffb5f04701a435aba05379a7a77b2003f1ab4901689af7	https://api.tenders.gov.au/ocds/findByDates/contractPublished/2026-01-06T00:00:00Z/2026-01-13T00:00:00Z
2026-09-16T02:19:42Z	1	200	189679	1349e7ec1ea55e17a45949915c686222eedfabc261463cce923023b822a68f60	https://api.tenders.gov.au/ocds/findByDates/contractPublished/2026-01-06T00:00:00Z/2026-01-13T00:00:00Z?cursor=VXeJXcgoQW9ONHA3MnYySnNES1VOT05ESXhNams1TWlsRFRqUXlNVEk1T1RJPWQ&prevcursor=initial&lastcursor=initial
2026-09-16T02:19:44Z	1	200	190039	d01e541a1c50b9bf1a68486f92f324ed8554000cb7253c5d4ed308170c35bb6c	https://api.tenders.gov.au/ocds/findByDates/contractPublished/2026-01-06T00:00:00Z/2026-01-13T00:00:00Z?cursor=VZJvXVAwQW9ONGhzdkcwSnNETEVOT05ESXhNamcyT1MxQk1TeERUalF5TVRJNE5qa3RRVEU9yAE&prevcursor=VXeJXcgoQW9ONHA3MnYySnNES1VOT05ESXhNams1TWlsRFRqUXlNVEk1T1RJPWQ&lastcursor=initial
2026-09-16T02:19:45Z	1	200	186516	e202e8e0191f3443e7db199468611c8f326a5a5dc1d68d993731d1eada0cef86	https://api.tenders.gov.au/ocds/findByDates/contractPublished/2026-01-06T00:00:00Z/2026-01-13T00:00:00Z?cursor=VfrBPXIoQW9ONG9PU2YwSnNES1VOT05ESXhNamMwTUNsRFRqUXlNVEkzTkRBPawC&prevcursor=VZJvXVAwQW9ONGhzdkcwSnNETEVOT05ESXhNamcyT1MxQk1TeERUalF5TVRJNE5qa3RRVEU9yAE&lastcursor=VXeJXcgoQW9ONHA3MnYySnNES1VOT05ESXhNams1TWlsRFRqUXlNVEk1T1RJPWQ
2026-09-16T02:19:47Z	1	200	186407	3b42cecf2c453a718de7899fba33cd42bd0abc85c00a539ae41a01c764e6215c	https://api.tenders.gov.au/ocds/findByDates/contractPublished/2026-01-06T00:00:00Z/2026-01-13T00:00:00Z?cursor=VZyoRx4oQW9OdzZlekF6WnNES1VOT05ESXhNall4TXlsRFRqUXlNVEkyTVRNPZAD&prevcursor=VfrBPXIoQW9ONG9PU2YwSnNES1VOT05ESXhNamMwTUNsRFRqUXlNVEkzTkRBPawC&lastcursor=VZJvXVAwQW9ONGhzdkcwSnNETEVOT05ESXhNamcyT1MxQk1TeERUalF5TVRJNE5qa3RRVEU9yAE
2026-09-16T02:19:48Z	1	200	183940	717536d9f97d1e4ecb9922836317b8c622102239eb898ad12e13331e45562a52	https://api.tenders.gov.au/ocds/findByDates/contractPublished/2026-01-06T00:00:00Z/2026-01-13T00:00:00Z?cursor=VcxYBlQoQW9Od29mQ2R6WnNES1VOT05ESXhNalV4TnlsRFRqUXlNVEkxTVRjPfQD&prevcursor=VZyoRx4oQW9OdzZlekF6WnNES1VOT05ESXhNall4TXlsRFRqUXlNVEkyTVRNPZAD&lastcursor=VfrBPXIoQW9ONG9PU2YwSnNES1VOT05ESXhNamMwTUNsRFRqUXlNVEkzTkRBPawC
2026-09-16T02:19:49Z	1	200	190625	a4c11fcea8a2bbe1e4469768a843de25c2501985ec7bfd253c645cb9b2fb8b61	https://api.tenders.gov.au/ocds/findByDates/contractPublished/2026-01-06T00:00:00Z/2026-01-13T00:00:00Z?cursor=VUL150soQW9ONHdOTHJ5cHNES1VOT05ESXhNak00TVNsRFRqUXlNVEl6T0RFPdgE&prevcursor=VcxYBlQoQW9Od29mQ2R6WnNES1VOT05ESXhNalV4TnlsRFRqUXlNVEkxTVRjPfQD&lastcursor=VZyoRx4oQW9OdzZlekF6WnNES1VOT05ESXhNall4TXlsRFRqUXlNVEkyTVRNPZAD
2026-09-16T02:19:51Z	1	200	3045	7cc6aacadc028c4077152e417e82cf262eacdf8bcaf41bc99c9e7d4756ba297f	https://api.tenders.gov.au/ocds/findByDates/contractPublished/2026-01-06T00:00:00Z/2026-01-13T00:00:00Z?cursor=VX-cyGcoQW9ONC9lYXN5SnNES1VOT05ESXhNakkxTWlsRFRqUXlNVEl5TlRJPbwF&prevcursor=VUL150soQW9ONHdOTHJ5cHNES1VOT05ESXhNak00TVNsRFRqUXlNVEl6T0RFPdgE&lastcursor=VcxYBlQoQW9Od29mQ2R6WnNES1VOT05ESXhNalV4TnlsRFRqUXlNVEkxTVRjPfQD
2026-09-16T02:19:51Z	1	200	645	539b3236942574610966eda44ad3156a1fa0b70825f56e87a7d1a664bc595c8a	https://api.tenders.gov.au/ocds/findByDates/contractPublished/2026-01-06T00:00:00Z/2026-01-13T00:00:00Z?cursor=VezkOL8oQW9ONHdZYXB5SnNES1VOT05ESXhNakkwTkNsRFRqUXlNVEl5TkRRPb0F&prevcursor=VX-cyGcoQW9ONC9lYXN5SnNES1VOT05ESXhNakkxTWlsRFRqUXlNVEl5TlRJPbwF&lastcursor=VUL150soQW9ONHdOTHJ5cHNES1VOT05ESXhNak00TVNsRFRqUXlNVEl6T0RFPdgE
2026-09-16T02:19:52Z	1	200	188795	5dab57367a34113efadbe70e59d55361beea6033ea623c4a2f0936ae03b9256f	https://api.tenders.gov.au/ocds/findByDates/contractPublished/2026-01-13T00:00:00Z/2026-01-20T00:00:00Z
2026-09-16T02:19:53Z	1	200	184283	990aaa5e7355aacc92a08f80b5bf1796695bfe7933f63813fddd95e51de3d2ae	https://api.tenders.gov.au/ocds/findByDates/contractPublished/2026-01-13T00:00:00Z/2026-01-20T00:00:00Z?cursor=Vb1WJfQoQW9ONHg2K0M3SnNES1VOT05ESXhOREEyTlNsRFRqUXlNVFF3TmpVPWQ&prevcursor=initial&lastcursor=initial
2026-09-16T02:19:55Z	1	200	193847	0434d7df2dbe3c36e1021afcb7ff0a9bd964d51b496c712361db3fa168d69b3c	https://api.tenders.gov.au/ocds/findByDates/contractPublished/2026-01-13T00:00:00Z/2026-01-20T00:00:00Z?cursor=VX0_gIwoQW9ONG50L0Y2WnNES1VOT05ESXhNemt5T0NsRFRqUXlNVE01TWpnPcgB&prevcursor=Vb1WJfQoQW9ONHg2K0M3SnNES1VOT05ESXhOREEyTlNsRFRqUXlNVFF3TmpVPWQ&lastcursor=initial
2026-09-16T02:19:56Z	1	200	191625	bfe011ea1200323a3b521de457553ca96d5f1ab673de5ef64747ffd0c73a24b5	https://api.tenders.gov.au/ocds/findByDates/contractPublished/2026-01-13T00:00:00Z/2026-01-20T00:00:00Z?cursor=VddMyAsoQW9ONHovUEE0cHNES1VOT05ESXhNemMzTmlsRFRqUXlNVE0zTnpZPawC&prevcursor=VX0_gIwoQW9ONG50L0Y2WnNES1VOT05ESXhNemt5T0NsRFRqUXlNVE01TWpnPcgB&lastcursor=Vb1WJfQoQW9ONHg2K0M3SnNES1VOT05ESXhOREEyTlNsRFRqUXlNVFF3TmpVPWQ
2026-09-16T02:19:58Z	1	200	194149	ec5f48a25152e22e37a100d18453cb51f8ff4b3d9079e2112cb3d21428f1e33c	https://api.tenders.gov.au/ocds/findByDates/contractPublished/2026-01-13T00:00:00Z/2026-01-20T00:00:00Z?cursor=VVWWbkwoQW9Od3pibWo0cHNES1VOT05ESXhNelkxTmlsRFRqUXlNVE0yTlRZPZAD&prevcursor=VddMyAsoQW9ONHovUEE0cHNES1VOT05ESXhNemMzTmlsRFRqUXlNVE0zTnpZPawC&lastcursor=VX0_gIwoQW9ONG50L0Y2WnNES1VOT05ESXhNemt5T0NsRFRqUXlNVE01TWpnPcgB
2026-09-16T02:20:00Z	1	200	185047	b342bb9849cd1d80196dd57d800de1d1b2f678dc30561e7ff840599226257738	https://api.tenders.gov.au/ocds/findByDates/contractPublished/2026-01-13T00:00:00Z/2026-01-20T00:00:00Z?cursor=VYLz0yEoQW9ONHorUDQzNXNES1VOT05ESXhNelV3TkNsRFRqUXlNVE0xTURRPfQD&prevcursor=VVWWbkwoQW9Od3pibWo0cHNES1VOT05ESXhNelkxTmlsRFRqUXlNVE0yTlRZPZAD&lastcursor=VddMyAsoQW9ONHovUEE0cHNES1VOT05ESXhNemMzTmlsRFRqUXlNVE0zTnpZPawC
2026-09-16T02:20:01Z	1	200	189318	bbdae82898419eca0d68fe7aeae4363db7997f2ea8d50244c7221f880546ca63	https://api.tenders.gov.au/ocds/findByDates/contractPublished/2026-01-13T00:00:00Z/2026-01-20T00:00:00Z?cursor=VW-EcL0wQW9ONHFJU2YzNXNETEVOT05ESXhNek0yT1MxQk1TeERUalF5TVRNek5qa3RRVEU92AQ&prevcursor=VYLz0yEoQW9ONHorUDQzNXNES1VOT05ESXhNelV3TkNsRFRqUXlNVE0xTURRPfQD&lastcursor=VVWWbkwoQW9Od3pibWo0cHNES1VOT05ESXhNelkxTmlsRFRqUXlNVE0yTlRZPZAD
2026-09-16T02:20:03Z	1	200	173912	224c2ccacb8a65fcfd1b723d109fc11674cf563e595d7503b1d21b5b8a0d8b10	https://api.tenders.gov.au/ocds/findByDates/contractPublished/2026-01-13T00:00:00Z/2026-01-20T00:00:00Z?cursor=VX8owUgwQW9ONHFZMlUzWnNETEVOT05ESXhNekkxTVMxQk1TeERUalF5TVRNeU5URXRRVEU9vAU&prevcursor=VW-EcL0wQW9ONHFJU2YzNXNETEVOT05ESXhNek0yT1MxQk1TeERUalF5TVRNek5qa3RRVEU92AQ&lastcursor=VYLz0yEoQW9ONHorUDQzNXNES1VOT05ESXhNelV3TkNsRFRqUXlNVE0xTURRPfQD
2026-09-16T02:20:05Z	1	200	667	e1bd95ecbcaa849b69383bedd19a8375c9b2ee1c934cfde9b255de3c00cc72a3	https://api.tenders.gov.au/ocds/findByDates/contractPublished/2026-01-13T00:00:00Z/2026-01-20T00:00:00Z?cursor=VdjuXaQoQW9Ody80aXEycHNES1VOT05ESXhNekV3T1NsRFRqUXlNVE14TURrPZoG&prevcursor=VX8owUgwQW9ONHFZMlUzWnNETEVOT05ESXhNekkxTVMxQk1TeERUalF5TVRNeU5URXRRVEU9vAU&lastcursor=VW-EcL0wQW9ONHFJU2YzNXNETEVOT05ESXhNek0yT1MxQk1TeERUalF5TVRNek5qa3RRVEU92AQ
2026-09-16T02:20:05Z	1	200	187869	84f78fdf3eed79daf2239039c3d37115025e621a54fd5cb274b0c22c308c65b2	https://api.tenders.gov.au/ocds/findByDates/contractPublished/2026-01-20T00:00:00Z/2026-01-27T00:00:00Z
2026-09-16T02:20:07Z	1	200	187019	6376b470bd37a3edf8916796d5f50d8207ebb4c7385d71faacf6f83fed72f7fd	https://api.tenders.gov.au/ocds/findByDates/contractPublished/2026-01-20T00:00:00Z/2026-01-27T00:00:00Z?cursor=VW_KLjUoQW9ONHM0ZWgvcHNES1VOT05ESXhOVFV3TVNsRFRqUXlNVFUxTURFPWQ&prevcursor=initial&lastcursor=initial
2026-09-16T02:20:08Z	1	200	191298	c7c1a509e74545e5c2106f57e4fc3ae6d4b8e808ccf9f6d281d39185d17e1f45	https://api.tenders.gov.au/ocds/findByDates/contractPublished/2026-01-20T00:00:00Z/2026-01-27T00:00:00Z?cursor=Vek4XwYoQW9OdzJhckU5SnNES1VOT05ESXhOVE16T1NsRFRqUXlNVFV6TXprPcgB&prevcursor=VW_KLjUoQW9ONHM0ZWgvcHNES1VOT05ESXhOVFV3TVNsRFRqUXlNVFUxTURFPWQ&lastcursor=initial
2026-09-16T02:20:10Z	1	200	187782	6e9def7ebb818f0e08a748f0c9bf6a64ecddf14d3d8cf6296c954bade0dbb61e	https://api.tenders.gov.au/ocds/findByDates/contractPublished/2026-01-20T00:00:00Z/2026-01-27T00:00:00Z?cursor=VUP5bJkoQW9ONCtwR1k5SnNES1VOT05ESXhOVEl6TUNsRFRqUXlNVFV5TXpBPawC&prevcursor=Vek4XwYoQW9OdzJhckU5SnNES1VOT05ESXhOVE16T1NsRFRqUXlNVFV6TXprPcgB&lastcursor=VW_KLjUoQW9ONHM0ZWgvcHNES1VOT05ESXhOVFV3TVNsRFRqUXlNVFUxTURFPWQ
2026-09-16T02:20:11Z	1	200	188156	582f512ecf0cb4ee2f0bdc315f513dec421f5cf061fb5217e32f29e8fb61055d	https://api.tenders.gov.au/ocds/findByDates/contractPublished/2026-01-20T00:00:00Z/2026-01-27T00:00:00Z?cursor=VUv5dIMwQW9Od2dlVDE4NXNETEVOT05ESXhOVEE0TnkxQk1TeERUalF5TVRVd09EY3RRVEU9kAM&prevcursor=VUP5bJkoQW9ONCtwR1k5SnNES1VOT05ESXhOVEl6TUNsRFRqUXlNVFV5TXpBPawC&lastcursor=Vek4XwYoQW9OdzJhckU5SnNES1VOT05ESXhOVE16T1NsRFRqUXlNVFV6TXprPcgB
2026-09-16T02:20:13Z	1	200	190001	3a4714b69dade35a2d38174f88110711125ee0d8b4c743345cf778fa4bdf107e	https://api.tenders.gov.au/ocds/findByDates/contractPublished/2026-01-20T00:00:00Z/2026-01-27T00:00:00Z?cursor=VUbTesIoQW9Od3d2RFU4WnNES1VOT05ESXhORGt4TVNsRFRqUXlNVFE1TVRFPfQD&prevcursor=VUv5dIMwQW9Od2dlVDE4NXNETEVOT05ESXhOVEE0TnkxQk1TeERUalF5TVRVd09EY3RRVEU9kAM&lastcursor=VUP5bJkoQW9ONCtwR1k5SnNES1VOT05ESXhOVEl6TUNsRFRqUXlNVFV5TXpBPawC
2026-09-16T02:20:14Z	1	200	189646	800502e55f2d1da522d592727091d1d285ad1df2e680e9f76a5713680e9b394c	https://api.tenders.gov.au/ocds/findByDates/contractPublished/2026-01-20T00:00:00Z/2026-01-27T00:00:00Z?cursor=VSQ44AMoQW9ONDA2R2c4WnNES1VOT05ESXhORGM0TVNsRFRqUXlNVFEzT0RFPdgE&prevcursor=VUbTesIoQW9Od3d2RFU4WnNES1VOT05ESXhORGt4TVNsRFRqUXlNVFE1TVRFPfQD&lastcursor=VUv5dIMwQW9Od2dlVDE4NXNETEVOT05ESXhOVEE0TnkxQk1TeERUalF5TVRVd09EY3RRVEU9kAM
2026-09-16T02:20:16Z	1	200	185140	69232304fd81aa75dfdfee490655d0cab3a4b942662f45d86aa974e28f9e2960	https://api.tenders.gov.au/ocds/findByDates/contractPublished/2026-01-20T00:00:00Z/2026-01-27T00:00:00Z?cursor=VaFOQO4oQW9Od2hLekE3NXNES1VOT05ESXhORFl5TVNsRFRqUXlNVFEyTWpFPbwF&prevcursor=VSQ44AMoQW9ONDA2R2c4WnNES1VOT05ESXhORGM0TVNsRFRqUXlNVFEzT0RFPdgE&lastcursor=VUbTesIoQW9Od3d2RFU4WnNES1VOT05ESXhORGt4TVNsRFRqUXlNVFE1TVRFPfQD
2026-09-16T02:20:17Z	1	200	179677	603ae6dd2dc4197c4310f594b9f68c433e74d214f856ec8d8afd78bf048c7240	https://api.tenders.gov.au/ocds/findByDates/contractPublished/2026-01-20T00:00:00Z/2026-01-27T00:00:00Z?cursor=VZG5O5goQW9ONHNiVGU3cHNES1VOT05ESXhORE0zTlNsRFRqUXlNVFF6TnpVPaAG&prevcursor=VaFOQO4oQW9Od2hLekE3NXNES1VOT05ESXhORFl5TVNsRFRqUXlNVFEyTWpFPbwF&lastcursor=VSQ44AMoQW9ONDA2R2c4WnNES1VOT05ESXhORGM0TVNsRFRqUXlNVFEzT0RFPdgE
2026-09-16T02:20:19Z	1	200	645	ec5aa36454537db9f0af8fa952a3a4abc54efe630522ac7d9dedf39cdd76ccbd	https://api.tenders.gov.au/ocds/findByDates/contractPublished/2026-01-20T00:00:00Z/2026-01-27T00:00:00Z?cursor=Vdol1hsoQW9ONC9ZMng3SnNES1VOT05ESXhOREl4TXlsRFRqUXlNVFF5TVRNPf8G&prevcursor=VZG5O5goQW9ONHNiVGU3cHNES1VOT05ESXhORE0zTlNsRFRqUXlNVFF6TnpVPaAG&lastcursor=VaFOQO4oQW9Od2hLekE3NXNES1VOT05ESXhORFl5TVNsRFRqUXlNVFEyTWpFPbwF
2026-09-16T02:20:20Z	1	200	189152	2109f094a3d333c8ed2c08bfbe29e0bcac2659255811c572e432b01e2ba07a09	https://api.tenders.gov.au/ocds/findByDates/contractPublished/2026-01-27T00:00:00Z/2026-02-03T00:00:00Z
2026-09-16T02:20:21Z	1	200	192728	46773d1a1daf8f406d5168fb8abd15fa21d174bf9b747050d56efc7966cf890d	https://api.tenders.gov.au/ocds/findByDates/contractPublished/2026-01-27T00:00:00Z/2026-02-03T00:00:00Z?cursor=VfhjcnkoQW9ONC9aREhqcHdES1VOT05ESXhOekk1T1NsRFRqUXlNVGN5T1RrPWQ&prevcursor=initial&lastcursor=initial
2026-09-16T02:20:23Z	1	200	192321	b51ff22a50a7d8a08e23152db97d30cd054fa6875c24178a8698ea2e323e7e5c	https://api.tenders.gov.au/ocds/findByDates/contractPublished/2026-01-27T00:00:00Z/2026-02-03T00:00:00Z?cursor=VVT3ZHMoQW9OdzNNeVVqcHdES1VOT05ESXhOekF3TXlsRFRqUXlNVGN3TURNPcgB&prevcursor=VfhjcnkoQW9ONC9aREhqcHdES1VOT05ESXhOekk1T1NsRFRqUXlNVGN5T1RrPWQ&lastcursor=initial
2026-09-16T02:20:25Z	1	200	190306	de1d7f679ed474d09d7389bda8755de859ce15154af1daaf635cc2c4908d6e77	https://api.tenders.gov.au/ocds/findByDates/contractPublished/2026-01-27T00:00:00Z/2026-02-03T00:00:00Z?cursor=VWyEmxwoQW9ONGxxckdocHdES1VOT05ESXhOalkwTmlsRFRqUXlNVFkyTkRZPawC&prevcursor=VVT3ZHMoQW9OdzNNeVVqcHdES1VOT05ESXhOekF3TXlsRFRqUXlNVGN3TURNPcgB&lastcursor=VfhjcnkoQW9ONC9aREhqcHdES1VOT05ESXhOekk1T1NsRFRqUXlNVGN5T1RrPWQ
2026-09-16T02:20:26Z	1	200	186999	5b0c92bb32172dbc6a3606e7a45cbc0fa2d5c7fae51a70af48563ac362796d16	https://api.tenders.gov.au/ocds/findByDates/contractPublished/2026-01-27T00:00:00Z/2026-02-03T00:00:00Z?cursor=VSQeJjwoQW9ONGtxYXNocHdES1VOT05ESXhOalV6TkNsRFRqUXlNVFkxTXpRPZAD&prevcursor=VWyEmxwoQW9ONGxxckdocHdES1VOT05ESXhOalkwTmlsRFRqUXlNVFkyTkRZPawC&lastcursor=VVT3ZHMoQW9OdzNNeVVqcHdES1VOT05ESXhOekF3TXlsRFRqUXlNVGN3TURNPcgB
2026-09-16T02:20:28Z	1	200	187317	ea6a27eb7a82648a97860c859d3e59c018284ee226a9a7a516bbaeb57b026fa8	https://api.tenders.gov.au/ocds/findByDates/contractPublished/2026-01-27T00:00:00Z/2026-02-03T00:00:00Z?cursor=Vf-cA7soQW9ONHNNcnpoWndES1VOT05ESXhOak00TmlsRFRqUXlNVFl6T0RZPfQD&prevcursor=VSQeJjwoQW9ONGtxYXNocHdES1VOT05ESXhOalV6TkNsRFRqUXlNVFkxTXpRPZAD&lastcursor=VWyEmxwoQW9ONGxxckdocHdES1VOT05ESXhOalkwTmlsRFRqUXlNVFkyTkRZPawC
2026-09-16T02:20:29Z	1	200	194371	2d3ea39b27c295ec85ffb018c807737dd3ed78bef9e55e44a8185c2b1da66039	https://api.tenders.gov.au/ocds/findByDates/contractPublished/2026-01-27T00:00:00Z/2026-02-03T00:00:00Z?cursor=VUaEZ8UwQW9Ody9KclFnNXdETEVOT05ESXhOakkxTnkxQk1TeERUalF5TVRZeU5UY3RRVEU92AQ&prevcursor=Vf-cA7soQW9ONHNNcnpoWndES1VOT05ESXhOak00TmlsRFRqUXlNVFl6T0RZPfQD&lastcursor=VSQeJjwoQW9ONGtxYXNocHdES1VOT05ESXhOalV6TkNsRFRqUXlNVFkxTXpRPZAD
2026-09-16T02:20:31Z	1	200	195717	c0bec196e95786bd82c415adb87e14bc9bb27ce3c7ea8adef554e027259d5163	https://api.tenders.gov.au/ocds/findByDates/contractPublished/2026-01-27T00:00:00Z/2026-02-03T00:00:00Z?cursor=VeqJg_4oQW9ONHhNV3pnNXdES1VOT05ESXhOakUxTVNsRFRqUXlNVFl4TlRFPbwF&prevcursor=VUaEZ8UwQW9Ody9KclFnNXdETEVOT05ESXhOakkxTnkxQk1TeERUalF5TVRZeU5UY3RRVEU92AQ&lastcursor=Vf-cA7soQW9ONHNNcnpoWndES1VOT05ESXhOak00TmlsRFRqUXlNVFl6T0RZPfQD
2026-09-16T02:20:32Z	1	200	188584	e2587c0015fc3f9d40442ebaeb875ba62d3a66a361d5941d455099056891be66	https://api.tenders.gov.au/ocds/findByDates/contractPublished/2026-01-27T00:00:00Z/2026-02-03T00:00:00Z?cursor=Vf0P9ZsoQW9Od21wclRnWndES1VOT05ESXhOakF4TnlsRFRqUXlNVFl3TVRjPaAG&prevcursor=VeqJg_4oQW9ONHhNV3pnNXdES1VOT05ESXhOakUxTVNsRFRqUXlNVFl4TlRFPbwF&lastcursor=VUaEZ8UwQW9Ody9KclFnNXdETEVOT05ESXhOakkxTnkxQk1TeERUalF5TVRZeU5UY3RRVEU92AQ
2026-09-16T02:20:34Z	1	200	186911	9802050be7e07d8c5dcb6fba15dffb2974a92086a23e5b7cb12cfa2c438f99b1	https://api.tenders.gov.au/ocds/findByDates/contractPublished/2026-01-27T00:00:00Z/2026-02-03T00:00:00Z?cursor=VabNO1YoQW9ONCthRDZnSndES1VOT05ESXhOVGcwTUNsRFRqUXlNVFU0TkRBPYQH&prevcursor=Vf0P9ZsoQW9Od21wclRnWndES1VOT05ESXhOakF4TnlsRFRqUXlNVFl3TVRjPaAG&lastcursor=VeqJg_4oQW9ONHhNV3pnNXdES1VOT05ESXhOakUxTVNsRFRqUXlNVFl4TlRFPbwF
2026-09-16T02:20:35Z	1	200	184615	3727c70eb46a9e9c129b335b55d5b6db61e0bfecb9df997fa56163591b61c27f	https://api.tenders.gov.au/ocds/findByDates/contractPublished/2026-01-27T00:00:00Z/2026-02-03T00:00:00Z?cursor=VSL2sT8oQW9ONHFianovcHNES1VOT05ESXhOVGN4T1NsRFRqUXlNVFUzTVRrPegH&prevcursor=VabNO1YoQW9ONCthRDZnSndES1VOT05ESXhOVGcwTUNsRFRqUXlNVFU0TkRBPYQH&lastcursor=Vf0P9ZsoQW9Od21wclRnWndES1VOT05ESXhOakF4TnlsRFRqUXlNVFl3TVRjPaAG
2026-09-16T02:20:36Z	1	200	20360	0cbec129112d33a2c217ad277d18dad5faeaee9447a2e5267a020959d57af949	https://api.tenders.gov.au/ocds/findByDates/contractPublished/2026-01-27T00:00:00Z/2026-02-03T00:00:00Z?cursor=VZygnVsoQW9OdzNkNncvcHNES1VOT05ESXhOVFl3TUNsRFRqUXlNVFUyTURBPcwI&prevcursor=VSL2sT8oQW9ONHFianovcHNES1VOT05ESXhOVGN4T1NsRFRqUXlNVFUzTVRrPegH&lastcursor=VabNO1YoQW9ONCthRDZnSndES1VOT05ESXhOVGcwTUNsRFRqUXlNVFU0TkRBPYQH
2026-09-16T02:20:37Z	1	200	645	675acf58189efa97b64d0cb7a1e83147b695388e3c8ba6462f7a6d4f8a84077f	https://api.tenders.gov.au/ocds/findByDates/contractPublished/2026-01-27T00:00:00Z/2026-02-03T00:00:00Z?cursor=VbnECXMoQW9ONG9kMncvcHNES1VOT05ESXhOVFU1TWlsRFRqUXlNVFUxT1RJPdYI&prevcursor=VZygnVsoQW9OdzNkNncvcHNES1VOT05ESXhOVFl3TUNsRFRqUXlNVFUyTURBPcwI&lastcursor=VSL2sT8oQW9ONHFianovcHNES1VOT05ESXhOVGN4T1NsRFRqUXlNVFUzTVRrPegH
2026-09-16T02:20:38Z	1	200	186627	1536917c64dd864c7048738c8e9a3eb63196c5ca5ac8bc9cdc6dbdf71a704a30	https://api.tenders.gov.au/ocds/findByDates/contractPublished/2026-02-03T00:00:00Z/2026-02-10T00:00:00Z
2026-09-16T02:20:39Z	1	200	189620	05cf207ea0701f78bb0a6540864797b157ceccb79e1d8fe3a371986f2be0cd3c	https://api.tenders.gov.au/ocds/findByDates/contractPublished/2026-02-03T00:00:00Z/2026-02-10T00:00:00Z?cursor=VdDW-yEoQW9ONG9mT1dvSndES1VOT05ESXhPRFEyTkNsRFRqUXlNVGcwTmpRPWQ&prevcursor=initial&lastcursor=initial
2026-09-16T02:20:40Z	1	200	197854	2445fb8ec75ae000da6387504b34e6f3651f127e156879a9115fbbbed61c4c52	https://api.tenders.gov.au/ocds/findByDates/contractPublished/2026-02-03T00:00:00Z/2026-02-10T00:00:00Z?cursor=VVyQSEIoQW9ONHVMYU1vSndES1VOT05ESXhPRE0zTkNsRFRqUXlNVGd6TnpRPcgB&prevcursor=VdDW-yEoQW9ONG9mT1dvSndES1VOT05ESXhPRFEyTkNsRFRqUXlNVGcwTmpRPWQ&lastcursor=initial
2026-09-16T02:20:42Z	1	200	190895	98e68399a95568e33b54a8d3b1f193449b53b7f704622d35445aaafa21a0e4e6	https://api.tenders.gov.au/ocds/findByDates/contractPublished/2026-02-03T00:00:00Z/2026-02-10T00:00:00Z?cursor=VZjCP7IoQW9Od2pkamNtSndES1VOT05ESXhPREkxTnlsRFRqUXlNVGd5TlRjPawC&prevcursor=VVyQSEIoQW9ONHVMYU1vSndES1VOT05ESXhPRE0zTkNsRFRqUXlNVGd6TnpRPcgB&lastcursor=VdDW-yEoQW9ONG9mT1dvSndES1VOT05ESXhPRFEyTkNsRFRqUXlNVGcwTmpRPWQ
2026-09-16T02:20:44Z	1	200	183743	26ea8873841198939659267eff1d25ef1212f6e66ed56ae892c93758dc828046	https://api.tenders.gov.au/ocds/findByDates/contractPublished/2026-02-03T00:00:00Z/2026-02-10T00:00:00Z?cursor=VWaHNyUoQW9Od2g2N0JtSndES1VOT05ESXhPREUwTVNsRFRqUXlNVGd4TkRFPZAD&prevcursor=VZjCP7IoQW9Od2pkamNtSndES1VOT05ESXhPREkxTnlsRFRqUXlNVGd5TlRjPawC&lastcursor=VVyQSEIoQW9ONHVMYU1vSndES1VOT05ESXhPRE0zTkNsRFRqUXlNVGd6TnpRPcgB
2026-09-16T02:20:45Z	1	200	188407	3704122a57390d7a2f9e03f6663ef914a9d3e3527c5ad9710894c4c0c4e55b96	https://api.tenders.gov.au/ocds/findByDates/contractPublished/2026-02-03T00:00:00Z/2026-02-10T00:00:00Z?cursor=VTWXbLUoQW9Od3Z0RCtsWndES1VOT05ESXhPREF3T0NsRFRqUXlNVGd3TURnPfQD&prevcursor=VWaHNyUoQW9Od2g2N0JtSndES1VOT05ESXhPREUwTVNsRFRqUXlNVGd4TkRFPZAD&lastcursor=VZjCP7IoQW9Od2pkamNtSndES1VOT05ESXhPREkxTnlsRFRqUXlNVGd5TlRjPawC
2026-09-16T02:20:46Z	1	200	185453	11694861be345baebd495cb408fa4d176c281210aba105f88e2d38938b22378a	https://api.tenders.gov.au/ocds/findByDates/contractPublished/2026-02-03T00:00:00Z/2026-02-10T00:00:00Z?cursor=Va2oorsoQW9ONDg5VFVsWndES1VOT05ESXhOemcyTXlsRFRqUXlNVGM0TmpNPdgE&prevcursor=VTWXbLUoQW9Od3Z0RCtsWndES1VOT05ESXhPREF3T0NsRFRqUXlNVGd3TURnPfQD&lastcursor=VWaHNyUoQW9Od2g2N0JtSndES1VOT05ESXhPREUwTVNsRFRqUXlNVGd4TkRFPZAD
2026-09-16T02:20:48Z	1	200	186047	a3776de400669ee98ab62c21331a90b15c03f734f0b9df43197d3f1d730d9486	https://api.tenders.gov.au/ocds/findByDates/contractPublished/2026-02-03T00:00:00Z/2026-02-10T00:00:00Z?cursor=VSc3OxcoQW9Od3dzaWxrNXdES1VOT05ESXhOemN3TnlsRFRqUXlNVGMzTURjPbwF&prevcursor=Va2oorsoQW9ONDg5VFVsWndES1VOT05ESXhOemcyTXlsRFRqUXlNVGM0TmpNPdgE&lastcursor=VTWXbLUoQW9Od3Z0RCtsWndES1VOT05ESXhPREF3T0NsRFRqUXlNVGd3TURnPfQD
2026-09-16T02:20:49Z	1	200	188537	b14f163a0b45c88294ca62a91e34770b23d3ca229471e8ba3bf79afb86964106	https://api.tenders.gov.au/ocds/findByDates/contractPublished/2026-02-03T00:00:00Z/2026-02-10T00:00:00Z?cursor=Vela1u4oQW9ONHErbmtrSndES1VOT05ESXhOelUyTXlsRFRqUXlNVGMxTmpNPaAG&prevcursor=VSc3OxcoQW9Od3dzaWxrNXdES1VOT05ESXhOemN3TnlsRFRqUXlNVGMzTURjPbwF&lastcursor=Va2oorsoQW9ONDg5VFVsWndES1VOT05ESXhOemcyTXlsRFRqUXlNVGM0TmpNPdgE
2026-09-16T02:20:50Z	1	200	22059	b06a4e0090bb3bca3d956a685d26c98bc3e15199b3f28af10e2c16866c5f4d80	https://api.tenders.gov.au/ocds/findByDates/contractPublished/2026-02-03T00:00:00Z/2026-02-10T00:00:00Z?cursor=VQd_fxMoQW9ONDBJcklrSndES1VOT05ESXhOelEyTmlsRFRqUXlNVGMwTmpZPYQH&prevcursor=Vela1u4oQW9ONHErbmtrSndES1VOT05ESXhOelUyTXlsRFRqUXlNVGMxTmpNPaAG&lastcursor=VSc3OxcoQW9Od3dzaWxrNXdES1VOT05ESXhOemN3TnlsRFRqUXlNVGMzTURjPbwF
2026-09-16T02:20:51Z	1	200	645	ee5c202bf61301cedc349d55fbda6283aa374d97faebcf02f77d25a163d8b7cf	https://api.tenders.gov.au/ocds/findByDates/contractPublished/2026-02-03T00:00:00Z/2026-02-10T00:00:00Z?cursor=VUQngwkoQW9Od25kMjVrSndES1VOT05ESXhOelExTmlsRFRqUXlNVGMwTlRZPY8H&prevcursor=VQd_fxMoQW9ONDBJcklrSndES1VOT05ESXhOelEyTmlsRFRqUXlNVGMwTmpZPYQH&lastcursor=Vela1u4oQW9ONHErbmtrSndES1VOT05ESXhOelUyTXlsRFRqUXlNVGMxTmpNPaAG
2026-09-16T02:20:51Z	1	200	190980	bb5494fbb8f234fbc9864a8c8839a6f51d219789012c9bb549a8dbfaf001425b	https://api.tenders.gov.au/ocds/findByDates/contractPublished/2026-02-10T00:00:00Z/2026-02-17T00:00:00Z
2026-09-16T02:20:53Z	1	200	185700	bb75f6e8c37ce887d9c1bf9ed66fbf5cef6a13128a52ddd0e84f0ba40ea72355	https://api.tenders.gov.au/ocds/findByDates/contractPublished/2026-02-10T00:00:00Z/2026-02-17T00:00:00Z?cursor=Vf0obTgoQW9OdzV1K3V0SndES1VOT05ESXhPVGczT1NsRFRqUXlNVGs0TnprPWQ&prevcursor=initial&lastcursor=initial
2026-09-16T02:20:54Z	1	200	192018	c20617b8aa30d1c41d70cb11643ebdab353c31bf58a6d4f91563a12a20836886	https://api.tenders.gov.au/ocds/findByDates/contractPublished/2026-02-10T00:00:00Z/2026-02-17T00:00:00Z?cursor=VTbMMbwoQW9Od3FOck1xcHdES1VOT05ESXhPVGN4TXlsRFRqUXlNVGszTVRNPcgB&prevcursor=Vf0obTgoQW9OdzV1K3V0SndES1VOT05ESXhPVGczT1NsRFRqUXlNVGs0TnprPWQ&lastcursor=initial
2026-09-16T02:20:56Z	1	200	190200	d048f10fdeebe970d6fbb95e7518401e258b37e442da88ee178c3a64fcdee98a	https://api.tenders.gov.au/ocds/findByDates/contractPublished/2026-02-10T00:00:00Z/2026-02-17T00:00:00Z?cursor=VeDX5KIoQW9ONHJNZTlxcHdES1VOT05ESXhPVFU1TmlsRFRqUXlNVGsxT1RZPawC&prevcursor=VTbMMbwoQW9Od3FOck1xcHdES1VOT05ESXhPVGN4TXlsRFRqUXlNVGszTVRNPcgB&lastcursor=Vf0obTgoQW9OdzV1K3V0SndES1VOT05ESXhPVGczT1NsRFRqUXlNVGs0TnprPWQ
2026-09-16T02:20:57Z	1	200	188648	a60ff6089f4201d92c15a0d03e8410668137ce5c73799570d35081e47a0ed7c3	https://api.tenders.gov.au/ocds/findByDates/contractPublished/2026-02-10T00:00:00Z/2026-02-17T00:00:00Z?cursor=VdcPu9kwQW9ONHMvV2ZxcHdETEVOT05ESXhPVFEzT0MxQk1peERUalF5TVRrME56Z3RRVEk9kAM&prevcursor=VeDX5KIoQW9ONHJNZTlxcHdES1VOT05ESXhPVFU1TmlsRFRqUXlNVGsxT1RZPawC&lastcursor=VTbMMbwoQW9Od3FOck1xcHdES1VOT05ESXhPVGN4TXlsRFRqUXlNVGszTVRNPcgB
2026-09-16T02:20:58Z	1	200	189843	e8a15f50f1a2e3894ccfbbb8b3f3cb448eab3cd9ee909b55105853aa780b6d64	https://api.tenders.gov.au/ocds/findByDates/contractPublished/2026-02-10T00:00:00Z/2026-02-17T00:00:00Z?cursor=VaXnp34oQW9Od2pNdnJwNXdES1VOT05ESXhPVE13TlNsRFRqUXlNVGt6TURVPfQD&prevcursor=VdcPu9kwQW9ONHMvV2ZxcHdETEVOT05ESXhPVFEzT0MxQk1peERUalF5TVRrME56Z3RRVEk9kAM&lastcursor=VeDX5KIoQW9ONHJNZTlxcHdES1VOT05ESXhPVFU1TmlsRFRqUXlNVGsxT1RZPawC
2026-09-16T02:21:00Z	1	200	188523	435be261bf8c21780244fa9cd004593eff7528c5b5c1836cb1fe1ade5c9fe4a5	https://api.tenders.gov.au/ocds/findByDates/contractPublished/2026-02-10T00:00:00Z/2026-02-17T00:00:00Z?cursor=VWGhAJcoQW9ONDBKZlNwNXdES1VOT05ESXhPVEl3TWlsRFRqUXlNVGt5TURJPdgE&prevcursor=VaXnp34oQW9Od2pNdnJwNXdES1VOT05ESXhPVE13TlNsRFRqUXlNVGt6TURVPfQD&lastcursor=VdcPu9kwQW9ONHMvV2ZxcHdETEVOT05ESXhPVFEzT0MxQk1peERUalF5TVRrME56Z3RRVEk9kAM
2026-09-16T02:21:01Z	1	200	188598	422ca8851282724a45d04e19faa546693765d4afcfcc7840d275d7586d23e1a5	https://api.tenders.gov.au/ocds/findByDates/contractPublished/2026-02-10T00:00:00Z/2026-02-17T00:00:00Z?cursor=Vf9EQgIoQW9ONCsrK29wWndES1VOT05ESXhPVEEyTkNsRFRqUXlNVGt3TmpRPbwF&prevcursor=VWGhAJcoQW9ONDBKZlNwNXdES1VOT05ESXhPVEl3TWlsRFRqUXlNVGt5TURJPdgE&lastcursor=VaXnp34oQW9Od2pNdnJwNXdES1VOT05ESXhPVE13TlNsRFRqUXlNVGt6TURVPfQD
2026-09-16T02:21:03Z	1	200	185817	9656c8a91dec50264044bf52c4156703d6009fcdc6ce9a055286aef46684e266	https://api.tenders.gov.au/ocds/findByDates/contractPublished/2026-02-10T00:00:00Z/2026-02-17T00:00:00Z?cursor=VdQpZa8wQW9ONHQ5eW9wWndETEVOT05ESXhPRGs0TUMxQk1TeERUalF5TVRnNU9EQXRRVEU9oAY&prevcursor=Vf9EQgIoQW9ONCsrK29wWndES1VOT05ESXhPVEEyTkNsRFRqUXlNVGt3TmpRPbwF&lastcursor=VWGhAJcoQW9ONDBKZlNwNXdES1VOT05ESXhPVEl3TWlsRFRqUXlNVGt5TURJPdgE
2026-09-16T02:21:04Z	1	200	188483	069c5906f724285710de837e56223040c5f252320c21a76e6e55f38cd909c076	https://api.tenders.gov.au/ocds/findByDates/contractPublished/2026-02-10T00:00:00Z/2026-02-17T00:00:00Z?cursor=VVuKoSMoQW9Od3NyUGlvcHdES1VOT05ESXhPRGd6T1NsRFRqUXlNVGc0TXprPYQH&prevcursor=VdQpZa8wQW9ONHQ5eW9wWndETEVOT05ESXhPRGs0TUMxQk1TeERUalF5TVRnNU9EQXRRVEU9oAY&lastcursor=Vf9EQgIoQW9ONCsrK29wWndES1VOT05ESXhPVEEyTkNsRFRqUXlNVGt3TmpRPbwF
2026-09-16T02:21:05Z	1	200	90897	d6cf4f2c9659ed5141129247957ca8546b2e0bd9b1360e15e916ea7a0dfa0097	https://api.tenders.gov.au/ocds/findByDates/contractPublished/2026-02-10T00:00:00Z/2026-02-17T00:00:00Z?cursor=VcY5q0MoQW9Od29vYlhvcHdES1VOT05ESXhPRGN5T0NsRFRqUXlNVGczTWpnPegH&prevcursor=VVuKoSMoQW9Od3NyUGlvcHdES1VOT05ESXhPRGd6T1NsRFRqUXlNVGc0TXprPYQH&lastcursor=VdQpZa8wQW9ONHQ5eW9wWndETEVOT05ESXhPRGs0TUMxQk1TeERUalF5TVRnNU9EQXRRVEU9oAY
2026-09-16T02:21:06Z	1	200	645	0b26096cb430303b5455fbc7b5f0bc5c6e938dbbeac96b4468f78e9b4083f968	https://api.tenders.gov.au/ocds/findByDates/contractPublished/2026-02-10T00:00:00Z/2026-02-17T00:00:00Z?cursor=VdgMknIoQW9ONGhiRzNvcHdES1VOT05ESXhPRFk0TkNsRFRqUXlNVGcyT0RRPZcI&prevcursor=VcY5q0MoQW9Od29vYlhvcHdES1VOT05ESXhPRGN5T0NsRFRqUXlNVGczTWpnPegH&lastcursor=VVuKoSMoQW9Od3NyUGlvcHdES1VOT05ESXhPRGd6T1NsRFRqUXlNVGc0TXprPYQH
2026-09-16T02:21:07Z	1	200	184869	b4652e3ff0eb49701bd1a088887e05356e878fc95cac5be70ee86bf8787dc4a8	https://api.tenders.gov.au/ocds/findByDates/contractPublished/2026-02-17T00:00:00Z/2026-02-24T00:00:00Z
2026-09-16T02:21:08Z	1	200	192867	94b0c2c54e099b43f5f0b0d48dc39d675831e84b112261d79f44cd684d7f79cf	https://api.tenders.gov.au/ocds/findByDates/contractPublished/2026-02-17T00:00:00Z/2026-02-24T00:00:00Z?cursor=VVqVCbcoQW9Od3ZQYWt4cHdES1VOT05ESXlNVFV4TlNsRFRqUXlNakUxTVRVPWQ&prevcursor=initial&lastcursor=initial
2026-09-16T02:21:09Z	1	200	187246	7d538b4eb991c01eb6db2ae9bb656271682a17dc2a6004f0a875166bfe6edc8e	https://api.tenders.gov.au/ocds/findByDates/contractPublished/2026-02-17T00:00:00Z/2026-02-24T00:00:00Z?cursor=VeYE7AMoQW9ONDE5dXB4SndES1VOT05ESXlNVE14TVNsRFRqUXlNakV6TVRFPcgB&prevcursor=VVqVCbcoQW9Od3ZQYWt4cHdES1VOT05ESXlNVFV4TlNsRFRqUXlNakUxTVRVPWQ&lastcursor=initial
2026-09-16T02:21:10Z	1	200	184954	78f8690917d9d72d5c1c91e7232c9a1fb1101fd5b79c350cd2cbdde8eb89f903	https://api.tenders.gov.au/ocds/findByDates/contractPublished/2026-02-17T00:00:00Z/2026-02-24T00:00:00Z?cursor=VcUlK7ooQW9ONDNmYmh2SndES1VOT05ESXlNVEUyTVNsRFRqUXlNakV4TmpFPawC&prevcursor=VeYE7AMoQW9ONDE5dXB4SndES1VOT05ESXlNVE14TVNsRFRqUXlNakV6TVRFPcgB&lastcursor=VVqVCbcoQW9Od3ZQYWt4cHdES1VOT05ESXlNVFV4TlNsRFRqUXlNakUxTVRVPWQ
2026-09-16T02:21:11Z	1	200	185779	4091c928599f0905474f041f028bcc60291fd84801c7089d70ed342ed7d264ae	https://api.tenders.gov.au/ocds/findByDates/contractPublished/2026-02-17T00:00:00Z/2026-02-24T00:00:00Z?cursor=Vd4rbggoQW9OdzliRFR2SndES1VOT05ESXlNVEExTnlsRFRqUXlNakV3TlRjPZAD&prevcursor=VcUlK7ooQW9ONDNmYmh2SndES1VOT05ESXlNVEUyTVNsRFRqUXlNakV4TmpFPawC&lastcursor=VeYE7AMoQW9ONDE5dXB4SndES1VOT05ESXlNVE14TVNsRFRqUXlNakV6TVRFPcgB
2026-09-16T02:21:13Z	1	200	190594	7c3839b08ef82d1ba3135593bc7dfedd04d520140b9108ad79c5d3aa54ccabc5	https://api.tenders.gov.au/ocds/findByDates/contractPublished/2026-02-17T00:00:00Z/2026-02-24T00:00:00Z?cursor=VTFFZQUoQW9Od3dhZkF2SndES1VOT05ESXlNRGd5T1NsRFRqUXlNakE0TWprPfQD&prevcursor=Vd4rbggoQW9OdzliRFR2SndES1VOT05ESXlNVEExTnlsRFRqUXlNakV3TlRjPZAD&lastcursor=VcUlK7ooQW9ONDNmYmh2SndES1VOT05ESXlNVEUyTVNsRFRqUXlNakV4TmpFPawC
2026-09-16T02:21:14Z	1	200	188952	6adafea64191e2609d101b0c6402a89b47672abb43f4642064893a6367d05207	https://api.tenders.gov.au/ocds/findByDates/contractPublished/2026-02-17T00:00:00Z/2026-02-24T00:00:00Z?cursor=Vd4m8MMoQW9Od3haRzV2SndES1VOT05ESXlNRGMwTVNsRFRqUXlNakEzTkRFPdgE&prevcursor=VTFFZQUoQW9Od3dhZkF2SndES1VOT05ESXlNRGd5T1NsRFRqUXlNakE0TWprPfQD&lastcursor=Vd4rbggoQW9OdzliRFR2SndES1VOT05ESXlNVEExTnlsRFRqUXlNakV3TlRjPZAD
2026-09-16T02:21:15Z	1	200	194888	af26bbc8060d17f34dda8db589d9358558fbbe135d89f550b5c4d45a9f8e61a0	https://api.tenders.gov.au/ocds/findByDates/contractPublished/2026-02-17T00:00:00Z/2026-02-24T00:00:00Z?cursor=VUHjbIwwQW9Od3Z0dTF1cHdETEVOT05ESXlNRFU0TlMxQk1TeERUalF5TWpBMU9EVXRRVEU9vAU&prevcursor=Vd4m8MMoQW9Od3haRzV2SndES1VOT05ESXlNRGMwTVNsRFRqUXlNakEzTkRFPdgE&lastcursor=VTFFZQUoQW9Od3dhZkF2SndES1VOT05ESXlNRGd5T1NsRFRqUXlNakE0TWprPfQD
2026-09-16T02:21:17Z	1	200	188451	1663821eeedfa2252eb97c93a21f1b8a3f882035845570fa1cbca8a823d831f7	https://api.tenders.gov.au/ocds/findByDates/contractPublished/2026-02-17T00:00:00Z/2026-02-24T00:00:00Z?cursor=VaoFU6koQW9Od3YvSDJ1WndES1VOT05ESXlNRFExTXlsRFRqUXlNakEwTlRNPaAG&prevcursor=VUHjbIwwQW9Od3Z0dTF1cHdETEVOT05ESXlNRFU0TlMxQk1TeERUalF5TWpBMU9EVXRRVEU9vAU&lastcursor=Vd4m8MMoQW9Od3haRzV2SndES1VOT05ESXlNRGMwTVNsRFRqUXlNakEzTkRFPdgE
2026-09-16T02:21:18Z	1	200	189391	e04b05409afb102bb5aca28eb251c9057b84d23be55b9269b3fc4e7f2afb49fd	https://api.tenders.gov.au/ocds/findByDates/contractPublished/2026-02-17T00:00:00Z/2026-02-24T00:00:00Z?cursor=Va6c2k0oQW9ONHVkNzJ1WndES1VOT05ESXlNRE0xT0NsRFRqUXlNakF6TlRnPYQH&prevcursor=VaoFU6koQW9Od3YvSDJ1WndES1VOT05ESXlNRFExTXlsRFRqUXlNakEwTlRNPaAG&lastcursor=VUHjbIwwQW9Od3Z0dTF1cHdETEVOT05ESXlNRFU0TlMxQk1TeERUalF5TWpBMU9EVXRRVEU9vAU
2026-09-16T02:21:19Z	1	200	186117	21c48cbb03a3405d7af385b989b9582af7ae91f9c4ade9120b44af42c1aa5e26	https://api.tenders.gov.au/ocds/findByDates/contractPublished/2026-02-17T00:00:00Z/2026-02-24T00:00:00Z?cursor=VaoJMSQoQW9ONDhiVyt0NXdES1VOT05ESXhPRFkzTUNsRFRqUXlNVGcyTnpBPegH&prevcursor=Va6c2k0oQW9ONHVkNzJ1WndES1VOT05ESXlNRE0xT0NsRFRqUXlNakF6TlRnPYQH&lastcursor=VaoFU6koQW9Od3YvSDJ1WndES1VOT05ESXlNRFExTXlsRFRqUXlNakEwTlRNPaAG
2026-09-16T02:21:21Z	1	200	85010	81c04dbfa7e6a3acbdaaf0619fc34f417447f460d512093d2cc931051d2b05a5	https://api.tenders.gov.au/ocds/findByDates/contractPublished/2026-02-17T00:00:00Z/2026-02-24T00:00:00Z?cursor=VaYGGNooQW9Od3p1ZmR0SndES1VOT05ESXlNREV3TnlsRFRqUXlNakF4TURjPcwI&prevcursor=VaoJMSQoQW9ONDhiVyt0NXdES1VOT05ESXhPRFkzTUNsRFRqUXlNVGcyTnpBPegH&lastcursor=Va6c2k0oQW9ONHVkNzJ1WndES1VOT05ESXlNRE0xT0NsRFRqUXlNakF6TlRnPYQH
2026-09-16T02:21:22Z	1	200	645	a96a8ccdd65fb4006c3404c06ab5ecaeceedf57747a262521069c5897c6ad9b3	https://api.tenders.gov.au/ocds/findByDates/contractPublished/2026-02-17T00:00:00Z/2026-02-24T00:00:00Z?cursor=VWqtRL0wQW9ONGs2Szh0SndETEVOT05ESXhPVGs1T1MxQk1TeERUalF5TVRrNU9Ua3RRVEU9-Ag&prevcursor=VaYGGNooQW9Od3p1ZmR0SndES1VOT05ESXlNREV3TnlsRFRqUXlNakF4TURjPcwI&lastcursor=VaoJMSQoQW9ONDhiVyt0NXdES1VOT05ESXhPRFkzTUNsRFRqUXlNVGcyTnpBPegH
2026-09-16T02:21:23Z	1	200	189918	d20fae7d5628cdaea2b12ca7cfa5420293710c7f5d7f4ae9dca86f7d2c77e9fa	https://api.tenders.gov.au/ocds/findByDates/contractPublished/2026-02-24T00:00:00Z/2026-03-03T00:00:00Z
2026-09-16T02:21:25Z	1	200	188492	67c1d7b8f220df1d32dd50dfa53635ee7f55402d781f0e01d924f4cfe849158b	https://api.tenders.gov.au/ocds/findByDates/contractPublished/2026-02-24T00:00:00Z/2026-03-03T00:00:00Z?cursor=VeTPaqcoQW9Od3J0akYxcHdES1VOT05ESXlNamszTXlsRFRqUXlNakk1TnpNPWQ&prevcursor=initial&lastcursor=initial
2026-09-16T02:21:26Z	1	200	185574	0f19208973ad063e8d20da0abeddc100ab890a11f84882b0c475335a26776a26	https://api.tenders.gov.au/ocds/findByDates/contractPublished/2026-02-24T00:00:00Z/2026-03-03T00:00:00Z?cursor=VXQ8SoUoQW9ONG9NT1AxcHdES1VOT05ESXlNamcyTUNsRFRqUXlNakk0TmpBPcgB&prevcursor=VeTPaqcoQW9Od3J0akYxcHdES1VOT05ESXlNamszTXlsRFRqUXlNakk1TnpNPWQ&lastcursor=initial
2026-09-16T02:21:27Z	1	200	192268	ea965356c13017489f88d583ba2bea8b3bfe9466fcfa9ca0a680f29aa4417821	https://api.tenders.gov.au/ocds/findByDates/contractPublished/2026-02-24T00:00:00Z/2026-03-03T00:00:00Z?cursor=VTFnPIcoQW9ONC9yejUxWndES1VOT05ESXlNamMwTWlsRFRqUXlNakkzTkRJPawC&prevcursor=VXQ8SoUoQW9ONG9NT1AxcHdES1VOT05ESXlNamcyTUNsRFRqUXlNakk0TmpBPcgB&lastcursor=VeTPaqcoQW9Od3J0akYxcHdES1VOT05ESXlNamszTXlsRFRqUXlNakk1TnpNPWQ
2026-09-16T02:21:29Z	1	200	185087	c86b33e2f30935615e4653398dc17034df79536636cac89b6b2e349e9186473b	https://api.tenders.gov.au/ocds/findByDates/contractPublished/2026-02-24T00:00:00Z/2026-03-03T00:00:00Z?cursor=VWgbI8IwQW9ONDZhdVp6cHdETEVOT05ESXlNalU0TmkxQk1TeERUalF5TWpJMU9EWXRRVEU9kAM&prevcursor=VTFnPIcoQW9ONC9yejUxWndES1VOT05ESXlNamMwTWlsRFRqUXlNakkzTkRJPawC&lastcursor=VXQ8SoUoQW9ONG9NT1AxcHdES1VOT05ESXlNamcyTUNsRFRqUXlNakk0TmpBPcgB
2026-09-16T02:21:30Z	1	200	189265	02781e256b55ee7b87a595c7a4f096ee6a6df7afd67b8b88431548fc0057a10e	https://api.tenders.gov.au/ocds/findByDates/contractPublished/2026-02-24T00:00:00Z/2026-03-03T00:00:00Z?cursor=VSZCuosoQW9Od2xyaWR6SndES1VOT05ESXlNalF3TWlsRFRqUXlNakkwTURJPfQD&prevcursor=VWgbI8IwQW9ONDZhdVp6cHdETEVOT05ESXlNalU0TmkxQk1TeERUalF5TWpJMU9EWXRRVEU9kAM&lastcursor=VTFnPIcoQW9ONC9yejUxWndES1VOT05ESXlNamMwTWlsRFRqUXlNakkzTkRJPawC
2026-09-16T02:21:31Z	1	200	187283	a2bc8ac4d7d96d70ce1c7efddc76b3580bf8ef088a855be91729b0085910566b	https://api.tenders.gov.au/ocds/findByDates/contractPublished/2026-02-24T00:00:00Z/2026-03-03T00:00:00Z?cursor=Va00m90oQW9ONHFzeWJ6SndES1VOT05ESXlNak13TlNsRFRqUXlNakl6TURVPdgE&prevcursor=VSZCuosoQW9Od2xyaWR6SndES1VOT05ESXlNalF3TWlsRFRqUXlNakkwTURJPfQD&lastcursor=VWgbI8IwQW9ONDZhdVp6cHdETEVOT05ESXlNalU0TmkxQk1TeERUalF5TWpJMU9EWXRRVEU9kAM
2026-09-16T02:21:32Z	1	200	187504	8541f29c6c4d02bffa0846e736d0cd4c7839f0ec5e13490f334ce73879626e6b	https://api.tenders.gov.au/ocds/findByDates/contractPublished/2026-02-24T00:00:00Z/2026-03-03T00:00:00Z?cursor=VV1tEe0oQW9ONGhmdkt5NXdES1VOT05ESXlNakV4T1NsRFRqUXlNakl4TVRrPbwF&prevcursor=Va00m90oQW9ONHFzeWJ6SndES1VOT05ESXlNak13TlNsRFRqUXlNakl6TURVPdgE&lastcursor=VSZCuosoQW9Od2xyaWR6SndES1VOT05ESXlNalF3TWlsRFRqUXlNakkwTURJPfQD
2026-09-16T02:21:34Z	1	200	185156	72fbbf5ba64ad38e83f1e10c8261622e64fb09c575d988ac586caef5da6305f7	https://api.tenders.gov.au/ocds/findByDates/contractPublished/2026-02-24T00:00:00Z/2026-03-03T00:00:00Z?cursor=VXvzT8soQW9Od3o2Nmp5WndES1VOT05ESXhPVE0xT1NsRFRqUXlNVGt6TlRrPaAG&prevcursor=VV1tEe0oQW9ONGhmdkt5NXdES1VOT05ESXlNakV4T1NsRFRqUXlNakl4TVRrPbwF&lastcursor=Va00m90oQW9ONHFzeWJ6SndES1VOT05ESXlNak13TlNsRFRqUXlNakl6TURVPdgE
2026-09-16T02:21:35Z	1	200	121681	bdc0f82f21a6ac6ee60cb404e858a29599f00ef3193a5483df531a85e90a9601	https://api.tenders.gov.au/ocds/findByDates/contractPublished/2026-02-24T00:00:00Z/2026-03-03T00:00:00Z?cursor=VXQZbWooQW9ONCtyaU14NXdES1VOT05ESXlNVGMxTnlsRFRqUXlNakUzTlRjPYQH&prevcursor=VXvzT8soQW9Od3o2Nmp5WndES1VOT05ESXhPVE0xT1NsRFRqUXlNVGt6TlRrPaAG&lastcursor=VV1tEe0oQW9ONGhmdkt5NXdES1VOT05ESXlNakV4T1NsRFRqUXlNakl4TVRrPbwF
2026-09-16T02:21:36Z	1	200	645	927286719daf0959d322259486934489164592b70234b4848dd12f5b05f11230	https://api.tenders.gov.au/ocds/findByDates/contractPublished/2026-02-24T00:00:00Z/2026-03-03T00:00:00Z?cursor=VVSl3ewwQW9ONGl2ZSt4cHdETEVOT05ESXlNVFkwTVMxQk1TeERUalF5TWpFMk5ERXRRVEU9xgc&prevcursor=VXQZbWooQW9ONCtyaU14NXdES1VOT05ESXlNVGMxTnlsRFRqUXlNakUzTlRjPYQH&lastcursor=VXvzT8soQW9Od3o2Nmp5WndES1VOT05ESXhPVE0xT1NsRFRqUXlNVGt6TlRrPaAG
2026-09-16T02:21:37Z	1	200	187605	8883c44a877a3f739b1da29b5f0e329092c83aa53b8e51e6361a17f693cd07f0	https://api.tenders.gov.au/ocds/findByDates/contractPublished/2026-03-03T00:00:00Z/2026-03-10T00:00:00Z
2026-09-16T02:21:38Z	1	200	188653	8e11306ef6a7af88f7fb26e3a8f0cc9c7ee0ebba683655585d2d43ac7fb99457	https://api.tenders.gov.au/ocds/findByDates/contractPublished/2026-03-03T00:00:00Z/2026-03-10T00:00:00Z?cursor=VRY-BTIoQW9ONDhzYTQ2cHdES1VOT05ESXlORE16TlNsRFRqUXlNalF6TXpVPWQ&prevcursor=initial&lastcursor=initial
2026-09-16T02:21:39Z	1	200	190098	8688f8d05ad5d28cedfba2ebe177de8f1b0d43d81b0576c8520086a1933edba3	https://api.tenders.gov.au/ocds/findByDates/contractPublished/2026-03-03T00:00:00Z/2026-03-10T00:00:00Z?cursor=VVCWR-MoQW9ONDZmYXA2cHdES1VOT05ESXlOREkwTlNsRFRqUXlNalF5TkRVPcgB&prevcursor=VRY-BTIoQW9ONDhzYTQ2cHdES1VOT05ESXlORE16TlNsRFRqUXlNalF6TXpVPWQ&lastcursor=initial
2026-09-16T02:21:41Z	1	200	190866	34469345787bca776f48c2590349cdb0daaa125fdf064a84b2d6598265fd0a85	https://api.tenders.gov.au/ocds/findByDates/contractPublished/2026-03-03T00:00:00Z/2026-03-10T00:00:00Z?cursor=VWbGVPwoQW9ONDNiN2I0SndES1VOT05ESXlOREV4TnlsRFRqUXlNalF4TVRjPawC&prevcursor=VVCWR-MoQW9ONDZmYXA2cHdES1VOT05ESXlOREkwTlNsRFRqUXlNalF5TkRVPcgB&lastcursor=VRY-BTIoQW9ONDhzYTQ2cHdES1VOT05ESXlORE16TlNsRFRqUXlNalF6TXpVPWQ
2026-09-16T02:21:42Z	1	200	195704	ca56f21468a2b45aeedc79c2bcd2f5c1589457fa762c4bf76935f7bf7c738ff2	https://api.tenders.gov.au/ocds/findByDates/contractPublished/2026-03-03T00:00:00Z/2026-03-10T00:00:00Z?cursor=VdhNUJ8oQW9ONDBaKzk0SndES1VOT05ESXlNemszT1NsRFRqUXlNak01TnprPZAD&prevcursor=VWbGVPwoQW9ONDNiN2I0SndES1VOT05ESXlOREV4TnlsRFRqUXlNalF4TVRjPawC&lastcursor=VVCWR-MoQW9ONDZmYXA2cHdES1VOT05ESXlOREkwTlNsRFRqUXlNalF5TkRVPcgB
2026-09-16T02:21:44Z	1	200	190485	8aed8616a3eef51197fad69ae68d23f2aa140c4861ffed39668aaf21cd470d40	https://api.tenders.gov.au/ocds/findByDates/contractPublished/2026-03-03T00:00:00Z/2026-03-10T00:00:00Z?cursor=Vcvy5qIwQW9ONDFZMkw0SndETEVOT05ESXlNemczTVMxQk1TeERUalF5TWpNNE56RXRRVEU99AM&prevcursor=VdhNUJ8oQW9ONDBaKzk0SndES1VOT05ESXlNemszT1NsRFRqUXlNak01TnprPZAD&lastcursor=VWbGVPwoQW9ONDNiN2I0SndES1VOT05ESXlOREV4TnlsRFRqUXlNalF4TVRjPawC
2026-09-16T02:21:45Z	1	200	188026	9177b85c964bd384546862609d8f8933b42722e31414c08b20da6ff2c88e595c	https://api.tenders.gov.au/ocds/findByDates/contractPublished/2026-03-03T00:00:00Z/2026-03-10T00:00:00Z?cursor=VYPH_esoQW9Od3NwbUszcHdES1VOT05ESXlNemN3TWlsRFRqUXlNak0zTURJPdgE&prevcursor=Vcvy5qIwQW9ONDFZMkw0SndETEVOT05ESXlNemczTVMxQk1TeERUalF5TWpNNE56RXRRVEU99AM&lastcursor=VdhNUJ8oQW9ONDBaKzk0SndES1VOT05ESXlNemszT1NsRFRqUXlNak01TnprPZAD
2026-09-16T02:21:46Z	1	200	187325	e3dd8a71ed18989802e7de99752ddbbca45881d0cd44a9ab598cbc14c110406e	https://api.tenders.gov.au/ocds/findByDates/contractPublished/2026-03-03T00:00:00Z/2026-03-10T00:00:00Z?cursor=VWqfe88oQW9ONGtjek0zWndES1VOT05ESXlNelU1TkNsRFRqUXlNak0xT1RRPbwF&prevcursor=VYPH_esoQW9Od3NwbUszcHdES1VOT05ESXlNemN3TWlsRFRqUXlNak0zTURJPdgE&lastcursor=Vcvy5qIwQW9ONDFZMkw0SndETEVOT05ESXlNemczTVMxQk1TeERUalF5TWpNNE56RXRRVEU99AM
2026-09-16T02:21:48Z	1	200	185360	9d3b1c034bbdc8003823572c9bb80ac8f1d0f1279f4d0791de6bc075745eb9cf	https://api.tenders.gov.au/ocds/findByDates/contractPublished/2026-03-03T00:00:00Z/2026-03-10T00:00:00Z?cursor=VUm45u0oQW9ONHZhbTkyNXdES1VOT05ESXlNelEwTWlsRFRqUXlNak0wTkRJPaAG&prevcursor=VWqfe88oQW9ONGtjek0zWndES1VOT05ESXlNelU1TkNsRFRqUXlNak0xT1RRPbwF&lastcursor=VYPH_esoQW9Od3NwbUszcHdES1VOT05ESXlNemN3TWlsRFRqUXlNak0zTURJPdgE
2026-09-16T02:21:49Z	1	200	186895	ab3b8d76df91b30cc52b7c197a5e050438f93976cc67a6cabd411e02f8e8f091	https://api.tenders.gov.au/ocds/findByDates/contractPublished/2026-03-03T00:00:00Z/2026-03-10T00:00:00Z?cursor=VSR1syIoQW9Ody85T0wyWndES1VOT05ESXlNamN6TkNsRFRqUXlNakkzTXpRPYQH&prevcursor=VUm45u0oQW9ONHZhbTkyNXdES1VOT05ESXlNelEwTWlsRFRqUXlNak0wTkRJPaAG&lastcursor=VWqfe88oQW9ONGtjek0zWndES1VOT05ESXlNelU1TkNsRFRqUXlNak0xT1RRPbwF
2026-09-16T02:21:50Z	1	200	73211	f46a6146c70537f953fe43694c6e484aa58147055e95dc6c09ebb8d9022ab042	https://api.tenders.gov.au/ocds/findByDates/contractPublished/2026-03-03T00:00:00Z/2026-03-10T00:00:00Z?cursor=VcIsm1IoQW9ONDU3WG4ySndES1VOT05ESXlNekUzTWlsRFRqUXlNak14TnpJPegH&prevcursor=VSR1syIoQW9Ody85T0wyWndES1VOT05ESXlNamN6TkNsRFRqUXlNakkzTXpRPYQH&lastcursor=VUm45u0oQW9ONHZhbTkyNXdES1VOT05ESXlNelEwTWlsRFRqUXlNak0wTkRJPaAG
2026-09-16T02:21:51Z	1	200	645	eaf9a9bf85821c9efa276cdad3b66c41191796d7ac0078ed1a413f3797234b14	https://api.tenders.gov.au/ocds/findByDates/contractPublished/2026-03-03T00:00:00Z/2026-03-10T00:00:00Z?cursor=VcfF_h4oQW9Od3ROYS8ySndES1VOT05ESXlNekUwTWlsRFRqUXlNak14TkRJPY4I&prevcursor=VcIsm1IoQW9ONDU3WG4ySndES1VOT05ESXlNekUzTWlsRFRqUXlNak14TnpJPegH&lastcursor=VSR1syIoQW9Ody85T0wyWndES1VOT05ESXlNamN6TkNsRFRqUXlNakkzTXpRPYQH
2026-09-16T02:21:52Z	1	200	184808	b0f3a5c843cc6a20678ef1a525b5a9e1925cd5c7784e7f8b5880164d6382e109	https://api.tenders.gov.au/ocds/findByDates/contractPublished/2026-03-10T00:00:00Z/2026-03-17T00:00:00Z
2026-09-16T02:21:53Z	1	200	183246	9e35d7f74cad3a2f83b42102e657d5b573d90b8392a6c033478f8776b87e177c	https://api.tenders.gov.au/ocds/findByDates/contractPublished/2026-03-10T00:00:00Z/2026-03-17T00:00:00Z?cursor=VQp_wd8oQW9ONHdwekYrcHdES1VOT05ESXlOVFl3TmlsRFRqUXlNalUyTURZPWQ&prevcursor=initial&lastcursor=initial
2026-09-16T02:21:54Z	1	200	187320	9a1862f75560b91647cb6e71bb46ef373c0d9750c9f393e28a63e2be39b2ca5f	https://api.tenders.gov.au/ocds/findByDates/contractPublished/2026-03-10T00:00:00Z/2026-03-17T00:00:00Z?cursor=VRkm798wQW9ONHlMZm8rWndETEVOT05ESXlOVFEzTmkxQk1TeERUalF5TWpVME56WXRRVEU9yAE&prevcursor=VQp_wd8oQW9ONHdwekYrcHdES1VOT05ESXlOVFl3TmlsRFRqUXlNalUyTURZPWQ&lastcursor=initial
2026-09-16T02:21:55Z	1	200	191099	e39d878c5f5bd961a22be75dc3f4fc37fa18c67ecc09b5cf94e942ee86d36b78	https://api.tenders.gov.au/ocds/findByDates/contractPublished/2026-03-10T00:00:00Z/2026-03-17T00:00:00Z?cursor=VRggjHAoQW9ONG9vYmE4cHdES1VOT05ESXlOVE16TXlsRFRqUXlNalV6TXpNPawC&prevcursor=VRkm798wQW9ONHlMZm8rWndETEVOT05ESXlOVFEzTmkxQk1TeERUalF5TWpVME56WXRRVEU9yAE&lastcursor=VQp_wd8oQW9ONHdwekYrcHdES1VOT05ESXlOVFl3TmlsRFRqUXlNalUyTURZPWQ
2026-09-16T02:21:57Z	1	200	187222	6d053e80173af8ac38fc2808571c0dc3ad818f4b46a0638eb971dc28a4a74c7b	https://api.tenders.gov.au/ocds/findByDates/contractPublished/2026-03-10T00:00:00Z/2026-03-17T00:00:00Z?cursor=VbIWsT4oQW9Ody9NYVk4cHdES1VOT05ESXlOVEU1TmlsRFRqUXlNalV4T1RZPZAD&prevcursor=VRggjHAoQW9ONG9vYmE4cHdES1VOT05ESXlOVE16TXlsRFRqUXlNalV6TXpNPawC&lastcursor=VRkm798wQW9ONHlMZm8rWndETEVOT05ESXlOVFEzTmkxQk1TeERUalF5TWpVME56WXRRVEU9yAE
2026-09-16T02:21:58Z	1	200	189633	2847c1e229ea1a75c635f55e90b4c7278af07993a313242df93f5cc9a9ffeb6f	https://api.tenders.gov.au/ocds/findByDates/contractPublished/2026-03-10T00:00:00Z/2026-03-17T00:00:00Z?cursor=VbPctUgoQW9Od2xmL1I3NXdES1VOT05ESXlOVEF5TlNsRFRqUXlNalV3TWpVPfQD&prevcursor=VbIWsT4oQW9Ody9NYVk4cHdES1VOT05ESXlOVEU1TmlsRFRqUXlNalV4T1RZPZAD&lastcursor=VRggjHAoQW9ONG9vYmE4cHdES1VOT05ESXlOVE16TXlsRFRqUXlNalV6TXpNPawC
2026-09-16T02:22:00Z	1	200	184598	3f46c2174cab5c56550fd21e463b2e98acf50396b84b9aac7cdffd555d1a2b8f	https://api.tenders.gov.au/ocds/findByDates/contractPublished/2026-03-10T00:00:00Z/2026-03-17T00:00:00Z?cursor=VVSe47goQW9ONGpxdkw3NXdES1VOT05ESXlORGt5TXlsRFRqUXlNalE1TWpNPdgE&prevcursor=VbPctUgoQW9Od2xmL1I3NXdES1VOT05ESXlOVEF5TlNsRFRqUXlNalV3TWpVPfQD&lastcursor=VbIWsT4oQW9Ody9NYVk4cHdES1VOT05ESXlOVEU1TmlsRFRqUXlNalV4T1RZPZAD
2026-09-16T02:22:01Z	1	200	190228	e181f70c1e95d8e8e326c468fd8231255fe1e2e15289abf6f7b2aad59026e75b	https://api.tenders.gov.au/ocds/findByDates/contractPublished/2026-03-10T00:00:00Z/2026-03-17T00:00:00Z?cursor=VeuBU9QoQW9OdzBhV2I3WndES1VOT05ESXlORFk1T0NsRFRqUXlNalEyT1RnPbwF&prevcursor=VVSe47goQW9ONGpxdkw3NXdES1VOT05ESXlORGt5TXlsRFRqUXlNalE1TWpNPdgE&lastcursor=VbPctUgoQW9Od2xmL1I3NXdES1VOT05ESXlOVEF5TlNsRFRqUXlNalV3TWpVPfQD
2026-09-16T02:22:03Z	1	200	185018	c109fb1837e983b4dffcaa28205a7e6026cf5c0f6d4845f330250df84d647321	https://api.tenders.gov.au/ocds/findByDates/contractPublished/2026-03-10T00:00:00Z/2026-03-17T00:00:00Z?cursor=VXLOyLkoQW9Od2x2ajQ3SndES1VOT05ESXlORFU1TVNsRFRqUXlNalExT1RFPaAG&prevcursor=VeuBU9QoQW9OdzBhV2I3WndES1VOT05ESXlORFk1T0NsRFRqUXlNalEyT1RnPbwF&lastcursor=VVSe47goQW9ONGpxdkw3NXdES1VOT05ESXlORGt5TXlsRFRqUXlNalE1TWpNPdgE
2026-09-16T02:22:04Z	1	200	59534	7b4e663f3e8908ae7f440513573322a3a87ceb5a042ed3e80f6aa2af520ca6af	https://api.tenders.gov.au/ocds/findByDates/contractPublished/2026-03-10T00:00:00Z/2026-03-17T00:00:00Z?cursor=VTaQF7MoQW9Od3VKcmk2cHdES1VOT05ESXlORFEzTkNsRFRqUXlNalEwTnpRPYQH&prevcursor=VXLOyLkoQW9Od2x2ajQ3SndES1VOT05ESXlORFU1TVNsRFRqUXlNalExT1RFPaAG&lastcursor=VeuBU9QoQW9OdzBhV2I3WndES1VOT05ESXlORFk1T0NsRFRqUXlNalEyT1RnPbwF
2026-09-16T02:22:05Z	1	200	645	f74e587dd6f770092d1786d8dd923dba81846e33435fcc477d2858499a2ee28f	https://api.tenders.gov.au/ocds/findByDates/contractPublished/2026-03-10T00:00:00Z/2026-03-17T00:00:00Z?cursor=VbxxBKEoQW9ONHovN0Y2cHdES1VOT05ESXlORFF6T1NsRFRqUXlNalEwTXprPaQH&prevcursor=VTaQF7MoQW9Od3VKcmk2cHdES1VOT05ESXlORFEzTkNsRFRqUXlNalEwTnpRPYQH&lastcursor=VXLOyLkoQW9Od2x2ajQ3SndES1VOT05ESXlORFU1TVNsRFRqUXlNalExT1RFPaAG
2026-09-16T02:22:05Z	1	200	184440	7f1350ab869b1aad6d38cea072a23aab8ba4af437cf447f0cbb774bff9d54c6a	https://api.tenders.gov.au/ocds/findByDates/contractPublished/2026-03-17T00:00:00Z/2026-03-24T00:00:00Z
2026-09-16T02:22:06Z	1	200	186355	fc7402b9d839e0b2912c39aa2838d7d7beccfde4aeb2ea0997b76bd33723d38e	https://api.tenders.gov.au/ocds/findByDates/contractPublished/2026-03-17T00:00:00Z/2026-03-24T00:00:00Z?cursor=VdVmF9UoQW9ONHcraTdqSjBES1VOT05ESXlOek15T1NsRFRqUXlNamN6TWprPWQ&prevcursor=initial&lastcursor=initial
2026-09-16T02:22:07Z	1	200	185886	9efbf96d12eea4dd7f83ea77abe124f9e4415a3273e575d02c9d7865fae42558	https://api.tenders.gov.au/ocds/findByDates/contractPublished/2026-03-17T00:00:00Z/2026-03-24T00:00:00Z?cursor=VV68RJooQW9Od2k1T3RqSjBES1VOT05ESXlOekU0T0NsRFRqUXlNamN4T0RnPcgB&prevcursor=VdVmF9UoQW9ONHcraTdqSjBES1VOT05ESXlOek15T1NsRFRqUXlNamN6TWprPWQ&lastcursor=initial
2026-09-16T02:22:09Z	1	200	189561	7919cd16f0e743c0a7dcccc122bf66ebd623ad65d284cdea447eb9b1697dedd6	https://api.tenders.gov.au/ocds/findByDates/contractPublished/2026-03-17T00:00:00Z/2026-03-24T00:00:00Z?cursor=VWoDNpwoQW9Od3pxam5pNTBES1VOT05ESXlOekExTnlsRFRqUXlNamN3TlRjPawC&prevcursor=VV68RJooQW9Od2k1T3RqSjBES1VOT05ESXlOekU0T0NsRFRqUXlNamN4T0RnPcgB&lastcursor=VdVmF9UoQW9ONHcraTdqSjBES1VOT05ESXlOek15T1NsRFRqUXlNamN6TWprPWQ
2026-09-16T02:22:11Z	1	200	188370	9aad67b91ae597f992f385d7ae9cf8180a08a05d1c24a55d21d72d9d384da4ab	https://api.tenders.gov.au/ocds/findByDates/contractPublished/2026-03-17T00:00:00Z/2026-03-24T00:00:00Z?cursor=VUL5OzooQW9Od21mblpoSjBES1VOT05ESXlOamt6TlNsRFRqUXlNalk1TXpVPZAD&prevcursor=VWoDNpwoQW9Od3pxam5pNTBES1VOT05ESXlOekExTnlsRFRqUXlNamN3TlRjPawC&lastcursor=VV68RJooQW9Od2k1T3RqSjBES1VOT05ESXlOekU0T0NsRFRqUXlNamN4T0RnPcgB
2026-09-16T02:22:12Z	1	200	186580	ec751410a6d2e63ca6037e916c56d683d0c2a85e056287fe45ca613a43aa2d6e	https://api.tenders.gov.au/ocds/findByDates/contractPublished/2026-03-17T00:00:00Z/2026-03-24T00:00:00Z?cursor=VSS9CKUwQW9ONC9ZdTBoSjBETEVOT05ESXlOamMzTmkxQk1TeERUalF5TWpZM056WXRRVEU99AM&prevcursor=VUL5OzooQW9Od21mblpoSjBES1VOT05ESXlOamt6TlNsRFRqUXlNalk1TXpVPZAD&lastcursor=VWoDNpwoQW9Od3pxam5pNTBES1VOT05ESXlOekExTnlsRFRqUXlNamN3TlRjPawC
2026-09-16T02:22:13Z	1	200	188240	f345a0e4038d61f169b242ee98a8c3236101da49783d4f3f18937292dc9efd1c	https://api.tenders.gov.au/ocds/findByDates/contractPublished/2026-03-17T00:00:00Z/2026-03-24T00:00:00Z?cursor=VdyHdDsoQW9Od29KbWRncDBES1VOT05ESXlOalkyT0NsRFRqUXlNalkyTmpnPdgE&prevcursor=VSS9CKUwQW9ONC9ZdTBoSjBETEVOT05ESXlOamMzTmkxQk1TeERUalF5TWpZM056WXRRVEU99AM&lastcursor=VUL5OzooQW9Od21mblpoSjBES1VOT05ESXlOamt6TlNsRFRqUXlNalk1TXpVPZAD
2026-09-16T02:22:15Z	1	200	190545	009eea46af963dcfacd0b5ca3ef40e2e714cd3397146f010b8c01c0c779671ea	https://api.tenders.gov.au/ocds/findByDates/contractPublished/2026-03-17T00:00:00Z/2026-03-24T00:00:00Z?cursor=Veln8tIoQW9ONDBzMk5ncDBES1VOT05ESXlOalUxTkNsRFRqUXlNalkxTlRRPbwF&prevcursor=VdyHdDsoQW9Od29KbWRncDBES1VOT05ESXlOalkyT0NsRFRqUXlNalkyTmpnPdgE&lastcursor=VSS9CKUwQW9ONC9ZdTBoSjBETEVOT05ESXlOamMzTmkxQk1TeERUalF5TWpZM056WXRRVEU99AM
2026-09-16T02:22:16Z	1	200	183282	a3b400f27f3aca9d51b660eca61e4cf7287ecd1b30c1b161bb15225f875b1a09	https://api.tenders.gov.au/ocds/findByDates/contractPublished/2026-03-17T00:00:00Z/2026-03-24T00:00:00Z?cursor=VTqRwg4oQW9Od2s1bmYvNXdES1VOT05ESXlOVFUxTmlsRFRqUXlNalUxTlRZPaAG&prevcursor=Veln8tIoQW9ONDBzMk5ncDBES1VOT05ESXlOalUxTkNsRFRqUXlNalkxTlRRPbwF&lastcursor=VdyHdDsoQW9Od29KbWRncDBES1VOT05ESXlOalkyT0NsRFRqUXlNalkyTmpnPdgE
2026-09-16T02:22:18Z	1	200	186252	e7124b26b938d02c0473e33ab30a16042289e1ef8edbb3b3d315a1791721c5cb	https://api.tenders.gov.au/ocds/findByDates/contractPublished/2026-03-17T00:00:00Z/2026-03-24T00:00:00Z?cursor=VSbl5xIoQW9ONGtOR2MvNXdES1VOT05ESXlOakk1TXlsRFRqUXlNall5T1RNPYQH&prevcursor=VTqRwg4oQW9Od2s1bmYvNXdES1VOT05ESXlOVFUxTmlsRFRqUXlNalUxTlRZPaAG&lastcursor=Veln8tIoQW9ONDBzMk5ncDBES1VOT05ESXlOalUxTkNsRFRqUXlNalkxTlRRPbwF
2026-09-16T02:22:19Z	1	200	192205	4ad5d79b2f4e312a52f19a621c5f1efe6b1156e9dc9793d3a424f2b0782ce2f0	https://api.tenders.gov.au/ocds/findByDates/contractPublished/2026-03-17T00:00:00Z/2026-03-24T00:00:00Z?cursor=Ve0C1rswQW9Od2lyYUovWndETEVOT05ESXlOakE1T0MxQk1TeERUalF5TWpZd09UZ3RRVEU96Ac&prevcursor=VSbl5xIoQW9ONGtOR2MvNXdES1VOT05ESXlOakk1TXlsRFRqUXlNall5T1RNPYQH&lastcursor=VTqRwg4oQW9Od2s1bmYvNXdES1VOT05ESXlOVFUxTmlsRFRqUXlNalUxTlRZPaAG
2026-09-16T02:22:21Z	1	200	191071	59dc262cff477ad00b5e98b10af0c73ef490ee650bf7d8c0390df9c981374cc4	https://api.tenders.gov.au/ocds/findByDates/contractPublished/2026-03-17T00:00:00Z/2026-03-24T00:00:00Z?cursor=VRcfjWsoQW9ONHVPNkcvWndES1VOT05ESXlOVGs1TUNsRFRqUXlNalU1T1RBPcwI&prevcursor=Ve0C1rswQW9Od2lyYUovWndETEVOT05ESXlOakE1T0MxQk1TeERUalF5TWpZd09UZ3RRVEU96Ac&lastcursor=VSbl5xIoQW9ONGtOR2MvNXdES1VOT05ESXlOakk1TXlsRFRqUXlNall5T1RNPYQH
2026-09-16T02:22:22Z	1	200	131637	691d0a744a7b3072793330a21c2ebcd50ffe86489c76d5a97192c140fc54321c	https://api.tenders.gov.au/ocds/findByDates/contractPublished/2026-03-17T00:00:00Z/2026-03-24T00:00:00Z?cursor=VYi1Xe4oQW9OdzJMR0MvWndES1VOT05ESXlOVGcxTnlsRFRqUXlNalU0TlRjPbAJ&prevcursor=VRcfjWsoQW9ONHVPNkcvWndES1VOT05ESXlOVGs1TUNsRFRqUXlNalU1T1RBPcwI&lastcursor=Ve0C1rswQW9Od2lyYUovWndETEVOT05ESXlOakE1T0MxQk1TeERUalF5TWpZd09UZ3RRVEU96Ac
2026-09-16T02:22:23Z	1	200	645	b5d3dc2320a1ed59de9c730f1822ddc460765112967119461c4c7424de8c82a7	https://api.tenders.gov.au/ocds/findByDates/contractPublished/2026-03-17T00:00:00Z/2026-03-24T00:00:00Z?cursor=VVDHY9YoQW9ONDV1Yk0vSndES1VOT05ESXlOVGMxTmlsRFRqUXlNalUzTlRZPfcJ&prevcursor=VYi1Xe4oQW9OdzJMR0MvWndES1VOT05ESXlOVGcxTnlsRFRqUXlNalU0TlRjPbAJ&lastcursor=VRcfjWsoQW9ONHVPNkcvWndES1VOT05ESXlOVGs1TUNsRFRqUXlNalU1T1RBPcwI
2026-09-16T02:22:24Z	1	200	182962	bf9ab240a97985cd41ab37c65617c598d0733dc7e82fbf17a0a1239c97357ca5	https://api.tenders.gov.au/ocds/findByDates/contractPublished/2026-03-24T00:00:00Z/2026-03-31T00:00:00Z
2026-09-16T02:22:25Z	1	200	186020	6b5b4db0afadc87678ccfe10999fdade48ef251e472be8ff9cbaa71929d41ffe	https://api.tenders.gov.au/ocds/findByDates/contractPublished/2026-03-24T00:00:00Z/2026-03-31T00:00:00Z?cursor=VRsjud4oQW9Od3ViNm1uNTBES1VOT05ESXlPVEV5T0NsRFRqUXlNamt4TWpnPWQ&prevcursor=initial&lastcursor=initial
2026-09-16T02:22:26Z	1	200	188608	201c717febeefaa324ad49725e6c0472b6bb3ff104c30de359e73e8d4e363f23	https://api.tenders.gov.au/ocds/findByDates/contractPublished/2026-03-24T00:00:00Z/2026-03-31T00:00:00Z?cursor=VfHWtLYwQW9ONHpMMjhucDBETEVOT05ESXlPRGsxTUMxQk1TeERUalF5TWpnNU5UQXRRVEU9yAE&prevcursor=VRsjud4oQW9Od3ViNm1uNTBES1VOT05ESXlPVEV5T0NsRFRqUXlNamt4TWpnPWQ&lastcursor=initial
2026-09-16T02:22:28Z	1	200	190438	27165b6eec6c17a1ba8628148f69292c941f5c0de45e537924cf547ca4eea9c1	https://api.tenders.gov.au/ocds/findByDates/contractPublished/2026-03-24T00:00:00Z/2026-03-31T00:00:00Z?cursor=VTsreikoQW9Od2hyUDBscDBES1VOT05ESXlPRGd4TlNsRFRqUXlNamc0TVRVPawC&prevcursor=VfHWtLYwQW9ONHpMMjhucDBETEVOT05ESXlPRGsxTUMxQk1TeERUalF5TWpnNU5UQXRRVEU9yAE&lastcursor=VRsjud4oQW9Od3ViNm1uNTBES1VOT05ESXlPVEV5T0NsRFRqUXlNamt4TWpnPWQ
2026-09-16T02:22:29Z	1	200	190994	f60af3b8932406ce23922a1908160d7fce009dcd6cf91b16b210d4aa793b0743	https://api.tenders.gov.au/ocds/findByDates/contractPublished/2026-03-24T00:00:00Z/2026-03-31T00:00:00Z?cursor=VYRwcGgoQW9Od3FaemNscDBES1VOT05ESXlPRFkzTVNsRFRqUXlNamcyTnpFPZAD&prevcursor=VTsreikoQW9Od2hyUDBscDBES1VOT05ESXlPRGd4TlNsRFRqUXlNamc0TVRVPawC&lastcursor=VfHWtLYwQW9ONHpMMjhucDBETEVOT05ESXlPRGsxTUMxQk1TeERUalF5TWpnNU5UQXRRVEU9yAE
2026-09-16T02:22:30Z	1	200	193566	8e815dcfd3126dc3ef96cd77565c80d3c92f6cbd001454113b28961d6c1d9c0e	https://api.tenders.gov.au/ocds/findByDates/contractPublished/2026-03-24T00:00:00Z/2026-03-31T00:00:00Z?cursor=VerNpMkoQW9Od3NQdUVscDBES1VOT05ESXlPRFUwTXlsRFRqUXlNamcxTkRNPfQD&prevcursor=VYRwcGgoQW9Od3FaemNscDBES1VOT05ESXlPRFkzTVNsRFRqUXlNamcyTnpFPZAD&lastcursor=VTsreikoQW9Od2hyUDBscDBES1VOT05ESXlPRGd4TlNsRFRqUXlNamc0TVRVPawC
2026-09-16T02:22:31Z	1	200	189340	6542892b19429666b4e46c3a0d5767ec36f37c79a73b1f3c123c8b93fcfd75e4	https://api.tenders.gov.au/ocds/findByDates/contractPublished/2026-03-24T00:00:00Z/2026-03-31T00:00:00Z?cursor=VfO7SdAoQW9Od2w0Q2FsSjBES1VOT05ESXlPREUxTVNsRFRqUXlNamd4TlRFPdgE&prevcursor=VerNpMkoQW9Od3NQdUVscDBES1VOT05ESXlPRFUwTXlsRFRqUXlNamcxTkRNPfQD&lastcursor=VYRwcGgoQW9Od3FaemNscDBES1VOT05ESXlPRFkzTVNsRFRqUXlNamcyTnpFPZAD
2026-09-16T02:22:33Z	1	200	184986	64fdbefff48b6d66f0a92f2d30c10212f854206d3c8c8e1b3d6e5a86eca1a398	https://api.tenders.gov.au/ocds/findByDates/contractPublished/2026-03-24T00:00:00Z/2026-03-31T00:00:00Z?cursor=VVQPl8ooQW9ONGo5T1VsSjBES1VOT05ESXlPREk1TXlsRFRqUXlNamd5T1RNPbwF&prevcursor=VfO7SdAoQW9Od2w0Q2FsSjBES1VOT05ESXlPREUxTVNsRFRqUXlNamd4TlRFPdgE&lastcursor=VerNpMkoQW9Od3NQdUVscDBES1VOT05ESXlPRFUwTXlsRFRqUXlNamcxTkRNPfQD
2026-09-16T02:22:34Z	1	200	184559	142e2fe34bc9f842c56011a5ffc0e1175d1ccbd5550be6e5f3c31d739f1fdb93	https://api.tenders.gov.au/ocds/findByDates/contractPublished/2026-03-24T00:00:00Z/2026-03-31T00:00:00Z?cursor=Va5zjx0oQW9Od2pJZUxsSjBES1VOT05ESXlPREU1T1NsRFRqUXlNamd4T1RrPaAG&prevcursor=VVQPl8ooQW9ONGo5T1VsSjBES1VOT05ESXlPREk1TXlsRFRqUXlNamd5T1RNPbwF&lastcursor=VfO7SdAoQW9Od2w0Q2FsSjBES1VOT05ESXlPREUxTVNsRFRqUXlNamd4TlRFPdgE
2026-09-16T02:22:35Z	1	200	193308	328fa696d8090ba7d6afc4dc261c025633a5fe2ff1d5eb9bd66a947ffc94fd1f	https://api.tenders.gov.au/ocds/findByDates/contractPublished/2026-03-24T00:00:00Z/2026-03-31T00:00:00Z?cursor=VQTbVVAwQW9Od242bk1rWjBETEVOT05ESXlPREF5T0MxQk1TeERUalF5TWpnd01qZ3RRVEU9hAc&prevcursor=Va5zjx0oQW9Od2pJZUxsSjBES1VOT05ESXlPREU1T1NsRFRqUXlNamd4T1RrPaAG&lastcursor=VVQPl8ooQW9ONGo5T1VsSjBES1VOT05ESXlPREk1TXlsRFRqUXlNamd5T1RNPbwF
2026-09-16T02:22:36Z	1	200	199091	42b63f7b8ae111c2080ce63ab1d47d419c5e680490f742369bb2a12a020ec80d	https://api.tenders.gov.au/ocds/findByDates/contractPublished/2026-03-24T00:00:00Z/2026-03-31T00:00:00Z?cursor=VU_eAJooQW9ONHd1eVBrWjBES1VOT05ESXlOemt3TVNsRFRqUXlNamM1TURFPegH&prevcursor=VQTbVVAwQW9Od242bk1rWjBETEVOT05ESXlPREF5T0MxQk1TeERUalF5TWpnd01qZ3RRVEU9hAc&lastcursor=Va5zjx0oQW9Od2pJZUxsSjBES1VOT05ESXlPREU1T1NsRFRqUXlNamd4T1RrPaAG
2026-09-16T02:22:38Z	1	200	190838	d397a26de4b097e1f97d4d15d26894b29ebacb835774747fc168e5bede48085e	https://api.tenders.gov.au/ocds/findByDates/contractPublished/2026-03-24T00:00:00Z/2026-03-31T00:00:00Z?cursor=Ver-PTooQW9ONDQ5aVlqNTBES1VOT05ESXlOemd4TUNsRFRqUXlNamM0TVRBPcwI&prevcursor=VU_eAJooQW9ONHd1eVBrWjBES1VOT05ESXlOemt3TVNsRFRqUXlNamM1TURFPegH&lastcursor=VQTbVVAwQW9Od242bk1rWjBETEVOT05ESXlPREF5T0MxQk1TeERUalF5TWpnd01qZ3RRVEU9hAc
2026-09-16T02:22:39Z	1	200	198951	05eaeb57d0c63cacd8affbef3e2819f330431b03cb339af15366fdfcfa9a82ff	https://api.tenders.gov.au/ocds/findByDates/contractPublished/2026-03-24T00:00:00Z/2026-03-31T00:00:00Z?cursor=VXt2JhsoQW9Od2ljU0dqNTBES1VOT05ESXlOelkyTVNsRFRqUXlNamMyTmpFPbAJ&prevcursor=Ver-PTooQW9ONDQ5aVlqNTBES1VOT05ESXlOemd4TUNsRFRqUXlNamM0TVRBPcwI&lastcursor=VU_eAJooQW9ONHd1eVBrWjBES1VOT05ESXlOemt3TVNsRFRqUXlNamM1TURFPegH
2026-09-16T02:22:41Z	1	200	120605	8732006e29924b5fcec5bdf25e76abeae93c421419e122566c0f8cefcf98ef15	https://api.tenders.gov.au/ocds/findByDates/contractPublished/2026-03-24T00:00:00Z/2026-03-31T00:00:00Z?cursor=Vb_OcgYoQW9Od3ZOMzRqcDBES1VOT05ESXlOelUxTnlsRFRqUXlNamMxTlRjPZQK&prevcursor=VXt2JhsoQW9Od2ljU0dqNTBES1VOT05ESXlOelkyTVNsRFRqUXlNamMyTmpFPbAJ&lastcursor=Ver-PTooQW9ONDQ5aVlqNTBES1VOT05ESXlOemd4TUNsRFRqUXlNamM0TVRBPcwI
2026-09-16T02:22:42Z	1	200	645	5abaab350e4afc4f5069f68f6286e628c268b1ee159b6c67832f89c6e6ce6018	https://api.tenders.gov.au/ocds/findByDates/contractPublished/2026-03-24T00:00:00Z/2026-03-31T00:00:00Z?cursor=VfGs6K4oQW9ONHM4L05qcDBES1VOT05ESXlOelE0TVNsRFRqUXlNamMwT0RFPdIK&prevcursor=Vb_OcgYoQW9Od3ZOMzRqcDBES1VOT05ESXlOelUxTnlsRFRqUXlNamMxTlRjPZQK&lastcursor=VXt2JhsoQW9Od2ljU0dqNTBES1VOT05ESXlOelkyTVNsRFRqUXlNamMyTmpFPbAJ
2026-09-16T02:22:43Z	1	200	187178	80226460894941559bf48e0040ac3d111ea65c433a68d4f06120acc7fc831f8c	https://api.tenders.gov.au/ocds/findByDates/contractPublished/2026-03-31T00:00:00Z/2026-04-07T00:00:00Z
2026-09-16T02:22:44Z	1	200	190157	4c0bdf166f29e9dd4a32cd3f2ec3385c36959bda19059e5113cb89e53cc61c1b	https://api.tenders.gov.au/ocds/findByDates/contractPublished/2026-03-31T00:00:00Z/2026-04-07T00:00:00Z?cursor=VXoWPLYoQW9ONDBmR2dwcDBES1VOT05ESXpNRFEwTkNsRFRqUXlNekEwTkRRPWQ&prevcursor=initial&lastcursor=initial
2026-09-16T02:22:45Z	1	200	207008	ae77b7fc69b0793668dd4280011ccdf34af80114ea2a2f237dc2aa28f64712f8	https://api.tenders.gov.au/ocds/findByDates/contractPublished/2026-03-31T00:00:00Z/2026-04-07T00:00:00Z?cursor=VdBH_HIoQW9ONGxhK1RwcDBES1VOT05ESXpNRE16TUNsRFRqUXlNekF6TXpBPcgB&prevcursor=VXoWPLYoQW9ONDBmR2dwcDBES1VOT05ESXpNRFEwTkNsRFRqUXlNekEwTkRRPWQ&lastcursor=initial
2026-09-16T02:22:47Z	1	200	210363	41dd38a2a883faa75cc85dd77a75ddb4393ec95cb886a62ac845e32e34813623	https://api.tenders.gov.au/ocds/findByDates/contractPublished/2026-03-31T00:00:00Z/2026-04-07T00:00:00Z?cursor=VTfx9xkoQW9ONHM4T0pwcDBES1VOT05ESXpNREl6T0NsRFRqUXlNekF5TXpnPawC&prevcursor=VdBH_HIoQW9ONGxhK1RwcDBES1VOT05ESXpNRE16TUNsRFRqUXlNekF6TXpBPcgB&lastcursor=VXoWPLYoQW9ONDBmR2dwcDBES1VOT05ESXpNRFEwTkNsRFRqUXlNekEwTkRRPWQ
2026-09-16T02:22:49Z	1	200	209633	8b7e7fc4a538351b60b5f1b4b702400d51b7a491daae3d0a83e8ad54d254352b	https://api.tenders.gov.au/ocds/findByDates/contractPublished/2026-03-31T00:00:00Z/2026-04-07T00:00:00Z?cursor=VQDGOakoQW9Od3VLSC9wWjBES1VOT05ESXpNREUyT0NsRFRqUXlNekF4TmpnPZAD&prevcursor=VTfx9xkoQW9ONHM4T0pwcDBES1VOT05ESXpNREl6T0NsRFRqUXlNekF5TXpnPawC&lastcursor=VdBH_HIoQW9ONGxhK1RwcDBES1VOT05ESXpNRE16TUNsRFRqUXlNekF6TXpBPcgB
2026-09-16T02:22:51Z	1	200	195146	2b96eb09f0a6a32658bfcfc589b3e899ed0e4c73791b4b814435cee8f792d093	https://api.tenders.gov.au/ocds/findByDates/contractPublished/2026-03-31T00:00:00Z/2026-04-07T00:00:00Z?cursor=VWpnelkoQW9ONG1wYi9wWjBES1VOT05ESXpNREE1TmlsRFRqUXlNekF3T1RZPfQD&prevcursor=VQDGOakoQW9Od3VLSC9wWjBES1VOT05ESXpNREUyT0NsRFRqUXlNekF4TmpnPZAD&lastcursor=VTfx9xkoQW9ONHM4T0pwcDBES1VOT05ESXpNREl6T0NsRFRqUXlNekF5TXpnPawC
2026-09-16T02:22:52Z	1	200	186849	2b85777b32cde7c5713680ed71766f3bf505516a2cefed89a5e98fffb47b7202	https://api.tenders.gov.au/ocds/findByDates/contractPublished/2026-03-31T00:00:00Z/2026-04-07T00:00:00Z?cursor=VcK5vkQoQW9ONGhOSFNwWjBES1VOT05ESXlPVGsyTXlsRFRqUXlNams1TmpNPdgE&prevcursor=VWpnelkoQW9ONG1wYi9wWjBES1VOT05ESXpNREE1TmlsRFRqUXlNekF3T1RZPfQD&lastcursor=VQDGOakoQW9Od3VLSC9wWjBES1VOT05ESXpNREUyT0NsRFRqUXlNekF4TmpnPZAD
2026-09-16T02:22:54Z	1	200	190594	e5c5103c94c63658c13d5fc3e4374f358b2696a99a91cdd03d2f359cfddb2402	https://api.tenders.gov.au/ocds/findByDates/contractPublished/2026-03-31T00:00:00Z/2026-04-07T00:00:00Z?cursor=VRjTUPIoQW9ONG91ak5vNTBES1VOT05ESXlPVGd6TkNsRFRqUXlNams0TXpRPbwF&prevcursor=VcK5vkQoQW9ONGhOSFNwWjBES1VOT05ESXlPVGsyTXlsRFRqUXlNams1TmpNPdgE&lastcursor=VWpnelkoQW9ONG1wYi9wWjBES1VOT05ESXpNREE1TmlsRFRqUXlNekF3T1RZPfQD
2026-09-16T02:22:55Z	1	200	185411	6e34a683336dc9883003f4cb7231d21c550c3e78b5a899790eecad25675501e1	https://api.tenders.gov.au/ocds/findByDates/contractPublished/2026-03-31T00:00:00Z/2026-04-07T00:00:00Z?cursor=VYBaDT8oQW9Od2g4aTRvNTBES1VOT05ESXlPVGN6TkNsRFRqUXlNamszTXpRPaAG&prevcursor=VRjTUPIoQW9ONG91ak5vNTBES1VOT05ESXlPVGd6TkNsRFRqUXlNams0TXpRPbwF&lastcursor=VcK5vkQoQW9ONGhOSFNwWjBES1VOT05ESXlPVGsyTXlsRFRqUXlNams1TmpNPdgE
2026-09-16T02:22:56Z	1	200	185893	b2c5701add2accad1cd6e9beb7fefb9ce2ba5a1bc2c8b22047f4a4e483f7dc32	https://api.tenders.gov.au/ocds/findByDates/contractPublished/2026-03-31T00:00:00Z/2026-04-07T00:00:00Z?cursor=VZmjdTcoQW9ONDNvV2FvWjBES1VOT05ESXlPVEV3T1NsRFRqUXlNamt4TURrPYQH&prevcursor=VYBaDT8oQW9Od2g4aTRvNTBES1VOT05ESXlPVGN6TkNsRFRqUXlNamszTXpRPaAG&lastcursor=VRjTUPIoQW9ONG91ak5vNTBES1VOT05ESXlPVGd6TkNsRFRqUXlNams0TXpRPbwF
2026-09-16T02:22:57Z	1	200	185026	56077a83145d62e891ab80c846b89b53ec18847f40612a8e5242d04d73336410	https://api.tenders.gov.au/ocds/findByDates/contractPublished/2026-03-31T00:00:00Z/2026-04-07T00:00:00Z?cursor=VcpsRJMwQW9ONCtNU1FvWjBETEVOT05ESXlPVFV6T1MxQk1TeERUalF5TWprMU16a3RRVEU96Ac&prevcursor=VZmjdTcoQW9ONDNvV2FvWjBES1VOT05ESXlPVEV3T1NsRFRqUXlNamt4TURrPYQH&lastcursor=VYBaDT8oQW9Od2g4aTRvNTBES1VOT05ESXlPVGN6TkNsRFRqUXlNamszTXpRPaAG
2026-09-16T02:22:58Z	1	200	182531	a6fdd6d6c8569a77fa38dcec314f7efe636a1626bc833354fd1ad16bfc20ff70	https://api.tenders.gov.au/ocds/findByDates/contractPublished/2026-03-31T00:00:00Z/2026-04-07T00:00:00Z?cursor=Vec82PMoQW9ONDZiWHRvSjBES1VOT05ESXlPVFF5TXlsRFRqUXlNamswTWpNPcwI&prevcursor=VcpsRJMwQW9ONCtNU1FvWjBETEVOT05ESXlPVFV6T1MxQk1TeERUalF5TWprMU16a3RRVEU96Ac&lastcursor=VZmjdTcoQW9ONDNvV2FvWjBES1VOT05ESXlPVEV3T1NsRFRqUXlNamt4TURrPYQH
2026-09-16T02:22:59Z	1	200	656	790f3299e0a365b2d84aeac05223037b042dea48786b9cf00bdb131d080c2a45	https://api.tenders.gov.au/ocds/findByDates/contractPublished/2026-03-31T00:00:00Z/2026-04-07T00:00:00Z?cursor=VSHgxqkoQW9Od25zbk1vSjBES1VOT05ESXlPVEkzTWlsRFRqUXlNamt5TnpJPa8J&prevcursor=Vec82PMoQW9ONDZiWHRvSjBES1VOT05ESXlPVFF5TXlsRFRqUXlNamswTWpNPcwI&lastcursor=VcpsRJMwQW9ONCtNU1FvWjBETEVOT05ESXlPVFV6T1MxQk1TeERUalF5TWprMU16a3RRVEU96Ac
2026-09-16T02:23:00Z	1	200	187082	007737f89b4360aeb1cdccbc3403989867fc8e32bbc669be11d18fc09d073663	https://api.tenders.gov.au/ocds/findByDates/contractPublished/2026-04-07T00:00:00Z/2026-04-14T00:00:00Z
2026-09-16T02:23:01Z	1	200	190348	b659039a538fed72f9a75cee510af85b9028e0767cf7025690178a014449418c	https://api.tenders.gov.au/ocds/findByDates/contractPublished/2026-04-07T00:00:00Z/2026-04-14T00:00:00Z?cursor=VRxxhE8oQW9Od2libkJ3cDBES1VOT05ESXpNakUxTUNsRFRqUXlNekl4TlRBPWQ&prevcursor=initial&lastcursor=initial
2026-09-16T02:23:03Z	1	200	187086	a1f5aa0fb09d9cb29539f1b2975ea24512f10feb3edfe308b3d391fbf9c6e60c	https://api.tenders.gov.au/ocds/findByDates/contractPublished/2026-04-07T00:00:00Z/2026-04-14T00:00:00Z?cursor=VSwnCVsoQW9Od3JvS0R1NTBES1VOT05ESXpNVGs1TUNsRFRqUXlNekU1T1RBPcgB&prevcursor=VRxxhE8oQW9Od2libkJ3cDBES1VOT05ESXpNakUxTUNsRFRqUXlNekl4TlRBPWQ&lastcursor=initial
2026-09-16T02:23:04Z	1	200	188499	8a68d032cc14b9a5869181a64277284b4b026be4935287401e698ef6aa0602e4	https://api.tenders.gov.au/ocds/findByDates/contractPublished/2026-04-07T00:00:00Z/2026-04-14T00:00:00Z?cursor=VWDTY6koQW9ONDZwN3N1cDBES1VOT05ESXpNVGcwTkNsRFRqUXlNekU0TkRRPawC&prevcursor=VSwnCVsoQW9Od3JvS0R1NTBES1VOT05ESXpNVGs1TUNsRFRqUXlNekU1T1RBPcgB&lastcursor=VRxxhE8oQW9Od2libkJ3cDBES1VOT05ESXpNakUxTUNsRFRqUXlNekl4TlRBPWQ
2026-09-16T02:23:05Z	1	200	188567	4596cd964b5bb16cacdd621292412496520c8454dc85b02097adc49cd9a9a61e	https://api.tenders.gov.au/ocds/findByDates/contractPublished/2026-04-07T00:00:00Z/2026-04-14T00:00:00Z?cursor=VamuUvAwQW9Od3FleUZ1SjBETEVOT05ESXpNVFkzTnkxQk1TeERUalF5TXpFMk56Y3RRVEU9kAM&prevcursor=VWDTY6koQW9ONDZwN3N1cDBES1VOT05ESXpNVGcwTkNsRFRqUXlNekU0TkRRPawC&lastcursor=VSwnCVsoQW9Od3JvS0R1NTBES1VOT05ESXpNVGs1TUNsRFRqUXlNekU1T1RBPcgB
2026-09-16T02:23:06Z	1	200	183518	3d6416c19faf70012abd26b6090dea851df6b7aabacb1feb1e1ba4eb52d2b92d	https://api.tenders.gov.au/ocds/findByDates/contractPublished/2026-04-07T00:00:00Z/2026-04-14T00:00:00Z?cursor=Vcuvmc0oQW9Od3daSDN0NTBES1VOT05ESXpNVFU0TUNsRFRqUXlNekUxT0RBPfQD&prevcursor=VamuUvAwQW9Od3FleUZ1SjBETEVOT05ESXpNVFkzTnkxQk1TeERUalF5TXpFMk56Y3RRVEU9kAM&lastcursor=VWDTY6koQW9ONDZwN3N1cDBES1VOT05ESXpNVGcwTkNsRFRqUXlNekU0TkRRPawC
2026-09-16T02:23:07Z	1	200	189394	1fc1da57a58c35c7f24c2423c0f2ef899b8014f8e1a9a1eb90d11df28c3c90a2	https://api.tenders.gov.au/ocds/findByDates/contractPublished/2026-04-07T00:00:00Z/2026-04-14T00:00:00Z?cursor=Vch9_DkoQW9ONHVmYnh0WjBES1VOT05ESXpNVFF5TmlsRFRqUXlNekUwTWpZPdgE&prevcursor=Vcuvmc0oQW9Od3daSDN0NTBES1VOT05ESXpNVFU0TUNsRFRqUXlNekUxT0RBPfQD&lastcursor=VamuUvAwQW9Od3FleUZ1SjBETEVOT05ESXpNVFkzTnkxQk1TeERUalF5TXpFMk56Y3RRVEU9kAM
2026-09-16T02:23:09Z	1	200	188310	5fa5c39cf55721112d7b7a8a0e538cb4925ea0b3d44c18dc3e1e41b5f182ef40	https://api.tenders.gov.au/ocds/findByDates/contractPublished/2026-04-07T00:00:00Z/2026-04-14T00:00:00Z?cursor=VQy9AAooQW9ONHE4RE50WjBES1VOT05ESXpNVEkyTmlsRFRqUXlNekV5TmpZPbwF&prevcursor=Vch9_DkoQW9ONHVmYnh0WjBES1VOT05ESXpNVFF5TmlsRFRqUXlNekUwTWpZPdgE&lastcursor=Vcuvmc0oQW9Od3daSDN0NTBES1VOT05ESXpNVFU0TUNsRFRqUXlNekUxT0RBPfQD
2026-09-16T02:23:10Z	1	200	189285	09ae19d6fbe589f67b68b3b37cce2ce665634c0229b1a77175470dd41baa8579	https://api.tenders.gov.au/ocds/findByDates/contractPublished/2026-04-07T00:00:00Z/2026-04-14T00:00:00Z?cursor=VUOdaKooQW9OdzU4dWd0WjBES1VOT05ESXpNVEE1T0NsRFRqUXlNekV3T1RnPaAG&prevcursor=VQy9AAooQW9ONHE4RE50WjBES1VOT05ESXpNVEkyTmlsRFRqUXlNekV5TmpZPbwF&lastcursor=Vch9_DkoQW9ONHVmYnh0WjBES1VOT05ESXpNVFF5TmlsRFRqUXlNekUwTWpZPdgE
2026-09-16T02:23:11Z	1	200	183579	d33fa63387299699d244a9e959c2ec93e061d796200ccef0c5b31a026673f612	https://api.tenders.gov.au/ocds/findByDates/contractPublished/2026-04-07T00:00:00Z/2026-04-14T00:00:00Z?cursor=VYgv1IQoQW9Od3I4bWZzNTBES1VOT05ESXpNRGt5T0NsRFRqUXlNekE1TWpnPYQH&prevcursor=VUOdaKooQW9OdzU4dWd0WjBES1VOT05ESXpNVEE1T0NsRFRqUXlNekV3T1RnPaAG&lastcursor=VQy9AAooQW9ONHE4RE50WjBES1VOT05ESXpNVEkyTmlsRFRqUXlNekV5TmpZPbwF
2026-09-16T02:23:12Z	1	200	188624	607a0f1d71e7e3b61f1358d90e618170486709e74f9634d4df98ec2510aaf612	https://api.tenders.gov.au/ocds/findByDates/contractPublished/2026-04-07T00:00:00Z/2026-04-14T00:00:00Z?cursor=VRvsojooQW9ONHI3U2ZzNTBES1VOT05ESXpNRGd5TmlsRFRqUXlNekE0TWpZPegH&prevcursor=VYgv1IQoQW9Od3I4bWZzNTBES1VOT05ESXpNRGt5T0NsRFRqUXlNekE1TWpnPYQH&lastcursor=VUOdaKooQW9OdzU4dWd0WjBES1VOT05ESXpNVEE1T0NsRFRqUXlNekV3T1RnPaAG
2026-09-16T02:23:13Z	1	200	152122	1586497d4ba75a705b3c27d11d9b0de673dc927d4273f55df8f809b6849ed493	https://api.tenders.gov.au/ocds/findByDates/contractPublished/2026-04-07T00:00:00Z/2026-04-14T00:00:00Z?cursor=VWQZb8QwQW9Od2s1U1lzNTBETEVOT05ESXpNRGN6TVMxQk1TeERUalF5TXpBM016RXRRVEU9zAg&prevcursor=VRvsojooQW9ONHI3U2ZzNTBES1VOT05ESXpNRGd5TmlsRFRqUXlNekE0TWpZPegH&lastcursor=VYgv1IQoQW9Od3I4bWZzNTBES1VOT05ESXpNRGt5T0NsRFRqUXlNekE1TWpnPYQH
2026-09-16T02:23:15Z	1	200	656	0dd1412331aad29354e85e9e67db95a38a4c402adf74843dffae6c9845daadd1	https://api.tenders.gov.au/ocds/findByDates/contractPublished/2026-04-07T00:00:00Z/2026-04-14T00:00:00Z?cursor=VbevwoMwQW9Od3Y0clJzcDBETEVOT05ESXpNRFl6TVMxQk1TeERUalF5TXpBMk16RXRRVEU9nQk&prevcursor=VWQZb8QwQW9Od2s1U1lzNTBETEVOT05ESXpNRGN6TVMxQk1TeERUalF5TXpBM016RXRRVEU9zAg&lastcursor=VRvsojooQW9ONHI3U2ZzNTBES1VOT05ESXpNRGd5TmlsRFRqUXlNekE0TWpZPegH
2026-09-16T02:23:15Z	1	200	181911	a1bee5f9fb204c7452186bc52957aeb766f69798fa647f55c79287805318f850	https://api.tenders.gov.au/ocds/findByDates/contractPublished/2026-04-14T00:00:00Z/2026-04-21T00:00:00Z
2026-09-16T02:23:16Z	1	200	183637	475fb9fd074f5dcf6c9046a2838d8b8dc06ca68d59ff1a28ece312eb852e32a4	https://api.tenders.gov.au/ocds/findByDates/contractPublished/2026-04-14T00:00:00Z/2026-04-21T00:00:00Z?cursor=VaMxKIMoQW9ONG82WHAxSjBES1VOT05ESXpNemd4TkNsRFRqUXlNek00TVRRPWQ&prevcursor=initial&lastcursor=initial
2026-09-16T02:23:17Z	1	200	186397	b0860960dd5e41e920695f45b7f7737d2200a76431c345151063684f8f98c941	https://api.tenders.gov.au/ocds/findByDates/contractPublished/2026-04-14T00:00:00Z/2026-04-21T00:00:00Z?cursor=VdbEAJQoQW9Od3lOTFAxSjBES1VOT05ESXpNelk0TkNsRFRqUXlNek0yT0RRPcgB&prevcursor=VaMxKIMoQW9ONG82WHAxSjBES1VOT05ESXpNemd4TkNsRFRqUXlNek00TVRRPWQ&lastcursor=initial
2026-09-16T02:23:18Z	1	200	191626	e12a5ac684ba988a49f98da0213b4dad9906d4f077e9e93f6276069b078c11fc	https://api.tenders.gov.au/ocds/findByDates/contractPublished/2026-04-14T00:00:00Z/2026-04-21T00:00:00Z?cursor=VSuoeUQoQW9ONHJOQ3cxSjBES1VOT05ESXpNelUxTWlsRFRqUXlNek0xTlRJPawC&prevcursor=VdbEAJQoQW9Od3lOTFAxSjBES1VOT05ESXpNelk0TkNsRFRqUXlNek0yT0RRPcgB&lastcursor=VaMxKIMoQW9ONG82WHAxSjBES1VOT05ESXpNemd4TkNsRFRqUXlNek00TVRRPWQ
2026-09-16T02:23:20Z	1	200	190759	8bbdb450e6c09012091fb279e9df143b0b5345481697f77feae74ecf7b484831	https://api.tenders.gov.au/ocds/findByDates/contractPublished/2026-04-14T00:00:00Z/2026-04-21T00:00:00Z?cursor=VQwEgQwwQW9OdzVOR0F6WjBETEVOT05ESXpNelF4T1MxQk1peERUalF5TXpNME1Ua3RRVEk9kAM&prevcursor=VSuoeUQoQW9ONHJOQ3cxSjBES1VOT05ESXpNelUxTWlsRFRqUXlNek0xTlRJPawC&lastcursor=VdbEAJQoQW9Od3lOTFAxSjBES1VOT05ESXpNelk0TkNsRFRqUXlNek0yT0RRPcgB
2026-09-16T02:23:21Z	1	200	191428	bace51a8ab7dc10e683ad784c600f5f01f29afde353d1557c9b39c663c590b60	https://api.tenders.gov.au/ocds/findByDates/contractPublished/2026-04-14T00:00:00Z/2026-04-21T00:00:00Z?cursor=Vb8QF44oQW9ONGpLTE56SjBES1VOT05ESXpNekk1TlNsRFRqUXlNek15T1RVPfQD&prevcursor=VQwEgQwwQW9OdzVOR0F6WjBETEVOT05ESXpNelF4T1MxQk1peERUalF5TXpNME1Ua3RRVEk9kAM&lastcursor=VSuoeUQoQW9ONHJOQ3cxSjBES1VOT05ESXpNelUxTWlsRFRqUXlNek0xTlRJPawC
2026-09-16T02:23:23Z	1	200	191461	087564404594052bcfee5913696d116c14a7f83ceaf47531a557a55c26a58266	https://api.tenders.gov.au/ocds/findByDates/contractPublished/2026-04-14T00:00:00Z/2026-04-21T00:00:00Z?cursor=Vc_N9cQwQW9ONDlNL3d5cDBETEVOT05ESXpNekV5TWkxQk1TeERUalF5TXpNeE1qSXRRVEU92AQ&prevcursor=Vb8QF44oQW9ONGpLTE56SjBES1VOT05ESXpNekk1TlNsRFRqUXlNek15T1RVPfQD&lastcursor=VQwEgQwwQW9OdzVOR0F6WjBETEVOT05ESXpNelF4T1MxQk1peERUalF5TXpNME1Ua3RRVEk9kAM
2026-09-16T02:23:24Z	1	200	187062	dfaa1fffa66c54bc04dacb6905a67264809c6c8b89a8a405bd279e824eb7f48c	https://api.tenders.gov.au/ocds/findByDates/contractPublished/2026-04-14T00:00:00Z/2026-04-21T00:00:00Z?cursor=VSbDw4YoQW9Od3A4ajN5WjBES1VOT05ESXpNams0TVNsRFRqUXlNekk1T0RFPbwF&prevcursor=Vc_N9cQwQW9ONDlNL3d5cDBETEVOT05ESXpNekV5TWkxQk1TeERUalF5TXpNeE1qSXRRVEU92AQ&lastcursor=Vb8QF44oQW9ONGpLTE56SjBES1VOT05ESXpNekk1TlNsRFRqUXlNek15T1RVPfQD
2026-09-16T02:23:25Z	1	200	186777	aa86fedc3d72d8ec26334b53e2cdb0e8619b14cedb3cf0b20e667eff49b4fc1e	https://api.tenders.gov.au/ocds/findByDates/contractPublished/2026-04-14T00:00:00Z/2026-04-21T00:00:00Z?cursor=VX5uVgQoQW9Od2lxajN5WjBES1VOT05ESXpNamc0TkNsRFRqUXlNekk0T0RRPaAG&prevcursor=VSbDw4YoQW9Od3A4ajN5WjBES1VOT05ESXpNams0TVNsRFRqUXlNekk1T0RFPbwF&lastcursor=Vc_N9cQwQW9ONDlNL3d5cDBETEVOT05ESXpNekV5TWkxQk1TeERUalF5TXpNeE1qSXRRVEU92AQ
2026-09-16T02:23:26Z	1	200	187769	1b8d6e869a8f7b60ea43917eebffd536af71ab0de7e514f5b770592bb6198045	https://api.tenders.gov.au/ocds/findByDates/contractPublished/2026-04-14T00:00:00Z/2026-04-21T00:00:00Z?cursor=VZAhpzIoQW9ONDk2cUZ5SjBES1VOT05ESXpNamMzTWlsRFRqUXlNekkzTnpJPYQH&prevcursor=VX5uVgQoQW9Od2lxajN5WjBES1VOT05ESXpNamc0TkNsRFRqUXlNekk0T0RRPaAG&lastcursor=VSbDw4YoQW9Od3A4ajN5WjBES1VOT05ESXpNams0TVNsRFRqUXlNekk1T0RFPbwF
2026-09-16T02:23:27Z	1	200	185929	fbd3888ee98721960df740482791a6b312ffc7d50d8b805038b0eca5cefa3cb1	https://api.tenders.gov.au/ocds/findByDates/contractPublished/2026-04-14T00:00:00Z/2026-04-21T00:00:00Z?cursor=VSezkNkwQW9Od3pjU0x4NTBETEVOT05ESXpNalUzT1MxQk1TeERUalF5TXpJMU56a3RRVEU96Ac&prevcursor=VZAhpzIoQW9ONDk2cUZ5SjBES1VOT05ESXpNamMzTWlsRFRqUXlNekkzTnpJPYQH&lastcursor=VX5uVgQoQW9Od2lxajN5WjBES1VOT05ESXpNamc0TkNsRFRqUXlNekk0T0RRPaAG
2026-09-16T02:23:28Z	1	200	186921	acc8c554b8ca0ae496d250930dcfcedd9532602943a114e23f70714e01c95bf9	https://api.tenders.gov.au/ocds/findByDates/contractPublished/2026-04-14T00:00:00Z/2026-04-21T00:00:00Z?cursor=VVqwnLcoQW9Od3Y2aU94WjBES1VOT05ESXpNalEyTlNsRFRqUXlNekkwTmpVPcwI&prevcursor=VSezkNkwQW9Od3pjU0x4NTBETEVOT05ESXpNalUzT1MxQk1TeERUalF5TXpJMU56a3RRVEU96Ac&lastcursor=VZAhpzIoQW9ONDk2cUZ5SjBES1VOT05ESXpNamMzTWlsRFRqUXlNekkzTnpJPYQH
2026-09-16T02:23:29Z	1	200	33144	5670e706c09d2be6566e1ff36407f3380715c22bc9cf4cab87ab6af1ac9d2127	https://api.tenders.gov.au/ocds/findByDates/contractPublished/2026-04-14T00:00:00Z/2026-04-21T00:00:00Z?cursor=VffWP6QoQW9ONHNNRFh4SjBES1VOT05ESXpNak14TWlsRFRqUXlNekl6TVRJPbAJ&prevcursor=VVqwnLcoQW9Od3Y2aU94WjBES1VOT05ESXpNalEyTlNsRFRqUXlNekkwTmpVPcwI&lastcursor=VSezkNkwQW9Od3pjU0x4NTBETEVOT05ESXpNalUzT1MxQk1TeERUalF5TXpJMU56a3RRVEU96Ac
2026-09-16T02:23:30Z	1	200	645	aa80aab605c21abbd37f147d26431b41063157ef4758183663b26473ac515559	https://api.tenders.gov.au/ocds/findByDates/contractPublished/2026-04-14T00:00:00Z/2026-04-21T00:00:00Z?cursor=VS8BS7coQW9ONDVyclR4SjBES1VOT05ESXpNakk1TmlsRFRqUXlNekl5T1RZPcEJ&prevcursor=VffWP6QoQW9ONHNNRFh4SjBES1VOT05ESXpNak14TWlsRFRqUXlNekl6TVRJPbAJ&lastcursor=VVqwnLcoQW9Od3Y2aU94WjBES1VOT05ESXpNalEyTlNsRFRqUXlNekkwTmpVPcwI
2026-09-16T02:23:31Z	1	200	188725	f9897a3d809a44401dd154dd0ed0af67280fabfa68fdc979cf60b805f6cc5234	https://api.tenders.gov.au/ocds/findByDates/contractPublished/2026-04-21T00:00:00Z/2026-04-28T00:00:00Z
2026-09-16T02:23:32Z	1	200	191739	b867755d5dbecc42281667a63433c4781e2e37c74a7b1e9b6fdf6d3d35e5e278	https://api.tenders.gov.au/ocds/findByDates/contractPublished/2026-04-21T00:00:00Z/2026-04-28T00:00:00Z?cursor=VZrPD3owQW9ONGpaT0wzNTBETEVOT05ESXpORGswTVMxQk1TeERUalF5TXpRNU5ERXRRVEU9ZA&prevcursor=initial&lastcursor=initial
2026-09-16T02:23:33Z	1	200	188075	38df6a402c7d753e6a6a1cb2f59cd3538147286c4df828ef948a3763d8898d37	https://api.tenders.gov.au/ocds/findByDates/contractPublished/2026-04-21T00:00:00Z/2026-04-28T00:00:00Z?cursor=Vb79qOcoQW9ONGkvM2EzcDBES1VOT05ESXpORGM0T1NsRFRqUXlNelEzT0RrPcgB&prevcursor=VZrPD3owQW9ONGpaT0wzNTBETEVOT05ESXpORGswTVMxQk1TeERUalF5TXpRNU5ERXRRVEU9ZA&lastcursor=initial
2026-09-16T02:23:34Z	1	200	187547	b5650debc621dcb28996b4134eb886d75af7a1cd064311a581f5c50ac49124f6	https://api.tenders.gov.au/ocds/findByDates/contractPublished/2026-04-21T00:00:00Z/2026-04-28T00:00:00Z?cursor=VWb_s8cwQW9ONGxwdTYzSjBETEVOT05ESXpORFl5TlMxQk1TeERUalF5TXpRMk1qVXRRVEU9rAI&prevcursor=Vb79qOcoQW9ONGkvM2EzcDBES1VOT05ESXpORGM0T1NsRFRqUXlNelEzT0RrPcgB&lastcursor=VZrPD3owQW9ONGpaT0wzNTBETEVOT05ESXpORGswTVMxQk1TeERUalF5TXpRNU5ERXRRVEU9ZA
2026-09-16T02:23:36Z	1	200	184535	d152526f2e3980e81166f6f71cc77846d88b7508511446ac3924fdc54b06c050	https://api.tenders.gov.au/ocds/findByDates/contractPublished/2026-04-21T00:00:00Z/2026-04-28T00:00:00Z?cursor=VUPj-24oQW9OdzdLTEcyNTBES1VOT05ESXpORFExT1NsRFRqUXlNelEwTlRrPZAD&prevcursor=VWb_s8cwQW9ONGxwdTYzSjBETEVOT05ESXpORFl5TlMxQk1TeERUalF5TXpRMk1qVXRRVEU9rAI&lastcursor=Vb79qOcoQW9ONGkvM2EzcDBES1VOT05ESXpORGM0T1NsRFRqUXlNelEzT0RrPcgB
2026-09-16T02:23:37Z	1	200	184955	989709adbceb8b9fb10dc1ab803bf1a58face45e8ca6fa76e0b5510e1052bc84	https://api.tenders.gov.au/ocds/findByDates/contractPublished/2026-04-21T00:00:00Z/2026-04-28T00:00:00Z?cursor=VWWsBGkoQW9ONDRwL1YyWjBES1VOT05ESXpORE15TXlsRFRqUXlNelF6TWpNPfQD&prevcursor=VUPj-24oQW9OdzdLTEcyNTBES1VOT05ESXpORFExT1NsRFRqUXlNelEwTlRrPZAD&lastcursor=VWb_s8cwQW9ONGxwdTYzSjBETEVOT05ESXpORFl5TlMxQk1TeERUalF5TXpRMk1qVXRRVEU9rAI
2026-09-16T02:23:38Z	1	200	188983	edeac6ed66dbe50622f297bca671fba5f57af6d8d2742753f75976e1a119ca18	https://api.tenders.gov.au/ocds/findByDates/contractPublished/2026-04-21T00:00:00Z/2026-04-28T00:00:00Z?cursor=VYSjvUYoQW9ONGpkZTIxNTBES1VOT05ESXpNemN5TnlsRFRqUXlNek0zTWpjPdgE&prevcursor=VWWsBGkoQW9ONDRwL1YyWjBES1VOT05ESXpORE15TXlsRFRqUXlNelF6TWpNPfQD&lastcursor=VUPj-24oQW9OdzdLTEcyNTBES1VOT05ESXpORFExT1NsRFRqUXlNelEwTlRrPZAD
2026-09-16T02:23:39Z	1	200	196178	5a88c1cfb58e94056cf920ec9ddcfc8f4ab59de61d92e55a29bdae5bea5f5e4e	https://api.tenders.gov.au/ocds/findByDates/contractPublished/2026-04-21T00:00:00Z/2026-04-28T00:00:00Z?cursor=VXp6EmgoQW9ONDhLdVExNTBES1VOT05ESXpOREEyTXlsRFRqUXlNelF3TmpNPbwF&prevcursor=VYSjvUYoQW9ONGpkZTIxNTBES1VOT05ESXpNemN5TnlsRFRqUXlNek0zTWpjPdgE&lastcursor=VWWsBGkoQW9ONDRwL1YyWjBES1VOT05ESXpORE15TXlsRFRqUXlNelF6TWpNPfQD
2026-09-16T02:23:41Z	1	200	4713	685a2552f2595c355522226a736ff71388e5ef7ee946950c7202d055cb894b8b	https://api.tenders.gov.au/ocds/findByDates/contractPublished/2026-04-21T00:00:00Z/2026-04-28T00:00:00Z?cursor=VWu-O-soQW9Od3diUGkxcDBES1VOT05ESXpNemsxTUNsRFRqUXlNek01TlRBPaAG&prevcursor=VXp6EmgoQW9ONDhLdVExNTBES1VOT05ESXpOREEyTXlsRFRqUXlNelF3TmpNPbwF&lastcursor=VYSjvUYoQW9ONGpkZTIxNTBES1VOT05ESXpNemN5TnlsRFRqUXlNek0zTWpjPdgE
2026-09-16T02:23:41Z	1	200	645	7e070f5421e851d590050cba173a0ed171a1acd353220d84d43736030d460992	https://api.tenders.gov.au/ocds/findByDates/contractPublished/2026-04-21T00:00:00Z/2026-04-28T00:00:00Z?cursor=VRgR3TIoQW9Od2tkdmExcDBES1VOT05ESXpNemswTVNsRFRqUXlNek01TkRFPaIG&prevcursor=VWu-O-soQW9Od3diUGkxcDBES1VOT05ESXpNemsxTUNsRFRqUXlNek01TlRBPaAG&lastcursor=VXp6EmgoQW9ONDhLdVExNTBES1VOT05ESXpOREEyTXlsRFRqUXlNelF3TmpNPbwF
2026-09-16T02:23:42Z	1	200	186872	79d06d144d6e37b06f0e882424be6343789914b7314ccda8ce23c673379d1593	https://api.tenders.gov.au/ocds/findByDates/contractPublished/2026-04-28T00:00:00Z/2026-05-05T00:00:00Z
2026-09-16T02:23:43Z	1	200	190255	0d1653454d07e113d23f956a26899145dfc1f8a081e7e16b1f7e9417db9b9d72	https://api.tenders.gov.au/ocds/findByDates/contractPublished/2026-04-28T00:00:00Z/2026-05-05T00:00:00Z?cursor=VSfXTyEoQW9Od3Rlcm8rSjBES1VOT05ESXpOekV3TlNsRFRqUXlNemN4TURVPWQ&prevcursor=initial&lastcursor=initial
2026-09-16T02:23:44Z	1	200	183153	9f6c4786d5d968a9501077dabaa777cc718365ad12c15dd32fbed9b26ae0bc07	https://api.tenders.gov.au/ocds/findByDates/contractPublished/2026-04-28T00:00:00Z/2026-05-05T00:00:00Z?cursor=VcxJNCIoQW9Od3FwTFArSjBES1VOT05ESXpOams1TVNsRFRqUXlNelk1T1RFPcgB&prevcursor=VSfXTyEoQW9Od3Rlcm8rSjBES1VOT05ESXpOekV3TlNsRFRqUXlNemN4TURVPWQ&lastcursor=initial
2026-09-16T02:23:45Z	1	200	185797	21d32796417fd98044dc4c95c056af8cc0a8d008ec69fc9e23ecb50bff0a2ce6	https://api.tenders.gov.au/ocds/findByDates/contractPublished/2026-04-28T00:00:00Z/2026-05-05T00:00:00Z?cursor=VfcPZKgoQW9ONHR2bk8rSjBES1VOT05ESXpOamc1TXlsRFRqUXlNelk0T1RNPawC&prevcursor=VcxJNCIoQW9Od3FwTFArSjBES1VOT05ESXpOams1TVNsRFRqUXlNelk1T1RFPcgB&lastcursor=VSfXTyEoQW9Od3Rlcm8rSjBES1VOT05ESXpOekV3TlNsRFRqUXlNemN4TURVPWQ
2026-09-16T02:23:46Z	1	200	188388	943f3da722e2f8499a59ce1016e8b4ca948f34f432884805146870eb4eee32d9	https://api.tenders.gov.au/ocds/findByDates/contractPublished/2026-04-28T00:00:00Z/2026-05-05T00:00:00Z?cursor=Vb64DvsoQW9ONHZmSEMrSjBES1VOT05ESXpOamMxTnlsRFRqUXlNelkzTlRjPZAD&prevcursor=VfcPZKgoQW9ONHR2bk8rSjBES1VOT05ESXpOamc1TXlsRFRqUXlNelk0T1RNPawC&lastcursor=VcxJNCIoQW9Od3FwTFArSjBES1VOT05ESXpOams1TVNsRFRqUXlNelk1T1RFPcgB
2026-09-16T02:23:47Z	1	200	187936	f6c0988fa3564ca865e6d5fb48c0b609642529b2f921f49208bcfbf690e32628	https://api.tenders.gov.au/ocds/findByDates/contractPublished/2026-04-28T00:00:00Z/2026-05-05T00:00:00Z?cursor=Va7HqEooQW9ONG9aK2g5cDBES1VOT05ESXpOalU1T1NsRFRqUXlNelkxT1RrPfQD&prevcursor=Vb64DvsoQW9ONHZmSEMrSjBES1VOT05ESXpOamMxTnlsRFRqUXlNelkzTlRjPZAD&lastcursor=VfcPZKgoQW9ONHR2bk8rSjBES1VOT05ESXpOamc1TXlsRFRqUXlNelk0T1RNPawC
2026-09-16T02:23:48Z	1	200	188342	8758e3266a12aba509d25eb19e1d9005d0567e0ae74800706d9920b23615d20c	https://api.tenders.gov.au/ocds/findByDates/contractPublished/2026-04-28T00:00:00Z/2026-05-05T00:00:00Z?cursor=VQtNKxYoQW9Od3hvaUQ4WjBES1VOT05ESXpOalEyTmlsRFRqUXlNelkwTmpZPdgE&prevcursor=Va7HqEooQW9ONG9aK2g5cDBES1VOT05ESXpOalU1T1NsRFRqUXlNelkxT1RrPfQD&lastcursor=Vb64DvsoQW9ONHZmSEMrSjBES1VOT05ESXpOamMxTnlsRFRqUXlNelkzTlRjPZAD
2026-09-16T02:23:50Z	1	200	191595	2b9c5d6c92b7f9f87882bcabfb6488cf93372f1905a2e65522f5398968997e7a	https://api.tenders.gov.au/ocds/findByDates/contractPublished/2026-04-28T00:00:00Z/2026-05-05T00:00:00Z?cursor=VYkT94goQW9ONDZmVGk4SjBES1VOT05ESXpOak14TUNsRFRqUXlNell6TVRBPbwF&prevcursor=VQtNKxYoQW9Od3hvaUQ4WjBES1VOT05ESXpOalEyTmlsRFRqUXlNelkwTmpZPdgE&lastcursor=Va7HqEooQW9ONG9aK2g5cDBES1VOT05ESXpOalU1T1NsRFRqUXlNelkxT1RrPfQD
2026-09-16T02:23:51Z	1	200	187766	1cb30f9836b865fe9c8b9784f2ed82d46438600d54172cfdceec6dd8b45c8bee	https://api.tenders.gov.au/ocds/findByDates/contractPublished/2026-04-28T00:00:00Z/2026-05-05T00:00:00Z?cursor=VTCJAPsoQW9Od3pycXM4SjBES1VOT05ESXpOakUzTnlsRFRqUXlNell4TnpjPaAG&prevcursor=VYkT94goQW9ONDZmVGk4SjBES1VOT05ESXpOak14TUNsRFRqUXlNell6TVRBPbwF&lastcursor=VQtNKxYoQW9Od3hvaUQ4WjBES1VOT05ESXpOalEyTmlsRFRqUXlNelkwTmpZPdgE
2026-09-16T02:23:52Z	1	200	185889	d9f28e63684b9bd45f6b1de52ab427d9d5b7d6a2693f2a55fac31531e40460ad	https://api.tenders.gov.au/ocds/findByDates/contractPublished/2026-04-28T00:00:00Z/2026-05-05T00:00:00Z?cursor=VWbcD3ooQW9ONG1QSDE3WjBES1VOT05ESXpOVGsxTlNsRFRqUXlNelU1TlRVPYQH&prevcursor=VTCJAPsoQW9Od3pycXM4SjBES1VOT05ESXpOakUzTnlsRFRqUXlNell4TnpjPaAG&lastcursor=VYkT94goQW9ONDZmVGk4SjBES1VOT05ESXpOak14TUNsRFRqUXlNell6TVRBPbwF
2026-09-16T02:23:54Z	1	200	188661	227004e97d354838bc5a9a8bd2e26080a8e7a4e571feb8f8ae540b1e39475635	https://api.tenders.gov.au/ocds/findByDates/contractPublished/2026-04-28T00:00:00Z/2026-05-05T00:00:00Z?cursor=VTf2Bv4oQW9ONHJLbjE2NTBES1VOT05ESXpOVGd4T1NsRFRqUXlNelU0TVRrPegH&prevcursor=VWbcD3ooQW9ONG1QSDE3WjBES1VOT05ESXpOVGsxTlNsRFRqUXlNelU1TlRVPYQH&lastcursor=VTCJAPsoQW9Od3pycXM4SjBES1VOT05ESXpOakUzTnlsRFRqUXlNell4TnpjPaAG
2026-09-16T02:23:55Z	1	200	189224	3b0d407214318a78ca5f699be8df1a70ee019ae002c45553eda022f3f324330d	https://api.tenders.gov.au/ocds/findByDates/contractPublished/2026-04-28T00:00:00Z/2026-05-05T00:00:00Z?cursor=VX11L1goQW9ONDROVFQ2NTBES1VOT05ESXpOVFkzT1NsRFRqUXlNelUyTnprPcwI&prevcursor=VTf2Bv4oQW9ONHJLbjE2NTBES1VOT05ESXpOVGd4T1NsRFRqUXlNelU0TVRrPegH&lastcursor=VWbcD3ooQW9ONG1QSDE3WjBES1VOT05ESXpOVGsxTlNsRFRqUXlNelU1TlRVPYQH
2026-09-16T02:23:56Z	1	200	183453	2351121c259086e195efd72edd01fcfc9c75fbb8714c9b072c3b2bc69cf5f844	https://api.tenders.gov.au/ocds/findByDates/contractPublished/2026-04-28T00:00:00Z/2026-05-05T00:00:00Z?cursor=VbbrEgEoQW9Od2xQUzg2NTBES1VOT05ESXpOVFUzTXlsRFRqUXlNelUxTnpNPbAJ&prevcursor=VX11L1goQW9ONDROVFQ2NTBES1VOT05ESXpOVFkzT1NsRFRqUXlNelUyTnprPcwI&lastcursor=VTf2Bv4oQW9ONHJLbjE2NTBES1VOT05ESXpOVGd4T1NsRFRqUXlNelU0TVRrPegH
2026-09-16T02:23:57Z	1	200	186604	78c7633de27fb328bccaae0eea595745c49c5b0ea471beeb24cf185505358e6f	https://api.tenders.gov.au/ocds/findByDates/contractPublished/2026-04-28T00:00:00Z/2026-05-05T00:00:00Z?cursor=VeKY7MEoQW9ONDBvbTI2NTBES1VOT05ESXpOVFEyT1NsRFRqUXlNelUwTmprPZQK&prevcursor=VbbrEgEoQW9Od2xQUzg2NTBES1VOT05ESXpOVFUzTXlsRFRqUXlNelUxTnpNPbAJ&lastcursor=VX11L1goQW9ONDROVFQ2NTBES1VOT05ESXpOVFkzT1NsRFRqUXlNelUyTnprPcwI
2026-09-16T02:23:58Z	1	200	184133	5eb7d6f0ee647246990e87d0e10045736f8b6af7af53a566e071953a9dbbba57	https://api.tenders.gov.au/ocds/findByDates/contractPublished/2026-04-28T00:00:00Z/2026-05-05T00:00:00Z?cursor=VbVzFAEoQW9Od2dkMnc2WjBES1VOT05ESXpORGcyTUNsRFRqUXlNelE0TmpBPfgK&prevcursor=VeKY7MEoQW9ONDBvbTI2NTBES1VOT05ESXpOVFEyT1NsRFRqUXlNelUwTmprPZQK&lastcursor=VbbrEgEoQW9Od2xQUzg2NTBES1VOT05ESXpOVFUzTXlsRFRqUXlNelUxTnpNPbAJ
2026-09-16T02:24:00Z	1	200	161571	461764f5a3bc558e2da428e051afd48e113e2ee7b125467b7ba038723aed4d1e	https://api.tenders.gov.au/ocds/findByDates/contractPublished/2026-04-28T00:00:00Z/2026-05-05T00:00:00Z?cursor=VXc27bYoQW9Od244aUs2WjBES1VOT05ESXpOVEkwTWlsRFRqUXlNelV5TkRJPdwL&prevcursor=VbVzFAEoQW9Od2dkMnc2WjBES1VOT05ESXpORGcyTUNsRFRqUXlNelE0TmpBPfgK&lastcursor=VeKY7MEoQW9ONDBvbTI2NTBES1VOT05ESXpOVFEyT1NsRFRqUXlNelUwTmprPZQK
2026-09-16T02:24:00Z	1	200	645	5566e718e183ad8619d73191291c69d81fc792e7bb7d56b6bd37e6ffbc86bb13	https://api.tenders.gov.au/ocds/findByDates/contractPublished/2026-04-28T00:00:00Z/2026-05-05T00:00:00Z?cursor=VVpvfnUoQW9ONGovdlk2SjBES1VOT05ESXpOVEV6TXlsRFRqUXlNelV4TXpNPbQM&prevcursor=VXc27bYoQW9Od244aUs2WjBES1VOT05ESXpOVEkwTWlsRFRqUXlNelV5TkRJPdwL&lastcursor=VbVzFAEoQW9Od2dkMnc2WjBES1VOT05ESXpORGcyTUNsRFRqUXlNelE0TmpBPfgK
2026-09-16T02:24:01Z	1	200	187108	92dc7b3fb2159e1bd40cff90734c577ce56129e2d677904c8471dc010714def3	https://api.tenders.gov.au/ocds/findByDates/contractPublished/2026-05-05T00:00:00Z/2026-05-12T00:00:00Z
2026-09-16T02:24:03Z	1	200	191150	655e6dc620fe188a43f03654b5bc35a52e6a78a726ea298cf44828b52d8aae0e	https://api.tenders.gov.au/ocds/findByDates/contractPublished/2026-05-05T00:00:00Z/2026-05-12T00:00:00Z?cursor=VS_-LQIoQW9OdzRZVGRpcDRES1VOT05ESXpPVEEzTXlsRFRqUXlNemt3TnpNPWQ&prevcursor=initial&lastcursor=initial
2026-09-16T02:24:04Z	1	200	190711	d3f546644b74e5cf78cd064e4506aff490f3ead4efad8a141259a99161521ece	https://api.tenders.gov.au/ocds/findByDates/contractPublished/2026-05-05T00:00:00Z/2026-05-12T00:00:00Z?cursor=Vat5VUsoQW9OdzVKT3VpcDRES1VOT05ESXpPRGt5TUNsRFRqUXlNemc1TWpBPcgB&prevcursor=VS_-LQIoQW9OdzRZVGRpcDRES1VOT05ESXpPVEEzTXlsRFRqUXlNemt3TnpNPWQ&lastcursor=initial
2026-09-16T02:24:05Z	1	200	186307	5c807349e343b4081240c707a7ff2db44eb4fe4c96ef71e9eba707c57aadf2df	https://api.tenders.gov.au/ocds/findByDates/contractPublished/2026-05-05T00:00:00Z/2026-05-12T00:00:00Z?cursor=VZZJ35QoQW9Od3ZvaTlnNTRES1VOT05ESXpPRGM0TmlsRFRqUXlNemczT0RZPawC&prevcursor=Vat5VUsoQW9OdzVKT3VpcDRES1VOT05ESXpPRGt5TUNsRFRqUXlNemc1TWpBPcgB&lastcursor=VS_-LQIoQW9OdzRZVGRpcDRES1VOT05ESXpPVEEzTXlsRFRqUXlNemt3TnpNPWQ
2026-09-16T02:24:06Z	1	200	192574	c44248f7c74b3f5a200937cf64ea4949ca8ddf083092e6774b4fac415d69a49b	https://api.tenders.gov.au/ocds/findByDates/contractPublished/2026-05-05T00:00:00Z/2026-05-12T00:00:00Z?cursor=VT4gmswoQW9ONDA3ajZncDRES1VOT05ESXpPRFkxTUNsRFRqUXlNemcyTlRBPZAD&prevcursor=VZZJ35QoQW9Od3ZvaTlnNTRES1VOT05ESXpPRGM0TmlsRFRqUXlNemczT0RZPawC&lastcursor=Vat5VUsoQW9OdzVKT3VpcDRES1VOT05ESXpPRGt5TUNsRFRqUXlNemc1TWpBPcgB
2026-09-16T02:24:08Z	1	200	189548	a8d6e11fcc8654c97b72ccfc6ed80f88c82b010177f9ee33eddb44f48516e60f	https://api.tenders.gov.au/ocds/findByDates/contractPublished/2026-05-05T00:00:00Z/2026-05-12T00:00:00Z?cursor=VXRI9NooQW9OdzJKUHhncDRES1VOT05ESXpPRFUyTVNsRFRqUXlNemcxTmpFPfQD&prevcursor=VT4gmswoQW9ONDA3ajZncDRES1VOT05ESXpPRFkxTUNsRFRqUXlNemcyTlRBPZAD&lastcursor=VZZJ35QoQW9Od3ZvaTlnNTRES1VOT05ESXpPRGM0TmlsRFRqUXlNemczT0RZPawC
2026-09-16T02:24:09Z	1	200	190653	3125fa24dbbc820dbffff3aef490e3be75d20dcb38273a361c9e5afe85741bf8	https://api.tenders.gov.au/ocds/findByDates/contractPublished/2026-05-05T00:00:00Z/2026-05-12T00:00:00Z?cursor=VUFr2OUoQW9ONDRKM0tncDRES1VOT05ESXpPRFF5TkNsRFRqUXlNemcwTWpRPdgE&prevcursor=VXRI9NooQW9OdzJKUHhncDRES1VOT05ESXpPRFUyTVNsRFRqUXlNemcxTmpFPfQD&lastcursor=VT4gmswoQW9ONDA3ajZncDRES1VOT05ESXpPRFkxTUNsRFRqUXlNemcyTlRBPZAD
2026-09-16T02:24:10Z	1	200	189497	e0a1a2f8d707ca7d94aea3863b04287e01c20fc0ad2a7ef663db63aa68f0e69e	https://api.tenders.gov.au/ocds/findByDates/contractPublished/2026-05-05T00:00:00Z/2026-05-12T00:00:00Z?cursor=VbR8wCsoQW9Od3NKQzNnSjRES1VOT05ESXpPREk0TnlsRFRqUXlNemd5T0RjPbwF&prevcursor=VUFr2OUoQW9ONDRKM0tncDRES1VOT05ESXpPRFF5TkNsRFRqUXlNemcwTWpRPdgE&lastcursor=VXRI9NooQW9OdzJKUHhncDRES1VOT05ESXpPRFUyTVNsRFRqUXlNemcxTmpFPfQD
2026-09-16T02:24:11Z	1	200	187853	8d25b690cf04f120e7d45511f6cb1ba4bc32e428190aeb7862ff8d6d8af7148b	https://api.tenders.gov.au/ocds/findByDates/contractPublished/2026-05-05T00:00:00Z/2026-05-12T00:00:00Z?cursor=VagHEycoQW9Od2svQzJnSjRES1VOT05ESXpPREU1TlNsRFRqUXlNemd4T1RVPaAG&prevcursor=VbR8wCsoQW9Od3NKQzNnSjRES1VOT05ESXpPREk0TnlsRFRqUXlNemd5T0RjPbwF&lastcursor=VUFr2OUoQW9ONDRKM0tncDRES1VOT05ESXpPRFF5TkNsRFRqUXlNemcwTWpRPdgE
2026-09-16T02:24:13Z	1	200	188728	9c6f532a30d4bea48c1fbf597b0296ac4f50a40f32994a736a6419688a1ae5c1	https://api.tenders.gov.au/ocds/findByDates/contractPublished/2026-05-05T00:00:00Z/2026-05-12T00:00:00Z?cursor=Vb-t0DMoQW9Od2o1M3AvWjBES1VOT05ESXpPREEzTXlsRFRqUXlNemd3TnpNPYQH&prevcursor=VagHEycoQW9Od2svQzJnSjRES1VOT05ESXpPREU1TlNsRFRqUXlNemd4T1RVPaAG&lastcursor=VbR8wCsoQW9Od3NKQzNnSjRES1VOT05ESXpPREk0TnlsRFRqUXlNemd5T0RjPbwF
2026-09-16T02:24:14Z	1	200	186172	daaa738a3669fac2ad23a76a56a53034a8f4901915e6297ab00a7a820e12b326	https://api.tenders.gov.au/ocds/findByDates/contractPublished/2026-05-05T00:00:00Z/2026-05-12T00:00:00Z?cursor=VbkgudcwQW9Od3dKelcvWjBETEVOT05ESXpOemswTUMxQk1TeERUalF5TXpjNU5EQXRRVEU96Ac&prevcursor=Vb-t0DMoQW9Od2o1M3AvWjBES1VOT05ESXpPREEzTXlsRFRqUXlNemd3TnpNPYQH&lastcursor=VagHEycoQW9Od2svQzJnSjRES1VOT05ESXpPREU1TlNsRFRqUXlNemd4T1RVPaAG
2026-09-16T02:24:15Z	1	200	188843	ef3e4952f0f40fcc297657b0593469d07333d10c825a0195bbeae4739c0cae86	https://api.tenders.gov.au/ocds/findByDates/contractPublished/2026-05-05T00:00:00Z/2026-05-12T00:00:00Z?cursor=VZlAClkoQW9ONGxJM1IrNTBES1VOT05ESXpOemM1TVNsRFRqUXlNemMzT1RFPcwI&prevcursor=VbkgudcwQW9Od3dKelcvWjBETEVOT05ESXpOemswTUMxQk1TeERUalF5TXpjNU5EQXRRVEU96Ac&lastcursor=Vb-t0DMoQW9Od2o1M3AvWjBES1VOT05ESXpPREEzTXlsRFRqUXlNemd3TnpNPYQH
2026-09-16T02:24:16Z	1	200	188700	50f54d2cf84423912cc94a8e17acc55ed8fe0e683da43e197a04e80a84bccd5c	https://api.tenders.gov.au/ocds/findByDates/contractPublished/2026-05-05T00:00:00Z/2026-05-12T00:00:00Z?cursor=Vd7NNwcoQW9ONDJhUEMrNTBES1VOT05ESXpOelk1TnlsRFRqUXlNemMyT1RjPbAJ&prevcursor=VZlAClkoQW9ONGxJM1IrNTBES1VOT05ESXpOemM1TVNsRFRqUXlNemMzT1RFPcwI&lastcursor=VbkgudcwQW9Od3dKelcvWjBETEVOT05ESXpOemswTUMxQk1TeERUalF5TXpjNU5EQXRRVEU96Ac
2026-09-16T02:24:17Z	1	200	185275	744a3a1c7e6f05a0e791e88629fd9b86a4f95bf3c6a94a9ec39a47559c69df30	https://api.tenders.gov.au/ocds/findByDates/contractPublished/2026-05-05T00:00:00Z/2026-05-12T00:00:00Z?cursor=VQ3c9cYoQW9ONG85U08rNTBES1VOT05ESXpOelV6T1NsRFRqUXlNemMxTXprPZQK&prevcursor=Vd7NNwcoQW9ONDJhUEMrNTBES1VOT05ESXpOelk1TnlsRFRqUXlNemMyT1RjPbAJ&lastcursor=VZlAClkoQW9ONGxJM1IrNTBES1VOT05ESXpOemM1TVNsRFRqUXlNemMzT1RFPcwI
2026-09-16T02:24:19Z	1	200	185350	aef65fa394cde8fd62da6608dc2379bec65b4a58ce862b9e467c0a0b14c3ec89	https://api.tenders.gov.au/ocds/findByDates/contractPublished/2026-05-05T00:00:00Z/2026-05-12T00:00:00Z?cursor=VTPZDM8oQW9ONDg3M3grcDBES1VOT05ESXpOelEwT1NsRFRqUXlNemMwTkRrPfgK&prevcursor=VQ3c9cYoQW9ONG85U08rNTBES1VOT05ESXpOelV6T1NsRFRqUXlNemMxTXprPZQK&lastcursor=Vd7NNwcoQW9ONDJhUEMrNTBES1VOT05ESXpOelk1TnlsRFRqUXlNemMyT1RjPbAJ
2026-09-16T02:24:20Z	1	200	185113	171a6eb32ae4870c25948b7cded7584de76c28d6b23f4c0bd09912d4f48ea712	https://api.tenders.gov.au/ocds/findByDates/contractPublished/2026-05-05T00:00:00Z/2026-05-12T00:00:00Z?cursor=VXEXkt8oQW9ONG9PWGYrcDBES1VOT05ESXpOek0wTUNsRFRqUXlNemN6TkRBPdwL&prevcursor=VTPZDM8oQW9ONDg3M3grcDBES1VOT05ESXpOelEwT1NsRFRqUXlNemMwTkRrPfgK&lastcursor=VQ3c9cYoQW9ONG85U08rNTBES1VOT05ESXpOelV6T1NsRFRqUXlNemMxTXprPZQK
2026-09-16T02:24:21Z	1	200	3197	a0775abfc5b214103645e1ae4aa52e5268c2446d911a7c0e5551a7734315dda0	https://api.tenders.gov.au/ocds/findByDates/contractPublished/2026-05-05T00:00:00Z/2026-05-12T00:00:00Z?cursor=VR7fO7IwQW9ONC9jYmYrcDBETEVOT05ESXpOekkwT0MxQk1TeERUalF5TXpjeU5EZ3RRVEU9wAw&prevcursor=VXEXkt8oQW9ONG9PWGYrcDBES1VOT05ESXpOek0wTUNsRFRqUXlNemN6TkRBPdwL&lastcursor=VTPZDM8oQW9ONDg3M3grcDBES1VOT05ESXpOelEwT1NsRFRqUXlNemMwTkRrPfgK
2026-09-16T02:24:22Z	1	200	656	f364c22f4b3eabc5c8339b4ee22abfa49817b7089eb90cdb1d9934eebc424a88	https://api.tenders.gov.au/ocds/findByDates/contractPublished/2026-05-05T00:00:00Z/2026-05-12T00:00:00Z?cursor=VVB1g3IoQW9ONDRZWGMrcDBES1VOT05ESXpOekkwTmlsRFRqUXlNemN5TkRZPcEM&prevcursor=VR7fO7IwQW9ONC9jYmYrcDBETEVOT05ESXpOekkwT0MxQk1TeERUalF5TXpjeU5EZ3RRVEU9wAw&lastcursor=VXEXkt8oQW9ONG9PWGYrcDBES1VOT05ESXpOek0wTUNsRFRqUXlNemN6TkRBPdwL
2026-09-16T02:24:22Z	1	200	180903	7ae2aa5e59259c392af92ffaad4dd803de43d2e3daa52c948cb4febdbc4f65bc	https://api.tenders.gov.au/ocds/findByDates/contractPublished/2026-05-12T00:00:00Z/2026-05-19T00:00:00Z
2026-09-16T02:24:23Z	1	200	183546	93e5d867574515d9caa7de5671dd63648decd309802bcc11fcbf81df93162237	https://api.tenders.gov.au/ocds/findByDates/contractPublished/2026-05-12T00:00:00Z/2026-05-19T00:00:00Z?cursor=VQR9I4AoQW9Od3hPWDVuSjRES1VOT05ESTBNVEl6TkNsRFRqUXlOREV5TXpRPWQ&prevcursor=initial&lastcursor=initial
2026-09-16T02:24:24Z	1	200	189800	04ae68757d37478f88355b9ab46c5aff35da86402c4460c992893bdb4b187f81	https://api.tenders.gov.au/ocds/findByDates/contractPublished/2026-05-12T00:00:00Z/2026-05-19T00:00:00Z?cursor=VRJOm3ooQW9Od245SG9uSjRES1VOT05ESTBNVEE0TnlsRFRqUXlOREV3T0RjPcgB&prevcursor=VQR9I4AoQW9Od3hPWDVuSjRES1VOT05ESTBNVEl6TkNsRFRqUXlOREV5TXpRPWQ&lastcursor=initial
2026-09-16T02:24:25Z	1	200	188238	7c5397f1550bf5d49258106a22e3fcecd51325a372b001736abe531cc7e9d50c	https://api.tenders.gov.au/ocds/findByDates/contractPublished/2026-05-12T00:00:00Z/2026-05-19T00:00:00Z?cursor=VYX6nkcoQW9Od3VLNzRsWjRES1VOT05ESTBNRGt3TXlsRFRqUXlOREE1TURNPawC&prevcursor=VRJOm3ooQW9Od245SG9uSjRES1VOT05ESTBNVEE0TnlsRFRqUXlOREV3T0RjPcgB&lastcursor=VQR9I4AoQW9Od3hPWDVuSjRES1VOT05ESTBNVEl6TkNsRFRqUXlOREV5TXpRPWQ
2026-09-16T02:24:26Z	1	200	188793	82cd0ef3fd74ccae6d67d969fd38d366f3d1b96f10479ab8b6182ec3ea3a4c90	https://api.tenders.gov.au/ocds/findByDates/contractPublished/2026-05-12T00:00:00Z/2026-05-19T00:00:00Z?cursor=VSxw6MUoQW9ONDFmcVBsWjRES1VOT05ESTBNRGMyTVNsRFRqUXlOREEzTmpFPZAD&prevcursor=VYX6nkcoQW9Od3VLNzRsWjRES1VOT05ESTBNRGt3TXlsRFRqUXlOREE1TURNPawC&lastcursor=VRJOm3ooQW9Od245SG9uSjRES1VOT05ESTBNVEE0TnlsRFRqUXlOREV3T0RjPcgB
2026-09-16T02:24:28Z	1	200	187814	0aa41f98b768ccf68180aa8dab0eeef977b42a729ed5b87af03fb63424cb5bed	https://api.tenders.gov.au/ocds/findByDates/contractPublished/2026-05-12T00:00:00Z/2026-05-19T00:00:00Z?cursor=VWtIqvMoQW9ONDNMSHZsSjRES1VOT05ESTBNRFkwTWlsRFRqUXlOREEyTkRJPfQD&prevcursor=VSxw6MUoQW9ONDFmcVBsWjRES1VOT05ESTBNRGMyTVNsRFRqUXlOREEzTmpFPZAD&lastcursor=VYX6nkcoQW9Od3VLNzRsWjRES1VOT05ESTBNRGt3TXlsRFRqUXlOREE1TURNPawC
2026-09-16T02:24:29Z	1	200	190442	137a4596c9abc12999d70a8a7f784fbc5f9a24290e433982ea105f69691ef3a9	https://api.tenders.gov.au/ocds/findByDates/contractPublished/2026-05-12T00:00:00Z/2026-05-19T00:00:00Z?cursor=VURyJ-AoQW9ONHNJN09rcDRES1VOT05ESTBNRFE1TmlsRFRqUXlOREEwT1RZPdgE&prevcursor=VWtIqvMoQW9ONDNMSHZsSjRES1VOT05ESTBNRFkwTWlsRFRqUXlOREEyTkRJPfQD&lastcursor=VSxw6MUoQW9ONDFmcVBsWjRES1VOT05ESTBNRGMyTVNsRFRqUXlOREEzTmpFPZAD
2026-09-16T02:24:30Z	1	200	189023	132723467817585e58a3ca8041eacd05de0085aa82a5274d92e80be0c6db9ac9	https://api.tenders.gov.au/ocds/findByDates/contractPublished/2026-05-12T00:00:00Z/2026-05-19T00:00:00Z?cursor=VRCKLBIwQW9Odzg3MndrcDRETEVOT05ESTBNRE0xTkMxQk1TeERUalF5TkRBek5UUXRRVEU9vAU&prevcursor=VURyJ-AoQW9ONHNJN09rcDRES1VOT05ESTBNRFE1TmlsRFRqUXlOREEwT1RZPdgE&lastcursor=VWtIqvMoQW9ONDNMSHZsSjRES1VOT05ESTBNRFkwTWlsRFRqUXlOREEyTkRJPfQD
2026-09-16T02:24:31Z	1	200	191681	33b523b17ef3d68426aae1477f10de45cf34c3670eae45759e0fa4f0f4a8229e	https://api.tenders.gov.au/ocds/findByDates/contractPublished/2026-05-12T00:00:00Z/2026-05-19T00:00:00Z?cursor=VYDqXOkoQW9ONDhKdUxrcDRES1VOT05ESTBNREl4TlNsRFRqUXlOREF5TVRVPaAG&prevcursor=VRCKLBIwQW9Odzg3MndrcDRETEVOT05ESTBNRE0xTkMxQk1TeERUalF5TkRBek5UUXRRVEU9vAU&lastcursor=VURyJ-AoQW9ONHNJN09rcDRES1VOT05ESTBNRFE1TmlsRFRqUXlOREEwT1RZPdgE
2026-09-16T02:24:32Z	1	200	188472	48ddc112546c50b9fcd486f7c0895d8dfc5a2facd85cf35838386b95084a0053	https://api.tenders.gov.au/ocds/findByDates/contractPublished/2026-05-12T00:00:00Z/2026-05-19T00:00:00Z?cursor=VQFbnVQoQW9Od251VHRqNTRES1VOT05ESTBNREExTkNsRFRqUXlOREF3TlRRPYQH&prevcursor=VYDqXOkoQW9ONDhKdUxrcDRES1VOT05ESTBNREl4TlNsRFRqUXlOREF5TVRVPaAG&lastcursor=VRCKLBIwQW9Odzg3MndrcDRETEVOT05ESTBNRE0xTkMxQk1TeERUalF5TkRBek5UUXRRVEU9vAU
2026-09-16T02:24:34Z	1	200	185992	48e52705367ebbe8fb69ef0d37fcdb34ff6a3aa944285add183d4ec44a5d717a	https://api.tenders.gov.au/ocds/findByDates/contractPublished/2026-05-12T00:00:00Z/2026-05-19T00:00:00Z?cursor=VUyPiK0oQW9OdzU0N0tqNTRES1VOT05ESXpPVGc1TkNsRFRqUXlNems0T1RRPegH&prevcursor=VQFbnVQoQW9Od251VHRqNTRES1VOT05ESTBNREExTkNsRFRqUXlOREF3TlRRPYQH&lastcursor=VYDqXOkoQW9ONDhKdUxrcDRES1VOT05ESTBNREl4TlNsRFRqUXlOREF5TVRVPaAG
2026-09-16T02:24:35Z	1	200	183539	e001018a224e3e504279414250de9a4c56dc8acb6e7e3f2ac7a33022c1fd18f6	https://api.tenders.gov.au/ocds/findByDates/contractPublished/2026-05-12T00:00:00Z/2026-05-19T00:00:00Z?cursor=VebIsNIoQW9ONDgvWEpqNTRES1VOT05ESXpPVGM1T0NsRFRqUXlNemszT1RnPcwI&prevcursor=VUyPiK0oQW9OdzU0N0tqNTRES1VOT05ESXpPVGc1TkNsRFRqUXlNems0T1RRPegH&lastcursor=VQFbnVQoQW9Od251VHRqNTRES1VOT05ESTBNREExTkNsRFRqUXlOREF3TlRRPYQH
2026-09-16T02:24:36Z	1	200	187456	f959885ba8aabcd39bb792005f2ba0b05edba41f14116efcace14f62b9e026cc	https://api.tenders.gov.au/ocds/findByDates/contractPublished/2026-05-12T00:00:00Z/2026-05-19T00:00:00Z?cursor=VZY2VSIoQW9Od3FyNnJqWjRES1VOT05ESXpPVFkxTXlsRFRqUXlNemsyTlRNPbAJ&prevcursor=VebIsNIoQW9ONDgvWEpqNTRES1VOT05ESXpPVGM1T0NsRFRqUXlNemszT1RnPcwI&lastcursor=VUyPiK0oQW9OdzU0N0tqNTRES1VOT05ESXpPVGc1TkNsRFRqUXlNems0T1RRPegH
2026-09-16T02:24:37Z	1	200	188913	0a6997c1df26a690f3fff42b12687f6ad97a39f3bce51440da416e57661bdb31	https://api.tenders.gov.au/ocds/findByDates/contractPublished/2026-05-12T00:00:00Z/2026-05-19T00:00:00Z?cursor=VaBZwvgoQW9Od2g5SHhqSjRES1VOT05ESXpPVFExTWlsRFRqUXlNemswTlRJPZQK&prevcursor=VZY2VSIoQW9Od3FyNnJqWjRES1VOT05ESXpPVFkxTXlsRFRqUXlNemsyTlRNPbAJ&lastcursor=VebIsNIoQW9ONDgvWEpqNTRES1VOT05ESXpPVGM1T0NsRFRqUXlNemszT1RnPcwI
2026-09-16T02:24:38Z	1	200	183235	27214084da563cd38814ebf8daa88dbe323775b5d9749d8a4a8dcaaf44d65bcf	https://api.tenders.gov.au/ocds/findByDates/contractPublished/2026-05-12T00:00:00Z/2026-05-19T00:00:00Z?cursor=VfwGM10oQW9Od3dwM2dqSjRES1VOT05ESXpPVE14TlNsRFRqUXlNemt6TVRVPfgK&prevcursor=VaBZwvgoQW9Od2g5SHhqSjRES1VOT05ESXpPVFExTWlsRFRqUXlNemswTlRJPZQK&lastcursor=VZY2VSIoQW9Od3FyNnJqWjRES1VOT05ESXpPVFkxTXlsRFRqUXlNemsyTlRNPbAJ
2026-09-16T02:24:39Z	1	200	6746	3a6caf0ceb3ede2db3cb7c89fc05549a943a9c53eebba923e00e0e1539006929	https://api.tenders.gov.au/ocds/findByDates/contractPublished/2026-05-12T00:00:00Z/2026-05-19T00:00:00Z?cursor=VRpXw6ooQW9ONHdvamdqSjRES1VOT05ESXpPVEl4TXlsRFRqUXlNemt5TVRNPdwL&prevcursor=VfwGM10oQW9Od3dwM2dqSjRES1VOT05ESXpPVE14TlNsRFRqUXlNemt6TVRVPfgK&lastcursor=VaBZwvgoQW9Od2g5SHhqSjRES1VOT05ESXpPVFExTWlsRFRqUXlNemswTlRJPZQK
2026-09-16T02:24:40Z	1	200	645	236ed9e52dc498279af37946a55facb537392f591337db91945ed99f738aa49a	https://api.tenders.gov.au/ocds/findByDates/contractPublished/2026-05-12T00:00:00Z/2026-05-19T00:00:00Z?cursor=VXtQ9B4oQW9OdzJPemZqSjRES1VOT05ESXpPVEl3TnlsRFRqUXlNemt5TURjPd8L&prevcursor=VRpXw6ooQW9ONHdvamdqSjRES1VOT05ESXpPVEl4TXlsRFRqUXlNemt5TVRNPdwL&lastcursor=VfwGM10oQW9Od3dwM2dqSjRES1VOT05ESXpPVE14TlNsRFRqUXlNemt6TVRVPfgK
2026-09-16T02:24:41Z	1	200	181873	20b80dd8bde0c349548d5ab16302194c34b138be77c31c3c90be53af2fc1ae23	https://api.tenders.gov.au/ocds/findByDates/contractPublished/2026-05-19T00:00:00Z/2026-05-26T00:00:00Z
2026-09-16T02:24:42Z	1	200	182888	c1559d6714d625e288f906bec33e7391ea7ce00638f3ca5358436fd81e2c2bcc	https://api.tenders.gov.au/ocds/findByDates/contractPublished/2026-05-19T00:00:00Z/2026-05-26T00:00:00Z?cursor=VS_a3UwoQW9ONDdZbmtycDRES1VOT05ESTBNelkwTnlsRFRqUXlORE0yTkRjPWQ&prevcursor=initial&lastcursor=initial
2026-09-16T02:24:43Z	1	200	184653	521c07712ee367698a7065cd687190174583f408644c25f93b22dd9fee2a0324	https://api.tenders.gov.au/ocds/findByDates/contractPublished/2026-05-19T00:00:00Z/2026-05-26T00:00:00Z?cursor=VRYfKlEoQW9Od3Q5SFpycDRES1VOT05ESTBNelV6TnlsRFRqUXlORE0xTXpjPcgB&prevcursor=VS_a3UwoQW9ONDdZbmtycDRES1VOT05ESTBNelkwTnlsRFRqUXlORE0yTkRjPWQ&lastcursor=initial
2026-09-16T02:24:44Z	1	200	186604	1fa59347b08545177f551af4926a684d6246dfa518b0e65b62bb0841b68070ba	https://api.tenders.gov.au/ocds/findByDates/contractPublished/2026-05-19T00:00:00Z/2026-05-26T00:00:00Z?cursor=Vc9Lh30oQW9Od3pxL0dycDRES1VOT05ESTBNek00TUNsRFRqUXlORE16T0RBPawC&prevcursor=VRYfKlEoQW9Od3Q5SFpycDRES1VOT05ESTBNelV6TnlsRFRqUXlORE0xTXpjPcgB&lastcursor=VS_a3UwoQW9ONDdZbmtycDRES1VOT05ESTBNelkwTnlsRFRqUXlORE0yTkRjPWQ
2026-09-16T02:24:45Z	1	200	186470	e5676b09319bf3584c3fd739fcd46915dfd9b01fa2c4a644cac3b60b472eaed5	https://api.tenders.gov.au/ocds/findByDates/contractPublished/2026-05-19T00:00:00Z/2026-05-26T00:00:00Z?cursor=VWUS234oQW9OdzhKaThycDRES1VOT05ESTBNekkzT0NsRFRqUXlORE15TnpnPZAD&prevcursor=Vc9Lh30oQW9Od3pxL0dycDRES1VOT05ESTBNek00TUNsRFRqUXlORE16T0RBPawC&lastcursor=VRYfKlEoQW9Od3Q5SFpycDRES1VOT05ESTBNelV6TnlsRFRqUXlORE0xTXpjPcgB
2026-09-16T02:24:46Z	1	200	186536	3d4d79dfe260cbe84a6bb9c52f464cdeef146d38693e954da150caec0c11d703	https://api.tenders.gov.au/ocds/findByDates/contractPublished/2026-05-19T00:00:00Z/2026-05-26T00:00:00Z?cursor=VUVFxvsoQW9Od2o2UzhwNTRES1VOT05ESTBNekE0T0NsRFRqUXlORE13T0RnPfQD&prevcursor=VWUS234oQW9OdzhKaThycDRES1VOT05ESTBNekkzT0NsRFRqUXlORE15TnpnPZAD&lastcursor=Vc9Lh30oQW9Od3pxL0dycDRES1VOT05ESTBNek00TUNsRFRqUXlORE16T0RBPawC
2026-09-16T02:24:47Z	1	200	188527	9bf93ed8567f419010b2af962721a3c23d20ba941809673fc9265349b5038a07	https://api.tenders.gov.au/ocds/findByDates/contractPublished/2026-05-19T00:00:00Z/2026-05-26T00:00:00Z?cursor=VVgHYu4oQW9ONDNQZjFwcDRES1VOT05ESTBNamt3TmlsRFRqUXlOREk1TURZPdgE&prevcursor=VUVFxvsoQW9Od2o2UzhwNTRES1VOT05ESTBNekE0T0NsRFRqUXlORE13T0RnPfQD&lastcursor=VWUS234oQW9OdzhKaThycDRES1VOT05ESTBNekkzT0NsRFRqUXlORE15TnpnPZAD
2026-09-16T02:24:49Z	1	200	186955	7faad602eef13fe1a9d74b672f7839275374294fe8b3846190a181fe4e951f36	https://api.tenders.gov.au/ocds/findByDates/contractPublished/2026-05-19T00:00:00Z/2026-05-26T00:00:00Z?cursor=Vd9ChhIoQW9OdzE3N2VwSjRES1VOT05ESTBNamN3TWlsRFRqUXlOREkzTURJPbwF&prevcursor=VVgHYu4oQW9ONDNQZjFwcDRES1VOT05ESTBNamt3TmlsRFRqUXlOREk1TURZPdgE&lastcursor=VUVFxvsoQW9Od2o2UzhwNTRES1VOT05ESTBNekE0T0NsRFRqUXlORE13T0RnPfQD
2026-09-16T02:24:50Z	1	200	186877	a1e83f1e1c21739e389d1b00236d70d872baed27bdbacd510c50fe29f68da528	https://api.tenders.gov.au/ocds/findByDates/contractPublished/2026-05-19T00:00:00Z/2026-05-26T00:00:00Z?cursor=VYtkcKMoQW9ONDhQaXpwSjRES1VOT05ESTBNalV3TnlsRFRqUXlOREkxTURjPaAG&prevcursor=Vd9ChhIoQW9OdzE3N2VwSjRES1VOT05ESTBNamN3TWlsRFRqUXlOREkzTURJPbwF&lastcursor=VVgHYu4oQW9ONDNQZjFwcDRES1VOT05ESTBNamt3TmlsRFRqUXlOREk1TURZPdgE
2026-09-16T02:24:51Z	1	200	188284	22fc1cf7ea3ba4312f94e7967a63e67d714332edc0102b8c36dcfb59026fedcf	https://api.tenders.gov.au/ocds/findByDates/contractPublished/2026-05-19T00:00:00Z/2026-05-26T00:00:00Z?cursor=VZxTm1woQW9ONG0rK0FvcDRES1VOT05ESTBNakkyT0NsRFRqUXlOREl5TmpnPYQH&prevcursor=VYtkcKMoQW9ONDhQaXpwSjRES1VOT05ESTBNalV3TnlsRFRqUXlOREkxTURjPaAG&lastcursor=Vd9ChhIoQW9OdzE3N2VwSjRES1VOT05ESTBNamN3TWlsRFRqUXlOREkzTURJPbwF
2026-09-16T02:24:52Z	1	200	183106	9b52ceef34babc360f39ac4b564a5e3912f0fc97ec184453e49590797c2b4274	https://api.tenders.gov.au/ocds/findByDates/contractPublished/2026-05-19T00:00:00Z/2026-05-26T00:00:00Z?cursor=VQ7qDxQoQW9ONG45YjZvWjRES1VOT05ESTBNakUyTVNsRFRqUXlOREl4TmpFPegH&prevcursor=VZxTm1woQW9ONG0rK0FvcDRES1VOT05ESTBNakkyT0NsRFRqUXlOREl5TmpnPYQH&lastcursor=VYtkcKMoQW9ONDhQaXpwSjRES1VOT05ESTBNalV3TnlsRFRqUXlOREkxTURjPaAG
2026-09-16T02:24:54Z	1	200	182557	ea32a797149d1553db4cea16287875bea18a47154ada0fc221369ea7249a4602	https://api.tenders.gov.au/ocds/findByDates/contractPublished/2026-05-19T00:00:00Z/2026-05-26T00:00:00Z?cursor=Vbbqf0coQW9ONHVMZktvWjRES1VOT05ESTBNVGs1TkNsRFRqUXlOREU1T1RRPcwI&prevcursor=VQ7qDxQoQW9ONG45YjZvWjRES1VOT05ESTBNakUyTVNsRFRqUXlOREl4TmpFPegH&lastcursor=VZxTm1woQW9ONG0rK0FvcDRES1VOT05ESTBNakkyT0NsRFRqUXlOREl5TmpnPYQH
2026-09-16T02:24:54Z	1	200	182573	58263b1f1527039d5896cc88e6aa8854fa32daa6a07f919e02411de99823ffe0	https://api.tenders.gov.au/ocds/findByDates/contractPublished/2026-05-19T00:00:00Z/2026-05-26T00:00:00Z?cursor=VctZVp0oQW9Od3g4ckpvWjRES1VOT05ESTBNVGc1TlNsRFRqUXlOREU0T1RVPbAJ&prevcursor=Vbbqf0coQW9ONHVMZktvWjRES1VOT05ESTBNVGs1TkNsRFRqUXlOREU1T1RRPcwI&lastcursor=VQ7qDxQoQW9ONG45YjZvWjRES1VOT05ESTBNakUyTVNsRFRqUXlOREl4TmpFPegH
2026-09-16T02:24:55Z	1	200	182635	a4493559f500ba05db76d2b11413cc653e52c4d5333ce24dee407e2507f1d73a	https://api.tenders.gov.au/ocds/findByDates/contractPublished/2026-05-19T00:00:00Z/2026-05-26T00:00:00Z?cursor=Vd9TK8IoQW9Od3lmYklvWjRES1VOT05ESTBNVGM1TlNsRFRqUXlOREUzT1RVPZQK&prevcursor=VctZVp0oQW9Od3g4ckpvWjRES1VOT05ESTBNVGc1TlNsRFRqUXlOREU0T1RVPbAJ&lastcursor=Vbbqf0coQW9ONHVMZktvWjRES1VOT05ESTBNVGs1TkNsRFRqUXlOREU1T1RRPcwI
2026-09-16T02:24:56Z	1	200	181979	2efd6e5b1a6cf33d83709fedad06c1d30f775255ea82fd9e2ced12f89e993638	https://api.tenders.gov.au/ocds/findByDates/contractPublished/2026-05-19T00:00:00Z/2026-05-26T00:00:00Z?cursor=VWSZZmYoQW9Od2xiVElvWjRES1VOT05ESTBNVFk1TlNsRFRqUXlOREUyT1RVPfgK&prevcursor=Vd9TK8IoQW9Od3lmYklvWjRES1VOT05ESTBNVGM1TlNsRFRqUXlOREUzT1RVPZQK&lastcursor=VctZVp0oQW9Od3g4ckpvWjRES1VOT05ESTBNVGc1TlNsRFRqUXlOREU0T1RVPbAJ
2026-09-16T02:24:57Z	1	200	182306	3f4ee0fc0b383741ed7fd4e962cdcb48a3cbf8247e3250070572c5755ea61b97	https://api.tenders.gov.au/ocds/findByDates/contractPublished/2026-05-19T00:00:00Z/2026-05-26T00:00:00Z?cursor=VXNz4LQoQW9ONDdJTElvWjRES1VOT05ESTBNVFU1TmlsRFRqUXlOREUxT1RZPdwL&prevcursor=VWSZZmYoQW9Od2xiVElvWjRES1VOT05ESTBNVFk1TlNsRFRqUXlOREUyT1RVPfgK&lastcursor=Vd9TK8IoQW9Od3lmYklvWjRES1VOT05ESTBNVGM1TlNsRFRqUXlOREUzT1RVPZQK
2026-09-16T02:24:58Z	1	200	183847	0e406b09d467c3f60133c3836054b74b4399df4b121157a9f7022f5014ccb184	https://api.tenders.gov.au/ocds/findByDates/contractPublished/2026-05-19T00:00:00Z/2026-05-26T00:00:00Z?cursor=VWkSX-koQW9Od2krVEhvWjRES1VOT05ESTBNVFE1TkNsRFRqUXlOREUwT1RRPcAM&prevcursor=VXNz4LQoQW9ONDdJTElvWjRES1VOT05ESTBNVFU1TmlsRFRqUXlOREUxT1RZPdwL&lastcursor=VWSZZmYoQW9Od2xiVElvWjRES1VOT05ESTBNVFk1TlNsRFRqUXlOREUyT1RVPfgK
2026-09-16T02:24:59Z	1	200	645	2c565113cdc15fe58f01dbd31acad418596802c0b3e91372cf6eaf1dfcfbd613	https://api.tenders.gov.au/ocds/findByDates/contractPublished/2026-05-19T00:00:00Z/2026-05-26T00:00:00Z?cursor=VZdncjMoQW9ONHo2bmpucDRES1VOT05ESTBNVE16T0NsRFRqUXlOREV6TXpnPaQN&prevcursor=VWkSX-koQW9Od2krVEhvWjRES1VOT05ESTBNVFE1TkNsRFRqUXlOREUwT1RRPcAM&lastcursor=VXNz4LQoQW9ONDdJTElvWjRES1VOT05ESTBNVFU1TmlsRFRqUXlOREUxT1RZPdwL
2026-09-16T02:25:00Z	1	200	186833	df9a1c7f7f2490388148c817d7983b398566ef07734260e150b1301c53769d4f	https://api.tenders.gov.au/ocds/findByDates/contractPublished/2026-05-26T00:00:00Z/2026-06-02T00:00:00Z
2026-09-16T02:25:01Z	1	200	188327	67b55450c70daa92c1526543cf44cf9c8fd9d0696a76f3ec4dfe1a7d9496c483	https://api.tenders.gov.au/ocds/findByDates/contractPublished/2026-05-26T00:00:00Z/2026-06-02T00:00:00Z?cursor=VUp7Du4oQW9ONG5ydkp1WjRES1VOT05ESTBOVFkwTUNsRFRqUXlORFUyTkRBPWQ&prevcursor=initial&lastcursor=initial
2026-09-16T02:25:02Z	1	200	189137	0cc2b5d6b27213c881073456c27c28a7c9dae390dd1ddfc905b1b3cb203fe517	https://api.tenders.gov.au/ocds/findByDates/contractPublished/2026-05-26T00:00:00Z/2026-06-02T00:00:00Z?cursor=VcLBlPsoQW9Od3Vxanl1SjRES1VOT05ESTBOVFF5TlNsRFRqUXlORFUwTWpVPcgB&prevcursor=VUp7Du4oQW9ONG5ydkp1WjRES1VOT05ESTBOVFkwTUNsRFRqUXlORFUyTkRBPWQ&lastcursor=initial
2026-09-16T02:25:04Z	1	200	188063	6fcebf1df7d7f63fe23b5f906a3e041e9fb11e9bfe88511b6a80b75e37e64bd8	https://api.tenders.gov.au/ocds/findByDates/contractPublished/2026-05-26T00:00:00Z/2026-06-02T00:00:00Z?cursor=VdMuTyUoQW9ONDQ5L2l1SjRES1VOT05ESTBOVEkzTXlsRFRqUXlORFV5TnpNPawC&prevcursor=VcLBlPsoQW9Od3Vxanl1SjRES1VOT05ESTBOVFF5TlNsRFRqUXlORFUwTWpVPcgB&lastcursor=VUp7Du4oQW9ONG5ydkp1WjRES1VOT05ESTBOVFkwTUNsRFRqUXlORFUyTkRBPWQ
2026-09-16T02:25:05Z	1	200	192323	b70422592a19e7ac6b8a231317d2d7b8dbfd941ed8870d3d46f159a05a18e7ed	https://api.tenders.gov.au/ocds/findByDates/contractPublished/2026-05-26T00:00:00Z/2026-06-02T00:00:00Z?cursor=VVQd7ZMwQW9ONGdOVEh1SjRETEVOT05ESTBOVEV5TWkxQk1TeERUalF5TkRVeE1qSXRRVEU9kAM&prevcursor=VdMuTyUoQW9ONDQ5L2l1SjRES1VOT05ESTBOVEkzTXlsRFRqUXlORFV5TnpNPawC&lastcursor=VcLBlPsoQW9Od3Vxanl1SjRES1VOT05ESTBOVFF5TlNsRFRqUXlORFUwTWpVPcgB
2026-09-16T02:25:06Z	1	200	187159	b8db5b841edb4572bbf3b61f6ccf065a21ce807c1a2e2569e15164f54ef2a7bc	https://api.tenders.gov.au/ocds/findByDates/contractPublished/2026-05-26T00:00:00Z/2026-06-02T00:00:00Z?cursor=VW_ltr8oQW9ONGw0TEt0cDRES1VOT05ESTBORGt4TlNsRFRqUXlORFE1TVRVPfQD&prevcursor=VVQd7ZMwQW9ONGdOVEh1SjRETEVOT05ESTBOVEV5TWkxQk1TeERUalF5TkRVeE1qSXRRVEU9kAM&lastcursor=VdMuTyUoQW9ONDQ5L2l1SjRES1VOT05ESTBOVEkzTXlsRFRqUXlORFV5TnpNPawC
2026-09-16T02:25:07Z	1	200	186265	9c6487c4d748800e33d509b0a76c93abb89220b4d94d03189c81ce76f5bc8d8f	https://api.tenders.gov.au/ocds/findByDates/contractPublished/2026-05-26T00:00:00Z/2026-06-02T00:00:00Z?cursor=VX7RLewoQW9ONHZJQ1Z0SjRES1VOT05ESTBORGMwTVNsRFRqUXlORFEzTkRFPdgE&prevcursor=VW_ltr8oQW9ONGw0TEt0cDRES1VOT05ESTBORGt4TlNsRFRqUXlORFE1TVRVPfQD&lastcursor=VVQd7ZMwQW9ONGdOVEh1SjRETEVOT05ESTBOVEV5TWkxQk1TeERUalF5TkRVeE1qSXRRVEU9kAM
2026-09-16T02:25:08Z	1	200	186642	ee955684c650b2e7afc3fc3da8e4f87544bd71b543db36266489ef1537ac66d3	https://api.tenders.gov.au/ocds/findByDates/contractPublished/2026-05-26T00:00:00Z/2026-06-02T00:00:00Z?cursor=Va86isQoQW9ONHYvSHZzNTRES1VOT05ESTBORFV5TkNsRFRqUXlORFExTWpRPbwF&prevcursor=VX7RLewoQW9ONHZJQ1Z0SjRES1VOT05ESTBORGMwTVNsRFRqUXlORFEzTkRFPdgE&lastcursor=VW_ltr8oQW9ONGw0TEt0cDRES1VOT05ESTBORGt4TlNsRFRqUXlORFE1TVRVPfQD
2026-09-16T02:25:09Z	1	200	184879	7a4bac7083fca9f631f7285107325ffb47a1ee1c330f2f41f8352b029805e593	https://api.tenders.gov.au/ocds/findByDates/contractPublished/2026-05-26T00:00:00Z/2026-06-02T00:00:00Z?cursor=VZ1StaMoQW9Od3c5dnZzNTRES1VOT05ESTBORFF5TnlsRFRqUXlORFEwTWpjPaAG&prevcursor=Va86isQoQW9ONHYvSHZzNTRES1VOT05ESTBORFV5TkNsRFRqUXlORFExTWpRPbwF&lastcursor=VX7RLewoQW9ONHZJQ1Z0SjRES1VOT05ESTBORGMwTVNsRFRqUXlORFEzTkRFPdgE
2026-09-16T02:25:10Z	1	200	182283	732f048fbda3ecdee09c192048037b1c1cc15ad6131fed3341ba28032b96e249	https://api.tenders.gov.au/ocds/findByDates/contractPublished/2026-05-26T00:00:00Z/2026-06-02T00:00:00Z?cursor=VWNLMycoQW9OdzJmalZzNTRES1VOT05ESTBORE14TWlsRFRqUXlORFF6TVRJPYQH&prevcursor=VZ1StaMoQW9Od3c5dnZzNTRES1VOT05ESTBORFF5TnlsRFRqUXlORFEwTWpjPaAG&lastcursor=Va86isQoQW9ONHYvSHZzNTRES1VOT05ESTBORFV5TkNsRFRqUXlORFExTWpRPbwF
2026-09-16T02:25:11Z	1	200	182293	ec37f8b77118dd365563f852f4dbeaaebab730f55a7a6393f0588c8223bcd387	https://api.tenders.gov.au/ocds/findByDates/contractPublished/2026-05-26T00:00:00Z/2026-06-02T00:00:00Z?cursor=VYFIohcoQW9ONDk5blZzNTRES1VOT05ESTBOREl4TXlsRFRqUXlORFF5TVRNPegH&prevcursor=VWNLMycoQW9OdzJmalZzNTRES1VOT05ESTBORE14TWlsRFRqUXlORFF6TVRJPYQH&lastcursor=VZ1StaMoQW9Od3c5dnZzNTRES1VOT05ESTBORFF5TnlsRFRqUXlORFEwTWpjPaAG
2026-09-16T02:25:12Z	1	200	186826	1abbe62bf8d251e8ca3ad69388e387347b339d34acd8fe420cc79e0d9ab596ef	https://api.tenders.gov.au/ocds/findByDates/contractPublished/2026-05-26T00:00:00Z/2026-06-02T00:00:00Z?cursor=VeCvt9UoQW9ONGt2T2dzNTRES1VOT05ESTBOREEyTUNsRFRqUXlORFF3TmpBPcwI&prevcursor=VYFIohcoQW9ONDk5blZzNTRES1VOT05ESTBOREl4TXlsRFRqUXlORFF5TVRNPegH&lastcursor=VWNLMycoQW9OdzJmalZzNTRES1VOT05ESTBORE14TWlsRFRqUXlORFF6TVRJPYQH
2026-09-16T02:25:13Z	1	200	130721	55e845216b4572e16839eb8448837166d220e2d81054dae832f2dc76baca3ad5	https://api.tenders.gov.au/ocds/findByDates/contractPublished/2026-05-26T00:00:00Z/2026-06-02T00:00:00Z?cursor=Vck7JjwoQW9OdytjbjRzSjRES1VOT05ESTBNemcwTUNsRFRqUXlORE00TkRBPbAJ&prevcursor=VeCvt9UoQW9ONGt2T2dzNTRES1VOT05ESTBOREEyTUNsRFRqUXlORFF3TmpBPcwI&lastcursor=VYFIohcoQW9ONDk5blZzNTRES1VOT05ESTBOREl4TXlsRFRqUXlORFF5TVRNPegH
2026-09-16T02:25:14Z	1	200	645	505e31679dc5992210c5902051f9fd91df0cc27c676643bc13623c623e491046	https://api.tenders.gov.au/ocds/findByDates/contractPublished/2026-05-26T00:00:00Z/2026-06-02T00:00:00Z?cursor=Vb97TFQoQW9OdytzYnJzSjRES1VOT05ESTBNemMzT0NsRFRqUXlORE0zTnpnPfYJ&prevcursor=Vck7JjwoQW9OdytjbjRzSjRES1VOT05ESTBNemcwTUNsRFRqUXlORE00TkRBPbAJ&lastcursor=VeCvt9UoQW9ONGt2T2dzNTRES1VOT05ESTBOREEyTUNsRFRqUXlORFF3TmpBPcwI
2026-09-16T02:25:15Z	1	200	192140	d437be549dd61be94ed4a49ce6309b951c6fa255a37449d4998bfb7aae5c834d	https://api.tenders.gov.au/ocds/findByDates/contractPublished/2026-06-02T00:00:00Z/2026-06-09T00:00:00Z
2026-09-16T02:25:16Z	1	200	187854	90d60894c4100fd6470be16fd515aac3defffc5a8612190a55fbd5e8c6f6b97c	https://api.tenders.gov.au/ocds/findByDates/contractPublished/2026-06-02T00:00:00Z/2026-06-09T00:00:00Z?cursor=VeCr3QsoQW9ONHZQdWt5NTRES1VOT05ESTBOek0yTUNsRFRqUXlORGN6TmpBPWQ&prevcursor=initial&lastcursor=initial
2026-09-16T02:25:17Z	1	200	184360	793a784bec63339ad10ac201e195c40f156c04568a8a400d2c3ab738f42e82a4	https://api.tenders.gov.au/ocds/findByDates/contractPublished/2026-06-02T00:00:00Z/2026-06-09T00:00:00Z?cursor=VePR34soQW9Od3JmS0d5NTRES1VOT05ESTBOekl4TmlsRFRqUXlORGN5TVRZPcgB&prevcursor=VeCr3QsoQW9ONHZQdWt5NTRES1VOT05ESTBOek0yTUNsRFRqUXlORGN6TmpBPWQ&lastcursor=initial
2026-09-16T02:25:18Z	1	200	186927	d0948864045d8b700cd2596cecb2aa3c38518791c399e93fc0666367b3eedb1f	https://api.tenders.gov.au/ocds/findByDates/contractPublished/2026-06-02T00:00:00Z/2026-06-09T00:00:00Z?cursor=Vd16N_0oQW9OdzNmU0F5NTRES1VOT05ESTBOekE0TWlsRFRqUXlORGN3T0RJPawC&prevcursor=VePR34soQW9Od3JmS0d5NTRES1VOT05ESTBOekl4TmlsRFRqUXlORGN5TVRZPcgB&lastcursor=VeCr3QsoQW9ONHZQdWt5NTRES1VOT05ESTBOek0yTUNsRFRqUXlORGN6TmpBPWQ
2026-09-16T02:25:20Z	1	200	192200	dd71086cc142ae9ee4167556efa05ff59b7b4402bfa1ad9b357f193432911efb	https://api.tenders.gov.au/ocds/findByDates/contractPublished/2026-06-02T00:00:00Z/2026-06-09T00:00:00Z?cursor=VV9ldS0oQW9Od2k4L1d5SjRES1VOT05ESTBOamczTUNsRFRqUXlORFk0TnpBPZAD&prevcursor=Vd16N_0oQW9OdzNmU0F5NTRES1VOT05ESTBOekE0TWlsRFRqUXlORGN3T0RJPawC&lastcursor=VePR34soQW9Od3JmS0d5NTRES1VOT05ESTBOekl4TmlsRFRqUXlORGN5TVRZPcgB
2026-09-16T02:25:21Z	1	200	188242	7e9685041635fbb634fc36e29cc7df7e6abe47ae3da8e55bdf5eccde3d82ccaa	https://api.tenders.gov.au/ocds/findByDates/contractPublished/2026-06-02T00:00:00Z/2026-06-09T00:00:00Z?cursor=VXMhVqIoQW9Od3UvakR5SjRES1VOT05ESTBOamN4TkNsRFRqUXlORFkzTVRRPfQD&prevcursor=VV9ldS0oQW9Od2k4L1d5SjRES1VOT05ESTBOamczTUNsRFRqUXlORFk0TnpBPZAD&lastcursor=Vd16N_0oQW9OdzNmU0F5NTRES1VOT05ESTBOekE0TWlsRFRqUXlORGN3T0RJPawC
2026-09-16T02:25:22Z	1	200	182828	875e5965a8c6c11e83f2c72f1517c2c83b2cddc228183ef58dcb1435a82f2c3b	https://api.tenders.gov.au/ocds/findByDates/contractPublished/2026-06-02T00:00:00Z/2026-06-09T00:00:00Z?cursor=VbZ5-SooQW9OdzBPM3h4NTRES1VOT05ESTBOalV6TlNsRFRqUXlORFkxTXpVPdgE&prevcursor=VXMhVqIoQW9Od3UvakR5SjRES1VOT05ESTBOamN4TkNsRFRqUXlORFkzTVRRPfQD&lastcursor=VV9ldS0oQW9Od2k4L1d5SjRES1VOT05ESTBOamczTUNsRFRqUXlORFk0TnpBPZAD
2026-09-16T02:25:24Z	1	200	182882	f8543dd74c38fc1a0698ade97a350f27e27ad7ad8bd86db405ec72b45382d8f5	https://api.tenders.gov.au/ocds/findByDates/contractPublished/2026-06-02T00:00:00Z/2026-06-09T00:00:00Z?cursor=VQukJmUoQW9Od3ZzbUZ4cDRES1VOT05ESTBOalF3TmlsRFRqUXlORFkwTURZPbwF&prevcursor=VbZ5-SooQW9OdzBPM3h4NTRES1VOT05ESTBOalV6TlNsRFRqUXlORFkxTXpVPdgE&lastcursor=VXMhVqIoQW9Od3UvakR5SjRES1VOT05ESTBOamN4TkNsRFRqUXlORFkzTVRRPfQD
2026-09-16T02:25:25Z	1	200	188101	00185485ecc02fb8e6379714f3c89e1cb908425d4faa51edd7662f9db659e324	https://api.tenders.gov.au/ocds/findByDates/contractPublished/2026-06-02T00:00:00Z/2026-06-09T00:00:00Z?cursor=VYzfZvIoQW9OdzlMZUZ4cDRES1VOT05ESTBOak13T0NsRFRqUXlORFl6TURnPaAG&prevcursor=VQukJmUoQW9Od3ZzbUZ4cDRES1VOT05ESTBOalF3TmlsRFRqUXlORFkwTURZPbwF&lastcursor=VbZ5-SooQW9OdzBPM3h4NTRES1VOT05ESTBOalV6TlNsRFRqUXlORFkxTXpVPdgE
2026-09-16T02:25:26Z	1	200	185427	b0e0e3343c5d0182bb485da755f6d9e2a9e724c6db11c6d56df1eb726cf11810	https://api.tenders.gov.au/ocds/findByDates/contractPublished/2026-06-02T00:00:00Z/2026-06-09T00:00:00Z?cursor=Vb_Wj8MoQW9ONHQ5bTB4WjRES1VOT05ESTBOakV3TXlsRFRqUXlORFl4TURNPYQH&prevcursor=VYzfZvIoQW9OdzlMZUZ4cDRES1VOT05ESTBOak13T0NsRFRqUXlORFl6TURnPaAG&lastcursor=VQukJmUoQW9Od3ZzbUZ4cDRES1VOT05ESTBOalF3TmlsRFRqUXlORFkwTURZPbwF
2026-09-16T02:25:27Z	1	200	186414	f239e0e831fbcd6043dfc556b27df1fcec30d4003befa0530c190a29aa52403e	https://api.tenders.gov.au/ocds/findByDates/contractPublished/2026-06-02T00:00:00Z/2026-06-09T00:00:00Z?cursor=VcsL_ogoQW9ONDllNjZ3NTRES1VOT05ESTBOVGsxTlNsRFRqUXlORFU1TlRVPegH&prevcursor=Vb_Wj8MoQW9ONHQ5bTB4WjRES1VOT05ESTBOakV3TXlsRFRqUXlORFl4TURNPYQH&lastcursor=VYzfZvIoQW9OdzlMZUZ4cDRES1VOT05ESTBOak13T0NsRFRqUXlORFl6TURnPaAG
2026-09-16T02:25:28Z	1	200	42945	ddb8ab0fb2bb9143de3311cedd08c76c3eb19c1fe670cb470db2ac4a66986439	https://api.tenders.gov.au/ocds/findByDates/contractPublished/2026-06-02T00:00:00Z/2026-06-09T00:00:00Z?cursor=VQz8b6IoQW9OdzBmenR3cDRES1VOT05ESTBOVGd4T0NsRFRqUXlORFU0TVRnPcwI&prevcursor=VcsL_ogoQW9ONDllNjZ3NTRES1VOT05ESTBOVGsxTlNsRFRqUXlORFU1TlRVPegH&lastcursor=Vb_Wj8MoQW9ONHQ5bTB4WjRES1VOT05ESTBOakV3TXlsRFRqUXlORFl4TURNPYQH
2026-09-16T02:25:29Z	1	200	645	32ba3d3c8c4dd28daf083ae54eea3e6ab4c15851a4b872e6d6b640eee2cb1dac	https://api.tenders.gov.au/ocds/findByDates/contractPublished/2026-06-02T00:00:00Z/2026-06-09T00:00:00Z?cursor=VVVnnh8oQW9ONGxLN3J3cDRES1VOT05ESTBOVGM1TVNsRFRqUXlORFUzT1RFPeII&prevcursor=VQz8b6IoQW9OdzBmenR3cDRES1VOT05ESTBOVGd4T0NsRFRqUXlORFU0TVRnPcwI&lastcursor=VcsL_ogoQW9ONDllNjZ3NTRES1VOT05ESTBOVGsxTlNsRFRqUXlORFU1TlRVPegH
2026-09-16T02:25:29Z	1	200	188295	d9863ecf009987afbd81d920ab0130edc1ff38ffeb77aed2c5b3476ccf269466	https://api.tenders.gov.au/ocds/findByDates/contractPublished/2026-06-09T00:00:00Z/2026-06-16T00:00:00Z
2026-09-16T02:25:30Z	1	200	186208	49dfde9734f57c54ba62e0006e4972235e1897e5b8e1a4fdfbae493ea8acb2be	https://api.tenders.gov.au/ocds/findByDates/contractPublished/2026-06-09T00:00:00Z/2026-06-16T00:00:00Z?cursor=VRcRPl8oQW9Od2lhejk1SjRES1VOT05ESTBPVGcwTUNsRFRqUXlORGs0TkRBPWQ&prevcursor=initial&lastcursor=initial
2026-09-16T02:25:31Z	1	200	187930	92ddab4ccc99194076a9234652148975a27f3bf5d97390676032833c662f5c82	https://api.tenders.gov.au/ocds/findByDates/contractPublished/2026-06-09T00:00:00Z/2026-06-16T00:00:00Z?cursor=Vf5u41coQW9ONHZLT2c1SjRES1VOT05ESTBPVFl6TVNsRFRqUXlORGsyTXpFPcgB&prevcursor=VRcRPl8oQW9Od2lhejk1SjRES1VOT05ESTBPVGcwTUNsRFRqUXlORGs0TkRBPWQ&lastcursor=initial
2026-09-16T02:25:33Z	1	200	187651	f8c9c3452e247297be49b1f2c034868608fd58d0ae806c5d64c2d69bbeeb2e63	https://api.tenders.gov.au/ocds/findByDates/contractPublished/2026-06-09T00:00:00Z/2026-06-16T00:00:00Z?cursor=VW84tNsoQW9ONDByR2czWjRES1VOT05ESTBPVFV3TlNsRFRqUXlORGsxTURVPawC&prevcursor=Vf5u41coQW9ONHZLT2c1SjRES1VOT05ESTBPVFl6TVNsRFRqUXlORGsyTXpFPcgB&lastcursor=VRcRPl8oQW9Od2lhejk1SjRES1VOT05ESTBPVGcwTUNsRFRqUXlORGs0TkRBPWQ
2026-09-16T02:25:34Z	1	200	189303	33d5915ca9b8de1eedb4561b7e7dbc9253b0772dd34974990a2540bc48e920d7	https://api.tenders.gov.au/ocds/findByDates/contractPublished/2026-06-09T00:00:00Z/2026-06-16T00:00:00Z?cursor=VZejep0oQW9ONG50djgzSjRES1VOT05ESTBPVEkyTnlsRFRqUXlORGt5TmpjPZAD&prevcursor=VW84tNsoQW9ONDByR2czWjRES1VOT05ESTBPVFV3TlNsRFRqUXlORGsxTURVPawC&lastcursor=Vf5u41coQW9ONHZLT2c1SjRES1VOT05ESTBPVFl6TVNsRFRqUXlORGsyTXpFPcgB
2026-09-16T02:25:35Z	1	200	185222	cfa7e5a8129e5cf657a1f65cfe6fd5a9d2fb9ca5226d8a6ff204c2f61a98944c	https://api.tenders.gov.au/ocds/findByDates/contractPublished/2026-06-09T00:00:00Z/2026-06-16T00:00:00Z?cursor=VdPqr04oQW9ONHV0REYzSjRES1VOT05ESTBPVEEwTkNsRFRqUXlORGt3TkRRPfQD&prevcursor=VZejep0oQW9ONG50djgzSjRES1VOT05ESTBPVEkyTnlsRFRqUXlORGt5TmpjPZAD&lastcursor=VW84tNsoQW9ONDByR2czWjRES1VOT05ESTBPVFV3TlNsRFRqUXlORGsxTURVPawC
2026-09-16T02:25:36Z	1	200	181554	768bc7600c21326d90ac0c256a913c3287e5fa2d02aaa53f337ffa1db8ebfb40	https://api.tenders.gov.au/ocds/findByDates/contractPublished/2026-06-09T00:00:00Z/2026-06-16T00:00:00Z?cursor=VcGcbnQoQW9Od2dxT00ySjRES1VOT05ESTBPRGd3TkNsRFRqUXlORGc0TURRPdgE&prevcursor=VdPqr04oQW9ONHV0REYzSjRES1VOT05ESTBPVEEwTkNsRFRqUXlORGt3TkRRPfQD&lastcursor=VZejep0oQW9ONG50djgzSjRES1VOT05ESTBPVEkyTnlsRFRqUXlORGt5TmpjPZAD
2026-09-16T02:25:37Z	1	200	189590	496f09c15314c1fb3b462a4cc4a8a8b47e3db87118380b6ac61ec81a77ad43f0	https://api.tenders.gov.au/ocds/findByDates/contractPublished/2026-06-09T00:00:00Z/2026-06-16T00:00:00Z?cursor=VaZCqJ0oQW9Od3BlV0EySjRES1VOT05ESTBOemt3TlNsRFRqUXlORGM1TURVPbwF&prevcursor=VcGcbnQoQW9Od2dxT00ySjRES1VOT05ESTBPRGd3TkNsRFRqUXlORGc0TURRPdgE&lastcursor=VdPqr04oQW9ONHV0REYzSjRES1VOT05ESTBPVEEwTkNsRFRqUXlORGt3TkRRPfQD
2026-09-16T02:25:38Z	1	200	183389	df967318e8fe264bebb88fd626da80bfb4fcd41e60e3b8d116d0d6ab17c0af81	https://api.tenders.gov.au/ocds/findByDates/contractPublished/2026-06-09T00:00:00Z/2026-06-16T00:00:00Z?cursor=VTAoA5QoQW9Od3dOM1cxNTRES1VOT05ESTBPRFUzT0NsRFRqUXlORGcxTnpnPaAG&prevcursor=VaZCqJ0oQW9Od3BlV0EySjRES1VOT05ESTBOemt3TlNsRFRqUXlORGM1TURVPbwF&lastcursor=VcGcbnQoQW9Od2dxT00ySjRES1VOT05ESTBPRGd3TkNsRFRqUXlORGc0TURRPdgE
2026-09-16T02:25:39Z	1	200	182608	db918432d9ac09c599552a9ccf58d2e5e80a2f9b407f82b0decf035f0f995362	https://api.tenders.gov.au/ocds/findByDates/contractPublished/2026-06-09T00:00:00Z/2026-06-16T00:00:00Z?cursor=VYe7uOkoQW9OdzRkalUxNTRES1VOT05ESTBPRFEzT1NsRFRqUXlORGcwTnprPYQH&prevcursor=VTAoA5QoQW9Od3dOM1cxNTRES1VOT05ESTBPRFUzT0NsRFRqUXlORGcxTnpnPaAG&lastcursor=VaZCqJ0oQW9Od3BlV0EySjRES1VOT05ESTBOemt3TlNsRFRqUXlORGM1TURVPbwF
2026-09-16T02:25:40Z	1	200	185443	5b5e46c3125c38b070e03391e1f64147644773501765adb47125eb9c706856b8	https://api.tenders.gov.au/ocds/findByDates/contractPublished/2026-06-09T00:00:00Z/2026-06-16T00:00:00Z?cursor=VRMk1E4oQW9ONDh1M1MxNTRES1VOT05ESTBPRE0wTkNsRFRqUXlORGd6TkRRPegH&prevcursor=VYe7uOkoQW9OdzRkalUxNTRES1VOT05ESTBPRFEzT1NsRFRqUXlORGcwTnprPYQH&lastcursor=VTAoA5QoQW9Od3dOM1cxNTRES1VOT05ESTBPRFUzT0NsRFRqUXlORGcxTnpnPaAG
2026-09-16T02:25:41Z	1	200	189497	5eff923e78f8b3488f66b98d233a1e6708a0de8f614b1e86f15db7e5d0eb05c0	https://api.tenders.gov.au/ocds/findByDates/contractPublished/2026-06-09T00:00:00Z/2026-06-16T00:00:00Z?cursor=Vf6KgEkoQW9ONGxiL0MxNTRES1VOT05ESTBPREl3TUNsRFRqUXlORGd5TURBPcwI&prevcursor=VRMk1E4oQW9ONDh1M1MxNTRES1VOT05ESTBPRE0wTkNsRFRqUXlORGd6TkRRPegH&lastcursor=VYe7uOkoQW9OdzRkalUxNTRES1VOT05ESTBPRFEzT1NsRFRqUXlORGcwTnprPYQH
2026-09-16T02:25:42Z	1	200	183751	cfa59ae21579c29a8c836621f1e2d867a4356efd8e0dd526374bc098d2c4549e	https://api.tenders.gov.au/ocds/findByDates/contractPublished/2026-06-09T00:00:00Z/2026-06-16T00:00:00Z?cursor=VQtlMVIoQW9Od2c3L1IxWjRES1VOT05ESTBPREF4TnlsRFRqUXlORGd3TVRjPbAJ&prevcursor=Vf6KgEkoQW9ONGxiL0MxNTRES1VOT05ESTBPREl3TUNsRFRqUXlORGd5TURBPcwI&lastcursor=VRMk1E4oQW9ONDh1M1MxNTRES1VOT05ESTBPRE0wTkNsRFRqUXlORGd6TkRRPegH
2026-09-16T02:25:43Z	1	200	185175	6e7a88c441a77a1cbb488d6b4ebecd31bb79188bcd6a7fcbe18fa67807c62da8	https://api.tenders.gov.au/ocds/findByDates/contractPublished/2026-06-09T00:00:00Z/2026-06-16T00:00:00Z?cursor=VTk8vJ8oQW9ONGhMKzgxWjRES1VOT05ESTBOemc0TnlsRFRqUXlORGM0T0RjPZQK&prevcursor=VQtlMVIoQW9Od2c3L1IxWjRES1VOT05ESTBPREF4TnlsRFRqUXlORGd3TVRjPbAJ&lastcursor=Vf6KgEkoQW9ONGxiL0MxNTRES1VOT05ESTBPREl3TUNsRFRqUXlORGd5TURBPcwI
2026-09-16T02:25:44Z	1	200	183077	09345eace4ea3766aa1995c9939e2948ecea3ba01dcbeb5046812b9b98477783	https://api.tenders.gov.au/ocds/findByDates/contractPublished/2026-06-09T00:00:00Z/2026-06-16T00:00:00Z?cursor=VZNawrYoQW9ONGljZWQxWjRES1VOT05ESTBOelk1TlNsRFRqUXlORGMyT1RVPfgK&prevcursor=VTk8vJ8oQW9ONGhMKzgxWjRES1VOT05ESTBOemc0TnlsRFRqUXlORGM0T0RjPZQK&lastcursor=VQtlMVIoQW9Od2c3L1IxWjRES1VOT05ESTBPREF4TnlsRFRqUXlORGd3TVRjPbAJ
2026-09-16T02:25:45Z	1	200	12370	84de8641690464def1215fa97c018ece4b2376fc958923f8f853e0841d9cb87c	https://api.tenders.gov.au/ocds/findByDates/contractPublished/2026-06-09T00:00:00Z/2026-06-16T00:00:00Z?cursor=VdURtQMoQW9ONC9vUDkxSjRES1VOT05ESTBOelUyTlNsRFRqUXlORGMxTmpVPdwL&prevcursor=VZNawrYoQW9ONGljZWQxWjRES1VOT05ESTBOelk1TlNsRFRqUXlORGMyT1RVPfgK&lastcursor=VTk8vJ8oQW9ONGhMKzgxWjRES1VOT05ESTBOemc0TnlsRFRqUXlORGM0T0RjPZQK
2026-09-16T02:25:46Z	1	200	645	af7523c5987cb359ef80cfaf53fef3ffb96a4dbbca4cae0672f2492c3b853e30	https://api.tenders.gov.au/ocds/findByDates/contractPublished/2026-06-09T00:00:00Z/2026-06-16T00:00:00Z?cursor=VdR6BzYoQW9ONHNNM3QxSjRES1VOT05ESTBOelUwT1NsRFRqUXlORGMxTkRrPeIL&prevcursor=VdURtQMoQW9ONC9vUDkxSjRES1VOT05ESTBOelUyTlNsRFRqUXlORGMxTmpVPdwL&lastcursor=VZNawrYoQW9ONGljZWQxWjRES1VOT05ESTBOelk1TlNsRFRqUXlORGMyT1RVPfgK
2026-09-16T02:25:47Z	1	200	183270	09331bb792abf04b93532c610f8c5f0eb2c90ba0669d5d6042a74b62ec626c41	https://api.tenders.gov.au/ocds/findByDates/contractPublished/2026-06-16T00:00:00Z/2026-06-23T00:00:00Z
2026-09-16T02:25:48Z	1	200	188623	a08d424e2af8a6764f080cf27da322107ed1b80b4d487c976e18e95dd3809660	https://api.tenders.gov.au/ocds/findByDates/contractPublished/2026-06-16T00:00:00Z/2026-06-23T00:00:00Z?cursor=VbOJhnAoQW9Od2k3VFM5cDRES1VOT05ESTFNak0xTlNsRFRqUXlOVEl6TlRVPWQ&prevcursor=initial&lastcursor=initial
2026-09-16T02:25:49Z	1	200	190086	63b0589ae5db4214409065d1de32b71c65651ba9dc18c6c9d538c0bbbe4cfa98	https://api.tenders.gov.au/ocds/findByDates/contractPublished/2026-06-16T00:00:00Z/2026-06-23T00:00:00Z?cursor=VXd-xRkoQW9ONHJZbWU5cDRES1VOT05ESTFNakU0TkNsRFRqUXlOVEl4T0RRPcgB&prevcursor=VbOJhnAoQW9Od2k3VFM5cDRES1VOT05ESTFNak0xTlNsRFRqUXlOVEl6TlRVPWQ&lastcursor=initial
2026-09-16T02:25:50Z	1	200	186016	4125c94580a90e0e7fc9064a4e47f3eb9b7a8d5360e25a7ecdf219dc816b27d6	https://api.tenders.gov.au/ocds/findByDates/contractPublished/2026-06-16T00:00:00Z/2026-06-23T00:00:00Z?cursor=Ve1-l2koQW9Od3l0bXE3NTRES1VOT05ESTFNakEzTUNsRFRqUXlOVEl3TnpBPawC&prevcursor=VXd-xRkoQW9ONHJZbWU5cDRES1VOT05ESTFNakU0TkNsRFRqUXlOVEl4T0RRPcgB&lastcursor=VbOJhnAoQW9Od2k3VFM5cDRES1VOT05ESTFNak0xTlNsRFRqUXlOVEl6TlRVPWQ
2026-09-16T02:25:51Z	1	200	186343	016400a28692f84c8eed33827b5c8be87528710af30b018f5d2308ec69bc956c	https://api.tenders.gov.au/ocds/findByDates/contractPublished/2026-06-16T00:00:00Z/2026-06-23T00:00:00Z?cursor=VeHCdfUwQW9ONDJZcVM3NTRETEVOT05ESTFNVGt5TVMxQk1TeERUalF5TlRFNU1qRXRRVEU9kAM&prevcursor=Ve1-l2koQW9Od3l0bXE3NTRES1VOT05ESTFNakEzTUNsRFRqUXlOVEl3TnpBPawC&lastcursor=VXd-xRkoQW9ONHJZbWU5cDRES1VOT05ESTFNakU0TkNsRFRqUXlOVEl4T0RRPcgB
2026-09-16T02:25:52Z	1	200	183067	8d04a4b8f140dd29225b63ec14d34bd95aa8adc3cc012ec7251397b4411bbfcb	https://api.tenders.gov.au/ocds/findByDates/contractPublished/2026-06-16T00:00:00Z/2026-06-23T00:00:00Z?cursor=VdMqFy4oQW9ONGlwejU3cDRES1VOT05ESTFNVGMzTUNsRFRqUXlOVEUzTnpBPfQD&prevcursor=VeHCdfUwQW9ONDJZcVM3NTRETEVOT05ESTFNVGt5TVMxQk1TeERUalF5TlRFNU1qRXRRVEU9kAM&lastcursor=Ve1-l2koQW9Od3l0bXE3NTRES1VOT05ESTFNakEzTUNsRFRqUXlOVEl3TnpBPawC
2026-09-16T02:25:53Z	1	200	182813	f910617373a41982f1774ba63d452b4cd4dc21b396de6e19814c4b6a4c79c1f5	https://api.tenders.gov.au/ocds/findByDates/contractPublished/2026-06-16T00:00:00Z/2026-06-23T00:00:00Z?cursor=VVAtzbIoQW9ONHo0WDU3cDRES1VOT05ESTFNVFkyTnlsRFRqUXlOVEUyTmpjPdgE&prevcursor=VdMqFy4oQW9ONGlwejU3cDRES1VOT05ESTFNVGMzTUNsRFRqUXlOVEUzTnpBPfQD&lastcursor=VeHCdfUwQW9ONDJZcVM3NTRETEVOT05ESTFNVGt5TVMxQk1TeERUalF5TlRFNU1qRXRRVEU9kAM
2026-09-16T02:25:54Z	1	200	185499	8f73cc67e59c40d6712fcf89d22aa100efb9533e01a210daef70604445bb96c2	https://api.tenders.gov.au/ocds/findByDates/contractPublished/2026-06-16T00:00:00Z/2026-06-23T00:00:00Z?cursor=VY59Da8oQW9ONHJwUDQ3cDRES1VOT05ESTFNVFV6TnlsRFRqUXlOVEUxTXpjPbwF&prevcursor=VVAtzbIoQW9ONHo0WDU3cDRES1VOT05ESTFNVFkyTnlsRFRqUXlOVEUyTmpjPdgE&lastcursor=VdMqFy4oQW9ONGlwejU3cDRES1VOT05ESTFNVGMzTUNsRFRqUXlOVEUzTnpBPfQD
2026-09-16T02:25:55Z	1	200	186676	11b3184db23876934e659b8dff68ca6d633b310cecd9b2a1c4e3142b4dfb029b	https://api.tenders.gov.au/ocds/findByDates/contractPublished/2026-06-16T00:00:00Z/2026-06-23T00:00:00Z?cursor=VQRpWgIwQW9ONDliZnk3cDRETEVOT05ESTFNVFF6TlMxQk1TeERUalF5TlRFME16VXRRVEU9oAY&prevcursor=VY59Da8oQW9ONHJwUDQ3cDRES1VOT05ESTFNVFV6TnlsRFRqUXlOVEUxTXpjPbwF&lastcursor=VVAtzbIoQW9ONHo0WDU3cDRES1VOT05ESTFNVFkyTnlsRFRqUXlOVEUyTmpjPdgE
2026-09-16T02:25:56Z	1	200	187624	e87f4159933c63315211ea737d32d0a96fd4755e35df0dd085b4e062b599dcd3	https://api.tenders.gov.au/ocds/findByDates/contractPublished/2026-06-16T00:00:00Z/2026-06-23T00:00:00Z?cursor=VUznXAcoQW9ONGs5UEM3SjRES1VOT05ESTFNVEl4TWlsRFRqUXlOVEV5TVRJPYQH&prevcursor=VQRpWgIwQW9ONDliZnk3cDRETEVOT05ESTFNVFF6TlMxQk1TeERUalF5TlRFME16VXRRVEU9oAY&lastcursor=VY59Da8oQW9ONHJwUDQ3cDRES1VOT05ESTFNVFV6TnlsRFRqUXlOVEUxTXpjPbwF
2026-09-16T02:25:57Z	1	200	188940	90e0a2d001c3b134e591c301091d84c6c804c54426178cce4e93a389cf32074f	https://api.tenders.gov.au/ocds/findByDates/contractPublished/2026-06-16T00:00:00Z/2026-06-23T00:00:00Z?cursor=VevijBcoQW9OdzN1V1I3SjRES1VOT05ESTFNVEEyTWlsRFRqUXlOVEV3TmpJPegH&prevcursor=VUznXAcoQW9ONGs5UEM3SjRES1VOT05ESTFNVEl4TWlsRFRqUXlOVEV5TVRJPYQH&lastcursor=VQRpWgIwQW9ONDliZnk3cDRETEVOT05ESTFNVFF6TlMxQk1TeERUalF5TlRFME16VXRRVEU9oAY
2026-09-16T02:25:58Z	1	200	187431	b9a91b912d66392c45d88d2a264cd883155218dbd002c31f051c1276622071c1	https://api.tenders.gov.au/ocds/findByDates/contractPublished/2026-06-16T00:00:00Z/2026-06-23T00:00:00Z?cursor=VYfRDh0oQW9Od3hxT0c2cDRES1VOT05ESTFNRGc0TlNsRFRqUXlOVEE0T0RVPcwI&prevcursor=VevijBcoQW9OdzN1V1I3SjRES1VOT05ESTFNVEEyTWlsRFRqUXlOVEV3TmpJPegH&lastcursor=VUznXAcoQW9ONGs5UEM3SjRES1VOT05ESTFNVEl4TWlsRFRqUXlOVEV5TVRJPYQH
2026-09-16T02:25:59Z	1	200	188275	697822963a50c744987569d2841e6a76f2a1f2bf210dafa8969e602eb0e9db2b	https://api.tenders.gov.au/ocds/findByDates/contractPublished/2026-06-16T00:00:00Z/2026-06-23T00:00:00Z?cursor=VbNysncoQW9OdzNQUGI2WjRES1VOT05ESTFNRGN4T1NsRFRqUXlOVEEzTVRrPbAJ&prevcursor=VYfRDh0oQW9Od3hxT0c2cDRES1VOT05ESTFNRGc0TlNsRFRqUXlOVEE0T0RVPcwI&lastcursor=VevijBcoQW9OdzN1V1I3SjRES1VOT05ESTFNVEEyTWlsRFRqUXlOVEV3TmpJPegH
2026-09-16T02:26:00Z	1	200	185857	783a4725a1e7f8a51eca893513ab9636fb51200fde1cbe1f2a0751797a252c2d	https://api.tenders.gov.au/ocds/findByDates/contractPublished/2026-06-16T00:00:00Z/2026-06-23T00:00:00Z?cursor=VQnlnesoQW9ONHA0TE81NTRES1VOT05ESTFNRFE0TXlsRFRqUXlOVEEwT0RNPZQK&prevcursor=VbNysncoQW9OdzNQUGI2WjRES1VOT05ESTFNRGN4T1NsRFRqUXlOVEEzTVRrPbAJ&lastcursor=VYfRDh0oQW9Od3hxT0c2cDRES1VOT05ESTFNRGc0TlNsRFRqUXlOVEE0T0RVPcwI
2026-09-16T02:26:01Z	1	200	185839	718feafaf111a6cf95284933b6ea411da4c18d9666f0a0af52106e5b59c6eb35	https://api.tenders.gov.au/ocds/findByDates/contractPublished/2026-06-16T00:00:00Z/2026-06-23T00:00:00Z?cursor=VYeuN2UoQW9ONGwvTzQ1NTRES1VOT05ESTFNRE15T0NsRFRqUXlOVEF6TWpnPfgK&prevcursor=VQnlnesoQW9ONHA0TE81NTRES1VOT05ESTFNRFE0TXlsRFRqUXlOVEEwT0RNPZQK&lastcursor=VbNysncoQW9OdzNQUGI2WjRES1VOT05ESTFNRGN4T1NsRFRqUXlOVEEzTVRrPbAJ
2026-09-16T02:26:03Z	1	200	120233	39c481ebbb26246bbb69d3e7a2dfda43dd3a8d2f8f662445ca57dc1438701a66	https://api.tenders.gov.au/ocds/findByDates/contractPublished/2026-06-16T00:00:00Z/2026-06-23T00:00:00Z?cursor=VeO2dv8wQW9Odys1U2M1NTRETEVOT05ESTFNREV6TXkxQk1TeERUalF5TlRBeE16TXRRVEU93As&prevcursor=VYeuN2UoQW9ONGwvTzQ1NTRES1VOT05ESTFNRE15T0NsRFRqUXlOVEF6TWpnPfgK&lastcursor=VQnlnesoQW9ONHA0TE81NTRES1VOT05ESTFNRFE0TXlsRFRqUXlOVEEwT0RNPZQK
2026-09-16T02:26:04Z	1	200	656	7d887dd3cd7c1194e9ae902faac57bdd6c9cf5e13541589183dacb03d879971b	https://api.tenders.gov.au/ocds/findByDates/contractPublished/2026-06-16T00:00:00Z/2026-06-23T00:00:00Z?cursor=VXI-WNooQW9ONG5kWHU1cDRES1VOT05ESTFNREF3TUNsRFRqUXlOVEF3TURBPZwM&prevcursor=VeO2dv8wQW9Odys1U2M1NTRETEVOT05ESTFNREV6TXkxQk1TeERUalF5TlRBeE16TXRRVEU93As&lastcursor=VYeuN2UoQW9ONGwvTzQ1NTRES1VOT05ESTFNRE15T0NsRFRqUXlOVEF6TWpnPfgK
2026-09-16T02:26:04Z	1	200	186881	16b3530c4d2311ae3898afeee38835ee4d5875c6b8a1449a444994893926f8a5	https://api.tenders.gov.au/ocds/findByDates/contractPublished/2026-06-23T00:00:00Z/2026-06-30T00:00:00Z
2026-09-16T02:26:05Z	1	200	185424	583a0518b5fd8be222c978a1ea7b3029c9cdfa8672b9f200c79078b2b6568a07	https://api.tenders.gov.au/ocds/findByDates/contractPublished/2026-06-23T00:00:00Z/2026-06-30T00:00:00Z?cursor=VfJpK-MoQW9OdzQ1cUtpWjhES1VOT05ESTFOVFEzTmlsRFRqUXlOVFUwTnpZPWQ&prevcursor=initial&lastcursor=initial
2026-09-16T02:26:06Z	1	200	186667	42821e77caf26ffc6b23ef944b88ee436d04a960f961840618fee76cf37f0997	https://api.tenders.gov.au/ocds/findByDates/contractPublished/2026-06-23T00:00:00Z/2026-06-30T00:00:00Z?cursor=VdsJ1J8oQW9OdytMZitpSjhES1VOT05ESTFOVE16T1NsRFRqUXlOVFV6TXprPcgB&prevcursor=VfJpK-MoQW9OdzQ1cUtpWjhES1VOT05ESTFOVFEzTmlsRFRqUXlOVFUwTnpZPWQ&lastcursor=initial
2026-09-16T02:26:07Z	1	200	186828	f0727d52fc217ef9d1cbfdb3e655a9a320621d5435be782b3533f7ea60f54085	https://api.tenders.gov.au/ocds/findByDates/contractPublished/2026-06-23T00:00:00Z/2026-06-30T00:00:00Z?cursor=Vb9fq5coQW9ONDlhM1JpSjhES1VOT05ESTFOVEV6TVNsRFRqUXlOVFV4TXpFPawC&prevcursor=VdsJ1J8oQW9OdytMZitpSjhES1VOT05ESTFOVE16T1NsRFRqUXlOVFV6TXprPcgB&lastcursor=VfJpK-MoQW9OdzQ1cUtpWjhES1VOT05ESTFOVFEzTmlsRFRqUXlOVFUwTnpZPWQ
2026-09-16T02:26:08Z	1	200	186873	1be9493db0d8875b3d5cbeee2faac08b7bb53586884584ae42b7f1d2981a146f	https://api.tenders.gov.au/ocds/findByDates/contractPublished/2026-06-23T00:00:00Z/2026-06-30T00:00:00Z?cursor=VSBOwJAoQW9ONGlMdW9nWjhES1VOT05ESTFORGszTVNsRFRqUXlOVFE1TnpFPZAD&prevcursor=Vb9fq5coQW9ONDlhM1JpSjhES1VOT05ESTFOVEV6TVNsRFRqUXlOVFV4TXpFPawC&lastcursor=VdsJ1J8oQW9OdytMZitpSjhES1VOT05ESTFOVE16T1NsRFRqUXlOVFV6TXprPcgB
2026-09-16T02:26:09Z	1	200	185420	0bce970fc70833401ac4f364ae16c391ed04a949b944fea28d824e6bfedd7e69	https://api.tenders.gov.au/ocds/findByDates/contractPublished/2026-06-23T00:00:00Z/2026-06-30T00:00:00Z?cursor=VfNnTyUoQW9Od2xiMmZnWjhES1VOT05ESTFORGd6TUNsRFRqUXlOVFE0TXpBPfQD&prevcursor=VSBOwJAoQW9ONGlMdW9nWjhES1VOT05ESTFORGszTVNsRFRqUXlOVFE1TnpFPZAD&lastcursor=Vb9fq5coQW9ONDlhM1JpSjhES1VOT05ESTFOVEV6TVNsRFRqUXlOVFV4TXpFPawC
2026-09-16T02:26:10Z	1	200	187645	d5083a3c6bf60ea4d2622b9c5295fdd6eb7cfd042f6b066880feb80ea57cf167	https://api.tenders.gov.au/ocds/findByDates/contractPublished/2026-06-23T00:00:00Z/2026-06-30T00:00:00Z?cursor=VdI6nUcoQW9ONHU2S0JnWjhES1VOT05ESTFORFkyT1NsRFRqUXlOVFEyTmprPdgE&prevcursor=VfNnTyUoQW9Od2xiMmZnWjhES1VOT05ESTFORGd6TUNsRFRqUXlOVFE0TXpBPfQD&lastcursor=VSBOwJAoQW9ONGlMdW9nWjhES1VOT05ESTFORGszTVNsRFRqUXlOVFE1TnpFPZAD
2026-09-16T02:26:12Z	1	200	186402	3f04d415cb08557c54e29bbae2236d5a8dca38c9ee6ffbc972ce2b0cf3cca256	https://api.tenders.gov.au/ocds/findByDates/contractPublished/2026-06-23T00:00:00Z/2026-06-30T00:00:00Z?cursor=VeYhBJowQW9Od21zRFlnSjhETEVOT05ESTFORFExT1MxQk1TeERUalF5TlRRME5Ua3RRVEU9vAU&prevcursor=VdI6nUcoQW9ONHU2S0JnWjhES1VOT05ESTFORFkyT1NsRFRqUXlOVFEyTmprPdgE&lastcursor=VfNnTyUoQW9Od2xiMmZnWjhES1VOT05ESTFORGd6TUNsRFRqUXlOVFE0TXpBPfQD
2026-09-16T02:26:12Z	1	200	182612	7a7430d757e2064b92385cc49a5e69af1cffc649496980572b5b818971932eb9	https://api.tenders.gov.au/ocds/findByDates/contractPublished/2026-06-23T00:00:00Z/2026-06-30T00:00:00Z?cursor=VXButR0oQW9OdzlJSzVnSjhES1VOT05ESTFOREk0TkNsRFRqUXlOVFF5T0RRPaAG&prevcursor=VeYhBJowQW9Od21zRFlnSjhETEVOT05ESTFORFExT1MxQk1TeERUalF5TlRRME5Ua3RRVEU9vAU&lastcursor=VdI6nUcoQW9ONHU2S0JnWjhES1VOT05ESTFORFkyT1NsRFRqUXlOVFEyTmprPdgE
2026-09-16T02:26:13Z	1	200	183232	bd4bcb288444b1f056faceec0af8359abe8bd7cc8f16d824677a2c17f2a5872b	https://api.tenders.gov.au/ocds/findByDates/contractPublished/2026-06-23T00:00:00Z/2026-06-30T00:00:00Z?cursor=VZ4EQ3AoQW9ONHR0aTRnSjhES1VOT05ESTFOREU0TkNsRFRqUXlOVFF4T0RRPYQH&prevcursor=VXButR0oQW9OdzlJSzVnSjhES1VOT05ESTFOREk0TkNsRFRqUXlOVFF5T0RRPaAG&lastcursor=VeYhBJowQW9Od21zRFlnSjhETEVOT05ESTFORFExT1MxQk1TeERUalF5TlRRME5Ua3RRVEU9vAU
2026-09-16T02:26:14Z	1	200	183488	9aa004bbed3348547b177851e2f4a1844c72cc4f9e3ccb92d80cebbc54f592c9	https://api.tenders.gov.au/ocds/findByDates/contractPublished/2026-06-23T00:00:00Z/2026-06-30T00:00:00Z?cursor=VWOJLzcoQW9Od3dNQzRnSjhES1VOT05ESTFOREE0TXlsRFRqUXlOVFF3T0RNPegH&prevcursor=VZ4EQ3AoQW9ONHR0aTRnSjhES1VOT05ESTFOREU0TkNsRFRqUXlOVFF4T0RRPYQH&lastcursor=VXButR0oQW9OdzlJSzVnSjhES1VOT05ESTFOREk0TkNsRFRqUXlOVFF5T0RRPaAG
2026-09-16T02:26:15Z	1	200	184186	ab19427c927dc1286ac7834b0e52d33c9db899796d1104e752bd43a6bd946ddc	https://api.tenders.gov.au/ocds/findByDates/contractPublished/2026-06-23T00:00:00Z/2026-06-30T00:00:00Z?cursor=VaEd64IoQW9ONDlkSzUvcDRES1VOT05ESTFNemswTXlsRFRqUXlOVE01TkRNPcwI&prevcursor=VWOJLzcoQW9Od3dNQzRnSjhES1VOT05ESTFOREE0TXlsRFRqUXlOVFF3T0RNPegH&lastcursor=VZ4EQ3AoQW9ONHR0aTRnSjhES1VOT05ESTFOREU0TkNsRFRqUXlOVFF4T0RRPYQH
2026-09-16T02:26:16Z	1	200	184690	5039e0b88c075774dac230168820b1d8c15caf6fd6963f465d72a7a7fca6046a	https://api.tenders.gov.au/ocds/findByDates/contractPublished/2026-06-23T00:00:00Z/2026-06-30T00:00:00Z?cursor=VUoUL_QoQW9ONDByUzUvcDRES1VOT05ESTFNemcwTXlsRFRqUXlOVE00TkRNPbAJ&prevcursor=VaEd64IoQW9ONDlkSzUvcDRES1VOT05ESTFNemswTXlsRFRqUXlOVE01TkRNPcwI&lastcursor=VWOJLzcoQW9Od3dNQzRnSjhES1VOT05ESTFOREE0TXlsRFRqUXlOVFF3T0RNPegH
2026-09-16T02:26:17Z	1	200	186995	89c8e5bc678e4a3410faf5cf5d25bb0ca9fed8e7c871ad3a9e269f47d84ffe26	https://api.tenders.gov.au/ocds/findByDates/contractPublished/2026-06-23T00:00:00Z/2026-06-30T00:00:00Z?cursor=VafPqx8oQW9OdzMrT2gvcDRES1VOT05ESTFNemN6TkNsRFRqUXlOVE0zTXpRPZQK&prevcursor=VUoUL_QoQW9ONDByUzUvcDRES1VOT05ESTFNemcwTXlsRFRqUXlOVE00TkRNPbAJ&lastcursor=VaEd64IoQW9ONDlkSzUvcDRES1VOT05ESTFNemswTXlsRFRqUXlOVE01TkRNPcwI
2026-09-16T02:26:18Z	1	200	186571	904ac9631251d30ba5fd47059712ea8fd7f785925b25f97e7ae7cf0af7c163d9	https://api.tenders.gov.au/ocds/findByDates/contractPublished/2026-06-23T00:00:00Z/2026-06-30T00:00:00Z?cursor=VYiuEbgwQW9Od3hjbjEvWjRETEVOT05ESTFNall6TXkxQk1TeERUalF5TlRJMk16TXRRVEU9-Ao&prevcursor=VafPqx8oQW9OdzMrT2gvcDRES1VOT05ESTFNemN6TkNsRFRqUXlOVE0zTXpRPZQK&lastcursor=VUoUL_QoQW9ONDByUzUvcDRES1VOT05ESTFNemcwTXlsRFRqUXlOVE00TkRNPbAJ
2026-09-16T02:26:19Z	1	200	187927	cd28c94b0229bbf67cc83da4d9582226691149d70d239a3df2f94b7a4a16c56d	https://api.tenders.gov.au/ocds/findByDates/contractPublished/2026-06-23T00:00:00Z/2026-06-30T00:00:00Z?cursor=VZmq_hEoQW9Od2o5NzYrNTRES1VOT05ESTFNelF4T0NsRFRqUXlOVE0wTVRnPdwL&prevcursor=VYiuEbgwQW9Od3hjbjEvWjRETEVOT05ESTFNall6TXkxQk1TeERUalF5TlRJMk16TXRRVEU9-Ao&lastcursor=VafPqx8oQW9OdzMrT2gvcDRES1VOT05ESTFNemN6TkNsRFRqUXlOVE0zTXpRPZQK
2026-09-16T02:26:21Z	1	200	184908	474ae8192889f655a54d10a9a782438515ee34649a71ba690bce5143a36c0ec8	https://api.tenders.gov.au/ocds/findByDates/contractPublished/2026-06-23T00:00:00Z/2026-06-30T00:00:00Z?cursor=VWIn_JMoQW9ONDdaankrNTRES1VOT05ESTFNekk0TWlsRFRqUXlOVE15T0RJPcAM&prevcursor=VZmq_hEoQW9Od2o5NzYrNTRES1VOT05ESTFNelF4T0NsRFRqUXlOVE0wTVRnPdwL&lastcursor=VYiuEbgwQW9Od3hjbjEvWjRETEVOT05ESTFNall6TXkxQk1TeERUalF5TlRJMk16TXRRVEU9-Ao
2026-09-16T02:26:22Z	1	200	184378	7af8531da2a086069c9e3c8f25f805ad082c77a47965193349061ef717676ed6	https://api.tenders.gov.au/ocds/findByDates/contractPublished/2026-06-23T00:00:00Z/2026-06-30T00:00:00Z?cursor=VfYtPswoQW9Od3NQN0krWjRES1VOT05ESTFNamszTUNsRFRqUXlOVEk1TnpBPaQN&prevcursor=VWIn_JMoQW9ONDdaankrNTRES1VOT05ESTFNekk0TWlsRFRqUXlOVE15T0RJPcAM&lastcursor=VZmq_hEoQW9Od2o5NzYrNTRES1VOT05ESTFNelF4T0NsRFRqUXlOVE0wTVRnPdwL
2026-09-16T02:26:23Z	1	200	187648	25ca2542efcf1c4c5a6875b86e9643a91156759a17f57fee2acf1388402adc5c	https://api.tenders.gov.au/ocds/findByDates/contractPublished/2026-06-23T00:00:00Z/2026-06-30T00:00:00Z?cursor=VafiQi4oQW9ONHpiTzcrWjRES1VOT05ESTFNamd5TXlsRFRqUXlOVEk0TWpNPYgO&prevcursor=VfYtPswoQW9Od3NQN0krWjRES1VOT05ESTFNamszTUNsRFRqUXlOVEk1TnpBPaQN&lastcursor=VWIn_JMoQW9ONDdaankrNTRES1VOT05ESTFNekk0TWlsRFRqUXlOVE15T0RJPcAM
2026-09-16T02:26:24Z	1	200	174746	6e653eed23cfad40405ef8e92f2819f527172b22bb6a9467174adc6d9160621b	https://api.tenders.gov.au/ocds/findByDates/contractPublished/2026-06-23T00:00:00Z/2026-06-30T00:00:00Z?cursor=VXvOhVYoQW9Od3RMQ3ErWjRES1VOT05ESTFNamN5TXlsRFRqUXlOVEkzTWpNPewO&prevcursor=VafiQi4oQW9ONHpiTzcrWjRES1VOT05ESTFNamd5TXlsRFRqUXlOVEk0TWpNPYgO&lastcursor=VfYtPswoQW9Od3NQN0krWjRES1VOT05ESTFNamszTUNsRFRqUXlOVEk1TnpBPaQN
2026-09-16T02:26:25Z	1	200	645	55110c5d41c42fc589b298b5ffa403e8ed77cba85b736e0022214f5867ad1a9a	https://api.tenders.gov.au/ocds/findByDates/contractPublished/2026-06-23T00:00:00Z/2026-06-30T00:00:00Z?cursor=Ve-g55EoQW9Od21ycnkrSjRES1VOT05ESTFNalUxTXlsRFRqUXlOVEkxTlRNPcoP&prevcursor=VXvOhVYoQW9Od3RMQ3ErWjRES1VOT05ESTFNamN5TXlsRFRqUXlOVEkzTWpNPewO&lastcursor=VafiQi4oQW9ONHpiTzcrWjRES1VOT05ESTFNamd5TXlsRFRqUXlOVEk0TWpNPYgO
2026-09-16T02:26:26Z	1	200	180378	d73f55c305db8cda5a6525d52b2db94f323b75680904ee1b67b405489c0d30d7	https://api.tenders.gov.au/ocds/findByDates/contractPublished/2026-06-30T00:00:00Z/2026-07-07T00:00:00Z
2026-09-16T02:26:27Z	1	200	186244	954ac537bbfd8305f895cc34d38495863aab7f3a337fb2619e855b616e346039	https://api.tenders.gov.au/ocds/findByDates/contractPublished/2026-06-30T00:00:00Z/2026-07-07T00:00:00Z?cursor=VROcQB8oQW9ONHB2R2JtcDhES1VOT05ESTFOemcwTkNsRFRqUXlOVGM0TkRRPWQ&prevcursor=initial&lastcursor=initial
2026-09-16T02:26:28Z	1	200	188752	8548b88b0512902c698cf0f141ea86211cdb1ee1053b3e472f546263d21934d3	https://api.tenders.gov.au/ocds/findByDates/contractPublished/2026-06-30T00:00:00Z/2026-07-07T00:00:00Z?cursor=Vbr_AkswQW9ONDJKbXNrNThETEVOT05ESTFOemN3TVMxQk1TeERUalF5TlRjM01ERXRRVEU9yAE&prevcursor=VROcQB8oQW9ONHB2R2JtcDhES1VOT05ESTFOemcwTkNsRFRqUXlOVGM0TkRRPWQ&lastcursor=initial
2026-09-16T02:26:29Z	1	200	188467	dc05bedb8e9fdba6ccbfc4cc9eb02463af712a3bbe8a3716d3e823fb54ef25d7	https://api.tenders.gov.au/ocds/findByDates/contractPublished/2026-06-30T00:00:00Z/2026-07-07T00:00:00Z?cursor=VeFCLyEoQW9ONDN0T1lrNThES1VOT05ESTFOelUxT1NsRFRqUXlOVGMxTlRrPawC&prevcursor=Vbr_AkswQW9ONDJKbXNrNThETEVOT05ESTFOemN3TVMxQk1TeERUalF5TlRjM01ERXRRVEU9yAE&lastcursor=VROcQB8oQW9ONHB2R2JtcDhES1VOT05ESTFOemcwTkNsRFRqUXlOVGM0TkRRPWQ
2026-09-16T02:26:30Z	1	200	189004	6bfe684ce957f524b42e820795cd9e54c3e1b6d3dbb5d635ed64af6f4a871445	https://api.tenders.gov.au/ocds/findByDates/contractPublished/2026-06-30T00:00:00Z/2026-07-07T00:00:00Z?cursor=VTuIlmooQW9ONDdLbmZrcDhES1VOT05ESTFOek01TkNsRFRqUXlOVGN6T1RRPZAD&prevcursor=VeFCLyEoQW9ONDN0T1lrNThES1VOT05ESTFOelUxT1NsRFRqUXlOVGMxTlRrPawC&lastcursor=Vbr_AkswQW9ONDJKbXNrNThETEVOT05ESTFOemN3TVMxQk1TeERUalF5TlRjM01ERXRRVEU9yAE
2026-09-16T02:26:31Z	1	200	185563	8961ae1d9ee60e34e3121e08fc6d89d70de7c75ea23f1381ff327726f7c9c7b8	https://api.tenders.gov.au/ocds/findByDates/contractPublished/2026-06-30T00:00:00Z/2026-07-07T00:00:00Z?cursor=VZQVdxMoQW9Od3JiN3NrSjhES1VOT05ESTFOekkwTWlsRFRqUXlOVGN5TkRJPfQD&prevcursor=VTuIlmooQW9ONDdLbmZrcDhES1VOT05ESTFOek01TkNsRFRqUXlOVGN6T1RRPZAD&lastcursor=VeFCLyEoQW9ONDN0T1lrNThES1VOT05ESTFOelUxT1NsRFRqUXlOVGMxTlRrPawC
2026-09-16T02:26:32Z	1	200	181908	78b074dc6bb88ef1d730d1ac2c77f6d00721cb29bb869c6a417f525166b6b191	https://api.tenders.gov.au/ocds/findByDates/contractPublished/2026-06-30T00:00:00Z/2026-07-07T00:00:00Z?cursor=VdQfUv0oQW9ONDArT1BrSjhES1VOT05ESTFOekEzTVNsRFRqUXlOVGN3TnpFPdgE&prevcursor=VZQVdxMoQW9Od3JiN3NrSjhES1VOT05ESTFOekkwTWlsRFRqUXlOVGN5TkRJPfQD&lastcursor=VTuIlmooQW9ONDdLbmZrcDhES1VOT05ESTFOek01TkNsRFRqUXlOVGN6T1RRPZAD
2026-09-16T02:26:33Z	1	200	182939	831ca8f4ebd15234b7dc5f91cec8eebfa181f40f65e23b2ea38e26322625d3f1	https://api.tenders.gov.au/ocds/findByDates/contractPublished/2026-06-30T00:00:00Z/2026-07-07T00:00:00Z?cursor=VYirJuEoQW9ONDVzaUlrSjhES1VOT05ESTFOamsxT1NsRFRqUXlOVFk1TlRrPbwF&prevcursor=VdQfUv0oQW9ONDArT1BrSjhES1VOT05ESTFOekEzTVNsRFRqUXlOVGN3TnpFPdgE&lastcursor=VZQVdxMoQW9Od3JiN3NrSjhES1VOT05ESTFOekkwTWlsRFRqUXlOVGN5TkRJPfQD
2026-09-16T02:26:34Z	1	200	182819	969790bad97f3d7a5c00dbb8111266bd1c550c1156f755b8264b4df42e12f01f	https://api.tenders.gov.au/ocds/findByDates/contractPublished/2026-06-30T00:00:00Z/2026-07-07T00:00:00Z?cursor=VYUTotwoQW9Od2hvQ0lrSjhES1VOT05ESTFOamcxT0NsRFRqUXlOVFk0TlRnPaAG&prevcursor=VYirJuEoQW9ONDVzaUlrSjhES1VOT05ESTFOamsxT1NsRFRqUXlOVFk1TlRrPbwF&lastcursor=VdQfUv0oQW9ONDArT1BrSjhES1VOT05ESTFOekEzTVNsRFRqUXlOVGN3TnpFPdgE
2026-09-16T02:26:35Z	1	200	182207	86c23420d1ee0b8aba6ce5655da5960c17507e0cfa84841d13d4f2567ede0f2b	https://api.tenders.gov.au/ocds/findByDates/contractPublished/2026-06-30T00:00:00Z/2026-07-07T00:00:00Z?cursor=VekHGZsoQW9Od3VzV0hrSjhES1VOT05ESTFOamMxT0NsRFRqUXlOVFkzTlRnPYQH&prevcursor=VYUTotwoQW9Od2hvQ0lrSjhES1VOT05ESTFOamcxT0NsRFRqUXlOVFk0TlRnPaAG&lastcursor=VYirJuEoQW9ONDVzaUlrSjhES1VOT05ESTFOamsxT1NsRFRqUXlOVFk1TlRrPbwF
2026-09-16T02:26:36Z	1	200	183049	85361cc2f7ff6f8a4001fda55becc9d2cd9e37faf30c18bb3725c9f9e0309b1a	https://api.tenders.gov.au/ocds/findByDates/contractPublished/2026-06-30T00:00:00Z/2026-07-07T00:00:00Z?cursor=VYmIFFooQW9Od2k2dUhrSjhES1VOT05ESTFOalkyTVNsRFRqUXlOVFkyTmpFPegH&prevcursor=VekHGZsoQW9Od3VzV0hrSjhES1VOT05ESTFOamMxT0NsRFRqUXlOVFkzTlRnPYQH&lastcursor=VYUTotwoQW9Od2hvQ0lrSjhES1VOT05ESTFOamcxT0NsRFRqUXlOVFk0TlRnPaAG
2026-09-16T02:26:37Z	1	200	180901	bac31513c7c4b3387a9997469370e5ef05b05e07802322207cc9dc166db04222	https://api.tenders.gov.au/ocds/findByDates/contractPublished/2026-06-30T00:00:00Z/2026-07-07T00:00:00Z?cursor=VfNnlVUoQW9Od3pyUDFqWjhES1VOT05ESTFOalV5TUNsRFRqUXlOVFkxTWpBPcwI&prevcursor=VYmIFFooQW9Od2k2dUhrSjhES1VOT05ESTFOalkyTVNsRFRqUXlOVFkyTmpFPegH&lastcursor=VekHGZsoQW9Od3VzV0hrSjhES1VOT05ESTFOamMxT0NsRFRqUXlOVFkzTlRnPYQH
2026-09-16T02:26:38Z	1	200	176759	c6b8cfaf168760407f7921c51f8346f8fcd657206b0d0bc2b8673d7b9e5ce3f8	https://api.tenders.gov.au/ocds/findByDates/contractPublished/2026-06-30T00:00:00Z/2026-07-07T00:00:00Z?cursor=VeR-IEwoQW9ONDRMSERqWjhES1VOT05ESTFOakkzT0NsRFRqUXlOVFl5TnpnPbAJ&prevcursor=VfNnlVUoQW9Od3pyUDFqWjhES1VOT05ESTFOalV5TUNsRFRqUXlOVFkxTWpBPcwI&lastcursor=VYmIFFooQW9Od2k2dUhrSjhES1VOT05ESTFOalkyTVNsRFRqUXlOVFkyTmpFPegH
2026-09-16T02:26:39Z	1	200	189026	853a1e4c81298d5ecf115499861b75a8eac6ebb677a19c345be6eb369118659e	https://api.tenders.gov.au/ocds/findByDates/contractPublished/2026-06-30T00:00:00Z/2026-07-07T00:00:00Z?cursor=Vd2ud_8oQW9ONGxiSDdpNThES1VOT05ESTFOakUyTXlsRFRqUXlOVFl4TmpNPZQK&prevcursor=VeR-IEwoQW9ONDRMSERqWjhES1VOT05ESTFOakkzT0NsRFRqUXlOVFl5TnpnPbAJ&lastcursor=VfNnlVUoQW9Od3pyUDFqWjhES1VOT05ESTFOalV5TUNsRFRqUXlOVFkxTWpBPcwI
2026-09-16T02:26:40Z	1	200	186946	be51ef355e3de9c1255f61e8a7279df0b705075243c68ef27030ce43cbb8890a	https://api.tenders.gov.au/ocds/findByDates/contractPublished/2026-06-30T00:00:00Z/2026-07-07T00:00:00Z?cursor=VX8xygMoQW9ONDZZSFlpNThES1VOT05ESTFOakExTkNsRFRqUXlOVFl3TlRRPfgK&prevcursor=Vd2ud_8oQW9ONGxiSDdpNThES1VOT05ESTFOakUyTXlsRFRqUXlOVFl4TmpNPZQK&lastcursor=VeR-IEwoQW9ONDRMSERqWjhES1VOT05ESTFOakkzT0NsRFRqUXlOVFl5TnpnPbAJ
2026-09-16T02:26:41Z	1	200	186657	909107dc457012dd7898b5760ea54ce399d74ce67329e77b53d08c746d16f163	https://api.tenders.gov.au/ocds/findByDates/contractPublished/2026-06-30T00:00:00Z/2026-07-07T00:00:00Z?cursor=VWdw5KIoQW9Od29mKzlpNThES1VOT05ESTFOVGcxTlNsRFRqUXlOVFU0TlRVPdwL&prevcursor=VX8xygMoQW9ONDZZSFlpNThES1VOT05ESTFOakExTkNsRFRqUXlOVFl3TlRRPfgK&lastcursor=Vd2ud_8oQW9ONGxiSDdpNThES1VOT05ESTFOakUyTXlsRFRqUXlOVFl4TmpNPZQK
2026-09-16T02:26:42Z	1	200	139997	e4829230a4aae1e193658aed6db2bd63393ed7d58a0ba57495f0ed1f893783f8	https://api.tenders.gov.au/ocds/findByDates/contractPublished/2026-06-30T00:00:00Z/2026-07-07T00:00:00Z?cursor=VXDJ8U8oQW9ONGk2ZTZpNThES1VOT05ESTFOVGMwTXlsRFRqUXlOVFUzTkRNPcAM&prevcursor=VWdw5KIoQW9Od29mKzlpNThES1VOT05ESTFOVGcxTlNsRFRqUXlOVFU0TlRVPdwL&lastcursor=VX8xygMoQW9ONDZZSFlpNThES1VOT05ESTFOakExTkNsRFRqUXlOVFl3TlRRPfgK
2026-09-16T02:26:43Z	1	200	645	4e1e1850f494911cfdfa32407d59761644edaed532b7c9230bde7ff640317dd9	https://api.tenders.gov.au/ocds/findByDates/contractPublished/2026-06-30T00:00:00Z/2026-07-07T00:00:00Z?cursor=VQmz0IAoQW9Od3NvSDJpcDhES1VOT05ESTFOVFl3TmlsRFRqUXlOVFUyTURZPYsN&prevcursor=VXDJ8U8oQW9ONGk2ZTZpNThES1VOT05ESTFOVGMwTXlsRFRqUXlOVFUzTkRNPcAM&lastcursor=VWdw5KIoQW9Od29mKzlpNThES1VOT05ESTFOVGcxTlNsRFRqUXlOVFU0TlRVPdwL
2026-09-16T02:26:44Z	1	200	189754	f046cad02b2ab49f7447fd711645316cdf35c5f747b36e8d62838c411c58f6e6	https://api.tenders.gov.au/ocds/findByDates/contractPublished/2026-07-07T00:00:00Z/2026-07-14T00:00:00Z
2026-09-16T02:26:45Z	1	200	187402	82064d543357d3549cb2e15d8c1af59a444f30abad618f4550d41474e82f3e74	https://api.tenders.gov.au/ocds/findByDates/contractPublished/2026-07-07T00:00:00Z/2026-07-14T00:00:00Z?cursor=VaawOmYoQW9ONHF1bjZycDhES1VOT05ESTJNRGMxTXlsRFRqUXlOakEzTlRNPWQ&prevcursor=initial&lastcursor=initial
2026-09-16T02:26:46Z	1	200	185059	3b3bd2b441734d2789a2dbbccd04023dcd8863bf70023bc1ab134aba3e15335d	https://api.tenders.gov.au/ocds/findByDates/contractPublished/2026-07-07T00:00:00Z/2026-07-14T00:00:00Z?cursor=VTSvhS0oQW9Od3k3anFySjhES1VOT05ESTJNRFU0TnlsRFRqUXlOakExT0RjPcgB&prevcursor=VaawOmYoQW9ONHF1bjZycDhES1VOT05ESTJNRGMxTXlsRFRqUXlOakEzTlRNPWQ&lastcursor=initial
2026-09-16T02:26:47Z	1	200	195570	8b07544cc977e86c7fe60c3e256054050d510f9600046ea727b16746acd87eef	https://api.tenders.gov.au/ocds/findByDates/contractPublished/2026-07-07T00:00:00Z/2026-07-14T00:00:00Z?cursor=Vdylvx0oQW9Odyt1VDVwWjhES1VOT05ESTJNRFEwTkNsRFRqUXlOakEwTkRRPawC&prevcursor=VTSvhS0oQW9Od3k3anFySjhES1VOT05ESTJNRFU0TnlsRFRqUXlOakExT0RjPcgB&lastcursor=VaawOmYoQW9ONHF1bjZycDhES1VOT05ESTJNRGMxTXlsRFRqUXlOakEzTlRNPWQ
2026-09-16T02:26:48Z	1	200	185644	116d62cc0251e60e2b2764f4e31485bb64d2ff07142635a15a2d74b03d64684e	https://api.tenders.gov.au/ocds/findByDates/contractPublished/2026-07-07T00:00:00Z/2026-07-14T00:00:00Z?cursor=VU8jFcQoQW9Od3kvTENwWjhES1VOT05ESTJNRE15TVNsRFRqUXlOakF6TWpFPZAD&prevcursor=Vdylvx0oQW9Odyt1VDVwWjhES1VOT05ESTJNRFEwTkNsRFRqUXlOakEwTkRRPawC&lastcursor=VTSvhS0oQW9Od3k3anFySjhES1VOT05ESTJNRFU0TnlsRFRqUXlOakExT0RjPcgB
2026-09-16T02:26:49Z	1	200	185041	f79eb60bd09665a28e36b9b7199443d6efa053eb102376889a8189866dad50e4	https://api.tenders.gov.au/ocds/findByDates/contractPublished/2026-07-07T00:00:00Z/2026-07-14T00:00:00Z?cursor=VQ9I71YoQW9ONDl2eWxwWjhES1VOT05ESTJNREUzTkNsRFRqUXlOakF4TnpRPfQD&prevcursor=VU8jFcQoQW9Od3kvTENwWjhES1VOT05ESTJNRE15TVNsRFRqUXlOakF6TWpFPZAD&lastcursor=Vdylvx0oQW9Odyt1VDVwWjhES1VOT05ESTJNRFEwTkNsRFRqUXlOakEwTkRRPawC
2026-09-16T02:26:50Z	1	200	182992	fff3000b6f2ea184d0d9d7224f050fc31f019da4be077d84fe6ffc5e6f5c7d0a	https://api.tenders.gov.au/ocds/findByDates/contractPublished/2026-07-07T00:00:00Z/2026-07-14T00:00:00Z?cursor=VQDEBK4oQW9OdzFaVC9wSjhES1VOT05ESTJNREEwTXlsRFRqUXlOakF3TkRNPdgE&prevcursor=VQ9I71YoQW9ONDl2eWxwWjhES1VOT05ESTJNREUzTkNsRFRqUXlOakF4TnpRPfQD&lastcursor=VU8jFcQoQW9Od3kvTENwWjhES1VOT05ESTJNRE15TVNsRFRqUXlOakF6TWpFPZAD
2026-09-16T02:26:51Z	1	200	188846	bd08afd6ef8f54527397456b0ee7e8201687dfc20d3b7abbabddf61a38d89d12	https://api.tenders.gov.au/ocds/findByDates/contractPublished/2026-07-07T00:00:00Z/2026-07-14T00:00:00Z?cursor=VYclAcUoQW9OdzlhN2RvcDhES1VOT05ESTFPVGc0T0NsRFRqUXlOVGs0T0RnPbwF&prevcursor=VQDEBK4oQW9OdzFaVC9wSjhES1VOT05ESTJNREEwTXlsRFRqUXlOakF3TkRNPdgE&lastcursor=VQ9I71YoQW9ONDl2eWxwWjhES1VOT05ESTJNREUzTkNsRFRqUXlOakF4TnpRPfQD
2026-09-16T02:26:52Z	1	200	186606	a629b23e9ff08c060282ebcfdf0f2053cb646e55f62a2464a7979100729e1d7d	https://api.tenders.gov.au/ocds/findByDates/contractPublished/2026-07-07T00:00:00Z/2026-07-14T00:00:00Z?cursor=VVad32IoQW9ONG10TzRvcDhES1VOT05ESTFPVGN6TXlsRFRqUXlOVGszTXpNPaAG&prevcursor=VYclAcUoQW9OdzlhN2RvcDhES1VOT05ESTFPVGc0T0NsRFRqUXlOVGs0T0RnPbwF&lastcursor=VQDEBK4oQW9OdzFaVC9wSjhES1VOT05ESTJNREEwTXlsRFRqUXlOakF3TkRNPdgE
2026-09-16T02:26:53Z	1	200	186892	51d87172f17beb966d64632c2f0d23ddaf5cfd16bc47fe99bc83fac8702ae278	https://api.tenders.gov.au/ocds/findByDates/contractPublished/2026-07-07T00:00:00Z/2026-07-14T00:00:00Z?cursor=VeZTlyUoQW9OdzJyeUlvcDhES1VOT05ESTFPVFUzTUNsRFRqUXlOVGsxTnpBPYQH&prevcursor=VVad32IoQW9ONG10TzRvcDhES1VOT05ESTFPVGN6TXlsRFRqUXlOVGszTXpNPaAG&lastcursor=VYclAcUoQW9OdzlhN2RvcDhES1VOT05ESTFPVGc0T0NsRFRqUXlOVGs0T0RnPbwF
2026-09-16T02:26:54Z	1	200	184690	6ae678331e84b62488660ee7984fe032533b30e2dc596b8d3c30df52976d335d	https://api.tenders.gov.au/ocds/findByDates/contractPublished/2026-07-07T00:00:00Z/2026-07-14T00:00:00Z?cursor=VRWx5ogoQW9ONGg1bUlvcDhES1VOT05ESTFPVFE0TWlsRFRqUXlOVGswT0RJPegH&prevcursor=VeZTlyUoQW9OdzJyeUlvcDhES1VOT05ESTFPVFUzTUNsRFRqUXlOVGsxTnpBPYQH&lastcursor=VVad32IoQW9ONG10TzRvcDhES1VOT05ESTFPVGN6TXlsRFRqUXlOVGszTXpNPaAG
2026-09-16T02:26:55Z	1	200	183844	2c80830d7e160d69ebff74f28ddf8cd97852ead215dd38a11b38ee2a344aaf6e	https://api.tenders.gov.au/ocds/findByDates/contractPublished/2026-07-07T00:00:00Z/2026-07-14T00:00:00Z?cursor=VaLgVi4oQW9Od2xJQ0lvcDhES1VOT05ESTFPVE01TUNsRFRqUXlOVGt6T1RBPcwI&prevcursor=VRWx5ogoQW9ONGg1bUlvcDhES1VOT05ESTFPVFE0TWlsRFRqUXlOVGswT0RJPegH&lastcursor=VeZTlyUoQW9OdzJyeUlvcDhES1VOT05ESTFPVFUzTUNsRFRqUXlOVGsxTnpBPYQH
2026-09-16T02:26:56Z	1	200	173639	f50b561175b0333f1415d0454d79c669e0258cdf05750a992ea7c4cd4e49b29c	https://api.tenders.gov.au/ocds/findByDates/contractPublished/2026-07-07T00:00:00Z/2026-07-14T00:00:00Z?cursor=VUUU0RUoQW9Od3o4LzduNThES1VOT05ESTFPVEl6T1NsRFRqUXlOVGt5TXprPbAJ&prevcursor=VaLgVi4oQW9Od2xJQ0lvcDhES1VOT05ESTFPVE01TUNsRFRqUXlOVGt6T1RBPcwI&lastcursor=VRWx5ogoQW9ONGg1bUlvcDhES1VOT05ESTFPVFE0TWlsRFRqUXlOVGswT0RJPegH
2026-09-16T02:26:57Z	1	200	177617	92efd6e4085d393c311682ba0ddd9ad2ebe9cf23e08ad77b3b8c74cedb59c3bb	https://api.tenders.gov.au/ocds/findByDates/contractPublished/2026-07-07T00:00:00Z/2026-07-14T00:00:00Z?cursor=VQE-y0woQW9Od3dJZnJuNThES1VOT05ESTFPVEV3TkNsRFRqUXlOVGt4TURRPZQK&prevcursor=VUUU0RUoQW9Od3o4LzduNThES1VOT05ESTFPVEl6T1NsRFRqUXlOVGt5TXprPbAJ&lastcursor=VaLgVi4oQW9Od2xJQ0lvcDhES1VOT05ESTFPVE01TUNsRFRqUXlOVGt6T1RBPcwI
2026-09-16T02:26:58Z	1	200	180950	893568b6f3fcd0b5e5770dcbb6ece788ec05680de3e8c1529059715432b051ab	https://api.tenders.gov.au/ocds/findByDates/contractPublished/2026-07-07T00:00:00Z/2026-07-14T00:00:00Z?cursor=VWON9C8oQW9ONHFvbktuNThES1VOT05ESTFPRGM0TXlsRFRqUXlOVGczT0RNPfgK&prevcursor=VQE-y0woQW9Od3dJZnJuNThES1VOT05ESTFPVEV3TkNsRFRqUXlOVGt4TURRPZQK&lastcursor=VUUU0RUoQW9Od3o4LzduNThES1VOT05ESTFPVEl6T1NsRFRqUXlOVGt5TXprPbAJ
2026-09-16T02:26:59Z	1	200	181980	2777d97e0df66718191d82fa402ca18dd293ebfefc745a7355db1a066e57e14c	https://api.tenders.gov.au/ocds/findByDates/contractPublished/2026-07-07T00:00:00Z/2026-07-14T00:00:00Z?cursor=VVa_GtooQW9OdzZOVEZuWjhES1VOT05ESTFPRFExTkNsRFRqUXlOVGcwTlRRPdwL&prevcursor=VWON9C8oQW9ONHFvbktuNThES1VOT05ESTFPRGM0TXlsRFRqUXlOVGczT0RNPfgK&lastcursor=VQE-y0woQW9Od3dJZnJuNThES1VOT05ESTFPVEV3TkNsRFRqUXlOVGt4TURRPZQK
2026-09-16T02:27:00Z	1	200	184219	b0d40d26129fcf8cd75a82c9e7bf6c18aea7e64cf5b8bbf7ac94d49a6eff4d1f	https://api.tenders.gov.au/ocds/findByDates/contractPublished/2026-07-07T00:00:00Z/2026-07-14T00:00:00Z?cursor=VaoRjM8oQW9ONHd0dXluWjhES1VOT05ESTFPRE16TVNsRFRqUXlOVGd6TXpFPcAM&prevcursor=VVa_GtooQW9OdzZOVEZuWjhES1VOT05ESTFPRFExTkNsRFRqUXlOVGcwTlRRPdwL&lastcursor=VWON9C8oQW9ONHFvbktuNThES1VOT05ESTFPRGM0TXlsRFRqUXlOVGczT0RNPfgK
2026-09-16T02:27:01Z	1	200	181498	422b5613895d9af449bcd8bf95561d4291f1663ccf636c870385c4e383bab7e4	https://api.tenders.gov.au/ocds/findByDates/contractPublished/2026-07-07T00:00:00Z/2026-07-14T00:00:00Z?cursor=Vb_ORacoQW9Od2haMlBuWjhES1VOT05ESTFPREU1TmlsRFRqUXlOVGd4T1RZPaQN&prevcursor=VaoRjM8oQW9ONHd0dXluWjhES1VOT05ESTFPRE16TVNsRFRqUXlOVGd6TXpFPcAM&lastcursor=VVa_GtooQW9OdzZOVEZuWjhES1VOT05ESTFPRFExTkNsRFRqUXlOVGcwTlRRPdwL
2026-09-16T02:27:02Z	1	200	645	7d2ace8750fba3c25d5dc0bb4ffa8564adb801dee20777ddb55aa02bc2e5fc75	https://api.tenders.gov.au/ocds/findByDates/contractPublished/2026-07-07T00:00:00Z/2026-07-14T00:00:00Z?cursor=VTe0zIUoQW9ONHNkLzduSjhES1VOT05ESTFPREEwTVNsRFRqUXlOVGd3TkRFPYYO&prevcursor=Vb_ORacoQW9Od2haMlBuWjhES1VOT05ESTFPREU1TmlsRFRqUXlOVGd4T1RZPaQN&lastcursor=VaoRjM8oQW9ONHd0dXluWjhES1VOT05ESTFPRE16TVNsRFRqUXlOVGd6TXpFPcAM
2026-09-16T02:27:03Z	1	200	183447	b2f992d1cc1dac79b1f5ab6404332fee45eccc9582056cb7294ae0468b55b548	https://api.tenders.gov.au/ocds/findByDates/contractPublished/2026-07-14T00:00:00Z/2026-07-21T00:00:00Z
2026-09-16T02:27:04Z	1	200	187046	6ef1635db7c021daa2132521d2cce5da1cc45893145d8a5cb7cd91ddb8b34a0a	https://api.tenders.gov.au/ocds/findByDates/contractPublished/2026-07-14T00:00:00Z/2026-07-21T00:00:00Z?cursor=Vc6VAHooQW9ONGpMK0Z2NThES1VOT05ESTJNalV6TXlsRFRqUXlOakkxTXpNPWQ&prevcursor=initial&lastcursor=initial
2026-09-16T02:27:05Z	1	200	184742	a24ce4bbf53f2c8abb5039cc727d4c8b7dfac6c1947db0940d0ea323a1f3be29	https://api.tenders.gov.au/ocds/findByDates/contractPublished/2026-07-14T00:00:00Z/2026-07-21T00:00:00Z?cursor=VbuxSmUoQW9Od2llTFh2cDhES1VOT05ESTJNakk0T1NsRFRqUXlOakl5T0RrPcgB&prevcursor=Vc6VAHooQW9ONGpMK0Z2NThES1VOT05ESTJNalV6TXlsRFRqUXlOakkxTXpNPWQ&lastcursor=initial
2026-09-16T02:27:06Z	1	200	185356	e6e1cb5bac055cd5362edb7a33fbfa5467ed62c7bad28eea9ec5a16631e97ea6	https://api.tenders.gov.au/ocds/findByDates/contractPublished/2026-07-14T00:00:00Z/2026-07-21T00:00:00Z?cursor=VfFzrCgoQW9Od3piS3Z0NThES1VOT05ESTJNakUwTnlsRFRqUXlOakl4TkRjPawC&prevcursor=VbuxSmUoQW9Od2llTFh2cDhES1VOT05ESTJNakk0T1NsRFRqUXlOakl5T0RrPcgB&lastcursor=Vc6VAHooQW9ONGpMK0Z2NThES1VOT05ESTJNalV6TXlsRFRqUXlOakkxTXpNPWQ
2026-09-16T02:27:07Z	1	200	183730	e13af2aeb689a617cc2a4c6af1a5396930becb966139b567e06a6383c96b72a6	https://api.tenders.gov.au/ocds/findByDates/contractPublished/2026-07-14T00:00:00Z/2026-07-21T00:00:00Z?cursor=VbB5enAoQW9ONDE0UC90cDhES1VOT05ESTJNakF4TVNsRFRqUXlOakl3TVRFPZAD&prevcursor=VfFzrCgoQW9Od3piS3Z0NThES1VOT05ESTJNakUwTnlsRFRqUXlOakl4TkRjPawC&lastcursor=VbuxSmUoQW9Od2llTFh2cDhES1VOT05ESTJNakk0T1NsRFRqUXlOakl5T0RrPcgB
2026-09-16T02:27:08Z	1	200	190711	37c3c3d08f46692b8f4e9f1cfcf2f7f72d26a5e40f4afb9a4270a066da116457	https://api.tenders.gov.au/ocds/findByDates/contractPublished/2026-07-14T00:00:00Z/2026-07-21T00:00:00Z?cursor=VZFQKTUoQW9ONGsvRCt0cDhES1VOT05ESTJNVGt4TUNsRFRqUXlOakU1TVRBPfQD&prevcursor=VbB5enAoQW9ONDE0UC90cDhES1VOT05ESTJNakF4TVNsRFRqUXlOakl3TVRFPZAD&lastcursor=VfFzrCgoQW9Od3piS3Z0NThES1VOT05ESTJNakUwTnlsRFRqUXlOakl4TkRjPawC
2026-09-16T02:27:09Z	1	200	188757	38e24307393ece315d61abb4a8c4627fb269d2790bd0664cdbd845a438a6d613	https://api.tenders.gov.au/ocds/findByDates/contractPublished/2026-07-14T00:00:00Z/2026-07-21T00:00:00Z?cursor=VeMNTNQoQW9ONHlidmd0cDhES1VOT05ESTJNVGMxT0NsRFRqUXlOakUzTlRnPdgE&prevcursor=VZFQKTUoQW9ONGsvRCt0cDhES1VOT05ESTJNVGt4TUNsRFRqUXlOakU1TVRBPfQD&lastcursor=VbB5enAoQW9ONDE0UC90cDhES1VOT05ESTJNakF4TVNsRFRqUXlOakl3TVRFPZAD
2026-09-16T02:27:10Z	1	200	186755	d44cb670745e297739536d0f05c5a6362a3dfcd0d10b0e79d5f189d350a2cd36	https://api.tenders.gov.au/ocds/findByDates/contractPublished/2026-07-14T00:00:00Z/2026-07-21T00:00:00Z?cursor=VUCHDQIoQW9ONHhiM0t0SjhES1VOT05ESTJNVFl4TlNsRFRqUXlOakUyTVRVPbwF&prevcursor=VeMNTNQoQW9ONHlidmd0cDhES1VOT05ESTJNVGMxT0NsRFRqUXlOakUzTlRnPdgE&lastcursor=VZFQKTUoQW9ONGsvRCt0cDhES1VOT05ESTJNVGt4TUNsRFRqUXlOakU1TVRBPfQD
2026-09-16T02:27:11Z	1	200	184848	1ef6548c23bb4558a9105937fa123281b75887abd93b3ba7b7604c3171a15c89	https://api.tenders.gov.au/ocds/findByDates/contractPublished/2026-07-14T00:00:00Z/2026-07-21T00:00:00Z?cursor=VQatKiMoQW9ONDh0K1F0SjhES1VOT05ESTJNVE01TkNsRFRqUXlOakV6T1RRPaAG&prevcursor=VUCHDQIoQW9ONHhiM0t0SjhES1VOT05ESTJNVFl4TlNsRFRqUXlOakUyTVRVPbwF&lastcursor=VeMNTNQoQW9ONHlidmd0cDhES1VOT05ESTJNVGMxT0NsRFRqUXlOakUzTlRnPdgE
2026-09-16T02:27:12Z	1	200	183838	c161eb89ee10c0a8eac2c483dbde274c6aa262898e0ff1235c87746abdeb66b1	https://api.tenders.gov.au/ocds/findByDates/contractPublished/2026-07-14T00:00:00Z/2026-07-21T00:00:00Z?cursor=VTupYHgoQW9ONGw3K1BzcDhES1VOT05ESTJNRGt3T1NsRFRqUXlOakE1TURrPYQH&prevcursor=VQatKiMoQW9ONDh0K1F0SjhES1VOT05ESTJNVE01TkNsRFRqUXlOakV6T1RRPaAG&lastcursor=VUCHDQIoQW9ONHhiM0t0SjhES1VOT05ESTJNVFl4TlNsRFRqUXlOakUyTVRVPbwF
2026-09-16T02:27:13Z	1	200	185466	55f2361e71ba7b8b6d3cf075e51916ab2d21e193a1851d36107ea22d9f230682	https://api.tenders.gov.au/ocds/findByDates/contractPublished/2026-07-14T00:00:00Z/2026-07-21T00:00:00Z?cursor=VewI4DcoQW9ONGw1YnpzWjhES1VOT05ESTJNVEE1TXlsRFRqUXlOakV3T1RNPegH&prevcursor=VTupYHgoQW9ONGw3K1BzcDhES1VOT05ESTJNRGt3T1NsRFRqUXlOakE1TURrPYQH&lastcursor=VQatKiMoQW9ONDh0K1F0SjhES1VOT05ESTJNVE01TkNsRFRqUXlOakV6T1RRPaAG
2026-09-16T02:27:14Z	1	200	75512	dbb598f03eb7bc5622127db34540dddbe0cf31e1cb7dda1e9af6d86c6536167a	https://api.tenders.gov.au/ocds/findByDates/contractPublished/2026-07-14T00:00:00Z/2026-07-21T00:00:00Z?cursor=VWO_lFAoQW9ONGtiM0RyNThES1VOT05ESTJNRGswTWlsRFRqUXlOakE1TkRJPcwI&prevcursor=VewI4DcoQW9ONGw1YnpzWjhES1VOT05ESTJNVEE1TXlsRFRqUXlOakV3T1RNPegH&lastcursor=VTupYHgoQW9ONGw3K1BzcDhES1VOT05ESTJNRGt3T1NsRFRqUXlOakE1TURrPYQH
2026-09-16T02:27:14Z	1	200	645	47e937f4f7180ad2c338f1b1000a611c5d6c05b0c34e01820e62a177e1176aed	https://api.tenders.gov.au/ocds/findByDates/contractPublished/2026-07-14T00:00:00Z/2026-07-21T00:00:00Z?cursor=VeutDAgoQW9Od3ZwNzhycDhES1VOT05ESTJNRGcyTnlsRFRqUXlOakE0TmpjPfUI&prevcursor=VWO_lFAoQW9ONGtiM0RyNThES1VOT05ESTJNRGswTWlsRFRqUXlOakE1TkRJPcwI&lastcursor=VewI4DcoQW9ONGw1YnpzWjhES1VOT05ESTJNVEE1TXlsRFRqUXlOakV3T1RNPegH
2026-09-16T02:27:15Z	1	200	185325	b15685f8a93a803db687beb9d713468258a3df096df74023b2a9a5f058f15aca	https://api.tenders.gov.au/ocds/findByDates/contractPublished/2026-07-21T00:00:00Z/2026-07-28T00:00:00Z
2026-09-16T02:27:16Z	1	200	190082	7e7bbe7e8fc7c468736a8b7d079b0af0e19b6e4d0c728c15de81e1cd76156f36	https://api.tenders.gov.au/ocds/findByDates/contractPublished/2026-07-21T00:00:00Z/2026-07-28T00:00:00Z?cursor=VV0FSW0oQW9ONDVQcjMwSjhES1VOT05ESTJOREkzTUNsRFRqUXlOalF5TnpBPWQ&prevcursor=initial&lastcursor=initial
2026-09-16T02:27:17Z	1	200	188303	cd0f8aded62aff5127369094d67e32b605d0bdeb4f615c24b60cbeca25339335	https://api.tenders.gov.au/ocds/findByDates/contractPublished/2026-07-21T00:00:00Z/2026-07-28T00:00:00Z?cursor=VfIW8McoQW9ONG5hcmkwSjhES1VOT05ESTJOREUyTXlsRFRqUXlOalF4TmpNPcgB&prevcursor=VV0FSW0oQW9ONDVQcjMwSjhES1VOT05ESTJOREkzTUNsRFRqUXlOalF5TnpBPWQ&lastcursor=initial
2026-09-16T02:27:18Z	1	200	190026	d4db24d889efc511430324c866c65baa811932587b205dadfd0d4efc6c256a7a	https://api.tenders.gov.au/ocds/findByDates/contractPublished/2026-07-21T00:00:00Z/2026-07-28T00:00:00Z?cursor=VQWxZgooQW9Od2k0aTR5WjhES1VOT05ESTJOREF5TXlsRFRqUXlOalF3TWpNPawC&prevcursor=VfIW8McoQW9ONG5hcmkwSjhES1VOT05ESTJOREUyTXlsRFRqUXlOalF4TmpNPcgB&lastcursor=VV0FSW0oQW9ONDVQcjMwSjhES1VOT05ESTJOREkzTUNsRFRqUXlOalF5TnpBPWQ
2026-09-16T02:27:19Z	1	200	187279	b52896a177b750b68bf6a3966a0669f8f808a9fd6f411bf6ef925fe86c0f9896	https://api.tenders.gov.au/ocds/findByDates/contractPublished/2026-07-21T00:00:00Z/2026-07-28T00:00:00Z?cursor=VdaCbb0oQW9ONDc5V295WjhES1VOT05ESTJNemc1T1NsRFRqUXlOak00T1RrPZAD&prevcursor=VQWxZgooQW9Od2k0aTR5WjhES1VOT05ESTJOREF5TXlsRFRqUXlOalF3TWpNPawC&lastcursor=VfIW8McoQW9ONG5hcmkwSjhES1VOT05ESTJOREUyTXlsRFRqUXlOalF4TmpNPcgB
2026-09-16T02:27:20Z	1	200	184826	f6e8fe9b1ab3d2b8ce9d216a5c7a62af763672f0ef89f6fe08fd82ccbebfcc7f	https://api.tenders.gov.au/ocds/findByDates/contractPublished/2026-07-21T00:00:00Z/2026-07-28T00:00:00Z?cursor=Vbrwa78oQW9Od3VJeUl5WjhES1VOT05ESTJNelk1TmlsRFRqUXlOak0yT1RZPfQD&prevcursor=VdaCbb0oQW9ONDc5V295WjhES1VOT05ESTJNemc1T1NsRFRqUXlOak00T1RrPZAD&lastcursor=VQWxZgooQW9Od2k0aTR5WjhES1VOT05ESTJOREF5TXlsRFRqUXlOalF3TWpNPawC
2026-09-16T02:27:21Z	1	200	183460	6cfe7e371a98eb4e52fdedebf908e76a4a72b88cca895c467bfa6300749e9cfa	https://api.tenders.gov.au/ocds/findByDates/contractPublished/2026-07-21T00:00:00Z/2026-07-28T00:00:00Z?cursor=VW3yMnEoQW9Od2lMT3R5SjhES1VOT05ESTJNelV6TlNsRFRqUXlOak0xTXpVPdgE&prevcursor=Vbrwa78oQW9Od3VJeUl5WjhES1VOT05ESTJNelk1TmlsRFRqUXlOak0yT1RZPfQD&lastcursor=VdaCbb0oQW9ONDc5V295WjhES1VOT05ESTJNemc1T1NsRFRqUXlOak00T1RrPZAD
2026-09-16T02:27:22Z	1	200	185304	f3d5ba161075cc6acc5938259948808dd1e60e86f594a3aaf8fd69f1989483e3	https://api.tenders.gov.au/ocds/findByDates/contractPublished/2026-07-21T00:00:00Z/2026-07-28T00:00:00Z?cursor=VReZwzYoQW9ONGxQdm14cDhES1VOT05ESTJNelF6TUNsRFRqUXlOak0wTXpBPbwF&prevcursor=VW3yMnEoQW9Od2lMT3R5SjhES1VOT05ESTJNelV6TlNsRFRqUXlOak0xTXpVPdgE&lastcursor=Vbrwa78oQW9Od3VJeUl5WjhES1VOT05ESTJNelk1TmlsRFRqUXlOak0yT1RZPfQD
2026-09-16T02:27:23Z	1	200	186667	dc7cbd61365f9f27495c8bd21fba634427ef47b44f7571e67b16227f0602d1a8	https://api.tenders.gov.au/ocds/findByDates/contractPublished/2026-07-21T00:00:00Z/2026-07-28T00:00:00Z?cursor=VfT_jVAoQW9Od2k3aXh4cDhES1VOT05ESTJNekkyTmlsRFRqUXlOak15TmpZPaAG&prevcursor=VReZwzYoQW9ONGxQdm14cDhES1VOT05ESTJNelF6TUNsRFRqUXlOak0wTXpBPbwF&lastcursor=VW3yMnEoQW9Od2lMT3R5SjhES1VOT05ESTJNelV6TlNsRFRqUXlOak0xTXpVPdgE
2026-09-16T02:27:24Z	1	200	189217	f6c7229e0725784dcc070127eed1d733d5ecb6fc6f510c3e5dcf1c7b65378279	https://api.tenders.gov.au/ocds/findByDates/contractPublished/2026-07-21T00:00:00Z/2026-07-28T00:00:00Z?cursor=VfiB2MEoQW9Od3NzeXN4SjhES1VOT05ESTJNekV5TWlsRFRqUXlOak14TWpJPYQH&prevcursor=VfT_jVAoQW9Od2k3aXh4cDhES1VOT05ESTJNekkyTmlsRFRqUXlOak15TmpZPaAG&lastcursor=VReZwzYoQW9ONGxQdm14cDhES1VOT05ESTJNelF6TUNsRFRqUXlOak0wTXpBPbwF
2026-09-16T02:27:25Z	1	200	184927	7b099e449d4222f377fdc9765b305ea5cde652231846937e1230d52185e02f39	https://api.tenders.gov.au/ocds/findByDates/contractPublished/2026-07-21T00:00:00Z/2026-07-28T00:00:00Z?cursor=VV2_xk0oQW9Od2twSGl3NThES1VOT05ESTJNamt4TXlsRFRqUXlOakk1TVRNPegH&prevcursor=VfiB2MEoQW9Od3NzeXN4SjhES1VOT05ESTJNekV5TWlsRFRqUXlOak14TWpJPYQH&lastcursor=VfT_jVAoQW9Od2k3aXh4cDhES1VOT05ESTJNekkyTmlsRFRqUXlOak15TmpZPaAG
2026-09-16T02:27:26Z	1	200	51484	13204ec5046de369085c9c99683c54e4c5919614beae285bcdb3defcd57c7f20	https://api.tenders.gov.au/ocds/findByDates/contractPublished/2026-07-21T00:00:00Z/2026-07-28T00:00:00Z?cursor=VRBFYskoQW9ONDRkRGZ3WjhES1VOT05ESTJNamMzTWlsRFRqUXlOakkzTnpJPcwI&prevcursor=VV2_xk0oQW9Od2twSGl3NThES1VOT05ESTJNamt4TXlsRFRqUXlOakk1TVRNPegH&lastcursor=VfiB2MEoQW9Od3NzeXN4SjhES1VOT05ESTJNekV5TWlsRFRqUXlOak14TWpJPYQH
2026-09-16T02:27:27Z	1	200	645	1bb5d81b450a8297f7d6726b39c48299e614beb9eb6345bd35cd10969984251f	https://api.tenders.gov.au/ocds/findByDates/contractPublished/2026-07-21T00:00:00Z/2026-07-28T00:00:00Z?cursor=VVYf_3QoQW9ONG83U093WjhES1VOT05ESTJNalk1T0NsRFRqUXlOakkyT1RnPecI&prevcursor=VRBFYskoQW9ONDRkRGZ3WjhES1VOT05ESTJNamMzTWlsRFRqUXlOakkzTnpJPcwI&lastcursor=VV2_xk0oQW9Od2twSGl3NThES1VOT05ESTJNamt4TXlsRFRqUXlOakk1TVRNPegH
2026-09-16T02:27:28Z	1	200	182121	8a5d9936edb33d9d526b1f4c569387988baa73274012e2056debe79ca9d7167d	https://api.tenders.gov.au/ocds/findByDates/contractPublished/2026-07-28T00:00:00Z/2026-08-04T00:00:00Z
2026-09-16T02:27:29Z	1	200	184299	83fded5bb7f4f6f80e62a87d7dda94d391ebd0ca5e3e37f4d3a76f44449fdf08	https://api.tenders.gov.au/ocds/findByDates/contractPublished/2026-07-28T00:00:00Z/2026-08-04T00:00:00Z?cursor=VdW0IKcoQW9Od2lMaUU0NThES1VOT05ESTJOakl3TVNsRFRqUXlOall5TURFPWQ&prevcursor=initial&lastcursor=initial
2026-09-16T02:27:30Z	1	200	186475	d830c3317c54a38343c72429ada9ffb5cab8acfb52e155ce4fbcd6325d14dee5	https://api.tenders.gov.au/ocds/findByDates/contractPublished/2026-07-28T00:00:00Z/2026-08-04T00:00:00Z?cursor=VchWSGMoQW9Od3NxcUU0NThES1VOT05ESTJOakV3TWlsRFRqUXlOall4TURJPcgB&prevcursor=VdW0IKcoQW9Od2lMaUU0NThES1VOT05ESTJOakl3TVNsRFRqUXlOall5TURFPWQ&lastcursor=initial
2026-09-16T02:27:31Z	1	200	185893	81376710b827cd67de2f8a376dfb3ba76f723396eb26ec4e1c092e4ea043f5c9	https://api.tenders.gov.au/ocds/findByDates/contractPublished/2026-07-28T00:00:00Z/2026-08-04T00:00:00Z?cursor=VU1fAa8oQW9Od3A4aXYyNThES1VOT05ESTJOVGt5T1NsRFRqUXlOalU1TWprPawC&prevcursor=VchWSGMoQW9Od3NxcUU0NThES1VOT05ESTJOakV3TWlsRFRqUXlOall4TURJPcgB&lastcursor=VdW0IKcoQW9Od2lMaUU0NThES1VOT05ESTJOakl3TVNsRFRqUXlOall5TURFPWQ
2026-09-16T02:27:32Z	1	200	185359	78200950bfe29bfc86ac195317590c77f38017bc1449cb46be46fef819b43cbf	https://api.tenders.gov.au/ocds/findByDates/contractPublished/2026-07-28T00:00:00Z/2026-08-04T00:00:00Z?cursor=VWnTnDgoQW9OdzU4V2IyNThES1VOT05ESTJOVGM0TmlsRFRqUXlOalUzT0RZPZAD&prevcursor=VU1fAa8oQW9Od3A4aXYyNThES1VOT05ESTJOVGt5T1NsRFRqUXlOalU1TWprPawC&lastcursor=VchWSGMoQW9Od3NxcUU0NThES1VOT05ESTJOakV3TWlsRFRqUXlOall4TURJPcgB
2026-09-16T02:27:33Z	1	200	186930	6c4a0b9177075b2df64587a8c559b725ccad2e1451ab88b4e42f41d1a7ade21c	https://api.tenders.gov.au/ocds/findByDates/contractPublished/2026-07-28T00:00:00Z/2026-08-04T00:00:00Z?cursor=VVqKomcoQW9ONHYrangycDhES1VOT05ESTJOVFUxTlNsRFRqUXlOalUxTlRVPfQD&prevcursor=VWnTnDgoQW9OdzU4V2IyNThES1VOT05ESTJOVGM0TmlsRFRqUXlOalUzT0RZPZAD&lastcursor=VU1fAa8oQW9Od3A4aXYyNThES1VOT05ESTJOVGt5T1NsRFRqUXlOalU1TWprPawC
2026-09-16T02:27:34Z	1	200	184736	b689132fa3964df853d83a6e34136c7e8266144779272f06a207935319c3ff59	https://api.tenders.gov.au/ocds/findByDates/contractPublished/2026-07-28T00:00:00Z/2026-08-04T00:00:00Z?cursor=Vdq2nw4oQW9ONDNZbkEySjhES1VOT05ESTJOVE0zTkNsRFRqUXlOalV6TnpRPdgE&prevcursor=VVqKomcoQW9ONHYrangycDhES1VOT05ESTJOVFUxTlNsRFRqUXlOalUxTlRVPfQD&lastcursor=VWnTnDgoQW9OdzU4V2IyNThES1VOT05ESTJOVGM0TmlsRFRqUXlOalUzT0RZPZAD
2026-09-16T02:27:35Z	1	200	184484	531c005e5eb9e7c7bd4b6c36b12919a0ef5c538175606568fca77376c22125cc	https://api.tenders.gov.au/ocds/findByDates/contractPublished/2026-07-28T00:00:00Z/2026-08-04T00:00:00Z?cursor=Vc5e_dEoQW9ONDVOS1oySjhES1VOT05ESTJNemd6TXlsRFRqUXlOak00TXpNPbwF&prevcursor=Vdq2nw4oQW9ONDNZbkEySjhES1VOT05ESTJOVE0zTkNsRFRqUXlOalV6TnpRPdgE&lastcursor=VVqKomcoQW9ONHYrangycDhES1VOT05ESTJOVFUxTlNsRFRqUXlOalUxTlRVPfQD
2026-09-16T02:27:36Z	1	200	184251	88269e4097aac5fbbc53252003661ee4e2b407cda3a0037bc682d429a7c1b1e3	https://api.tenders.gov.au/ocds/findByDates/contractPublished/2026-07-28T00:00:00Z/2026-08-04T00:00:00Z?cursor=VcmN5M8oQW9ONHNleWMxcDhES1VOT05ESTJOVEV5TkNsRFRqUXlOalV4TWpRPaAG&prevcursor=Vc5e_dEoQW9ONDVOS1oySjhES1VOT05ESTJNemd6TXlsRFRqUXlOak00TXpNPbwF&lastcursor=Vdq2nw4oQW9ONDNZbkEySjhES1VOT05ESTJOVE0zTkNsRFRqUXlOalV6TnpRPdgE
2026-09-16T02:27:37Z	1	200	182903	7dcec14cff946155c2efe19fab57978f30b2e48a46903b1f2605514a3b23bc99	https://api.tenders.gov.au/ocds/findByDates/contractPublished/2026-07-28T00:00:00Z/2026-08-04T00:00:00Z?cursor=VXnZIaAoQW9ONDAvYUgxcDhES1VOT05ESTJORGszT1NsRFRqUXlOalE1TnprPYQH&prevcursor=VcmN5M8oQW9ONHNleWMxcDhES1VOT05ESTJOVEV5TkNsRFRqUXlOalV4TWpRPaAG&lastcursor=Vc5e_dEoQW9ONDVOS1oySjhES1VOT05ESTJNemd6TXlsRFRqUXlOak00TXpNPbwF
2026-09-16T02:27:38Z	1	200	183681	9f4a5be03f1f7021b8f87df7e9ccbe0ffb515fbf60afd9068e6ddf009515742e	https://api.tenders.gov.au/ocds/findByDates/contractPublished/2026-07-28T00:00:00Z/2026-08-04T00:00:00Z?cursor=VX-K6HkoQW9Odzh1M2MwNThES1VOT05ESTJORGd3TmlsRFRqUXlOalE0TURZPegH&prevcursor=VXnZIaAoQW9ONDAvYUgxcDhES1VOT05ESTJORGszT1NsRFRqUXlOalE1TnprPYQH&lastcursor=VcmN5M8oQW9ONHNleWMxcDhES1VOT05ESTJOVEV5TkNsRFRqUXlOalV4TWpRPaAG
2026-09-16T02:27:39Z	1	200	166930	e8b1ec680713b273380f51f46c340003604834b4d30772ea5bee71eed554d2f2	https://api.tenders.gov.au/ocds/findByDates/contractPublished/2026-07-28T00:00:00Z/2026-08-04T00:00:00Z?cursor=VTsqghMoQW9ONDBiMi8wNThES1VOT05ESTJORFk1TUNsRFRqUXlOalEyT1RBPcwI&prevcursor=VX-K6HkoQW9Odzh1M2MwNThES1VOT05ESTJORGd3TmlsRFRqUXlOalE0TURZPegH&lastcursor=VXnZIaAoQW9ONDAvYUgxcDhES1VOT05ESTJORGszT1NsRFRqUXlOalE1TnprPYQH
2026-09-16T02:27:40Z	1	200	645	98b75cd1673d2be46d746a01278444d2c588af8a589d6abe13b4fbb1db394469	https://api.tenders.gov.au/ocds/findByDates/contractPublished/2026-07-28T00:00:00Z/2026-08-04T00:00:00Z?cursor=VSAOa5coQW9ONHM0U0MwNThES1VOT05ESTJORFEzTXlsRFRqUXlOalEwTnpNPacJ&prevcursor=VTsqghMoQW9ONDBiMi8wNThES1VOT05ESTJORFk1TUNsRFRqUXlOalEyT1RBPcwI&lastcursor=VX-K6HkoQW9Odzh1M2MwNThES1VOT05ESTJORGd3TmlsRFRqUXlOalE0TURZPegH
2026-09-16T02:27:40Z	1	200	183578	1f3250f2957c7dbafde9091bab095b8f6e0d6926ca44ea4afa5d02dfbd56b0cc	https://api.tenders.gov.au/ocds/findByDates/contractPublished/2026-08-04T00:00:00Z/2026-08-11T00:00:00Z
2026-09-16T02:27:41Z	1	200	186038	391519f85f0cf3d288e4e4098ad1cdbf868d27e779398c4e98b94dddfd8c67b9	https://api.tenders.gov.au/ocds/findByDates/contractPublished/2026-08-04T00:00:00Z/2026-08-11T00:00:00Z?cursor=VSwDN_koQW9ONHFyZUo5WjhES1VOT05ESTJOems1TXlsRFRqUXlOamM1T1RNPWQ&prevcursor=initial&lastcursor=initial
2026-09-16T02:27:42Z	1	200	189605	1ffa54657f83e1519c57d388922bc91eb9f19068b8e73f931a266a87d96a57d8	https://api.tenders.gov.au/ocds/findByDates/contractPublished/2026-08-04T00:00:00Z/2026-08-11T00:00:00Z?cursor=VT_5HRwoQW9ONDh0WDM5SjhES1VOT05ESTJOemcwTlNsRFRqUXlOamM0TkRVPcgB&prevcursor=VSwDN_koQW9ONHFyZUo5WjhES1VOT05ESTJOems1TXlsRFRqUXlOamM1T1RNPWQ&lastcursor=initial
2026-09-16T02:27:43Z	1	200	188882	55c571aa21bb51f33c8ea60c6b6ff5701f9e6fe2664d507f2fea9b236cf4e140	https://api.tenders.gov.au/ocds/findByDates/contractPublished/2026-08-04T00:00:00Z/2026-08-11T00:00:00Z?cursor=VaZIszIoQW9Od3dhQzc3WjhES1VOT05ESTJOelUxTmlsRFRqUXlOamMxTlRZPawC&prevcursor=VT_5HRwoQW9ONDh0WDM5SjhES1VOT05ESTJOemcwTlNsRFRqUXlOamM0TkRVPcgB&lastcursor=VSwDN_koQW9ONHFyZUo5WjhES1VOT05ESTJOems1TXlsRFRqUXlOamM1T1RNPWQ
2026-09-16T02:27:44Z	1	200	183565	d66fce3591d47feafc5cc584833497539b51fef21178644207c4a8b24c5a09b0	https://api.tenders.gov.au/ocds/findByDates/contractPublished/2026-08-04T00:00:00Z/2026-08-11T00:00:00Z?cursor=Vbb_jXsoQW9Od3lNS2g3WjhES1VOT05ESTJOelF4TXlsRFRqUXlOamMwTVRNPZAD&prevcursor=VaZIszIoQW9Od3dhQzc3WjhES1VOT05ESTJOelUxTmlsRFRqUXlOamMxTlRZPawC&lastcursor=VT_5HRwoQW9ONDh0WDM5SjhES1VOT05ESTJOemcwTlNsRFRqUXlOamM0TkRVPcgB
2026-09-16T02:27:45Z	1	200	183714	d02f09cccb7ceccc245f663449666305a5d53f39da5e4e5073ee1e919be0f968	https://api.tenders.gov.au/ocds/findByDates/contractPublished/2026-08-04T00:00:00Z/2026-08-11T00:00:00Z?cursor=Vc1bSkIoQW9OdzN2WGM2cDhES1VOT05ESTJOekUwT0NsRFRqUXlOamN4TkRnPfQD&prevcursor=Vbb_jXsoQW9Od3lNS2g3WjhES1VOT05ESTJOelF4TXlsRFRqUXlOamMwTVRNPZAD&lastcursor=VaZIszIoQW9Od3dhQzc3WjhES1VOT05ESTJOelUxTmlsRFRqUXlOamMxTlRZPawC
2026-09-16T02:27:46Z	1	200	184999	0ed3961816434aeb0362ce786613eff6a57d43798a2d5801d53a10ea61fce5e7	https://api.tenders.gov.au/ocds/findByDates/contractPublished/2026-08-04T00:00:00Z/2026-08-11T00:00:00Z?cursor=VUOaCvgoQW9Od3J1YVo2SjhES1VOT05ESTJOamt6TVNsRFRqUXlOalk1TXpFPdgE&prevcursor=Vc1bSkIoQW9OdzN2WGM2cDhES1VOT05ESTJOekUwT0NsRFRqUXlOamN4TkRnPfQD&lastcursor=Vbb_jXsoQW9Od3lNS2g3WjhES1VOT05ESTJOelF4TXlsRFRqUXlOamMwTVRNPZAD
2026-09-16T02:27:47Z	1	200	184349	d26a6a6c81c2f26b2b440440c15dc1bd70e4c1483fc525aa406eef761414065a	https://api.tenders.gov.au/ocds/findByDates/contractPublished/2026-08-04T00:00:00Z/2026-08-11T00:00:00Z?cursor=VZOxzPQoQW9OdzErdjM1NThES1VOT05ESTJOalF4TUNsRFRqUXlOalkwTVRBPbwF&prevcursor=VUOaCvgoQW9Od3J1YVo2SjhES1VOT05ESTJOamt6TVNsRFRqUXlOalk1TXpFPdgE&lastcursor=Vc1bSkIoQW9OdzN2WGM2cDhES1VOT05ESTJOekUwT0NsRFRqUXlOamN4TkRnPfQD
2026-09-16T02:27:48Z	1	200	186234	0435b5570c7acd35941f7a2e42f1308bd02293b939728f16c01c230056751294	https://api.tenders.gov.au/ocds/findByDates/contractPublished/2026-08-04T00:00:00Z/2026-08-11T00:00:00Z?cursor=VesFlJcoQW9Od3R1WFQ1NThES1VOT05ESTJOalV3TkNsRFRqUXlOalkxTURRPaAG&prevcursor=VZOxzPQoQW9OdzErdjM1NThES1VOT05ESTJOalF4TUNsRFRqUXlOalkwTVRBPbwF&lastcursor=VUOaCvgoQW9Od3J1YVo2SjhES1VOT05ESTJOamt6TVNsRFRqUXlOalk1TXpFPdgE
2026-09-16T02:27:49Z	1	200	85147	ec559a36d4ca262d2d396668c5aa92785353f9bea7d7919d56fafe4c10f63f85	https://api.tenders.gov.au/ocds/findByDates/contractPublished/2026-08-04T00:00:00Z/2026-08-11T00:00:00Z?cursor=VYU8-i8oQW9ONHdOYkk1WjhES1VOT05ESTJOak0xTWlsRFRqUXlOall6TlRJPYQH&prevcursor=VesFlJcoQW9Od3R1WFQ1NThES1VOT05ESTJOalV3TkNsRFRqUXlOalkxTURRPaAG&lastcursor=VZOxzPQoQW9OdzErdjM1NThES1VOT05ESTJOalF4TUNsRFRqUXlOalkwTVRBPbwF
2026-09-16T02:27:50Z	1	200	645	f9cfc380ab9d64a00b356909ce6efef75b7d5df3c2922d0fbedd567c07ec393e	https://api.tenders.gov.au/ocds/findByDates/contractPublished/2026-08-04T00:00:00Z/2026-08-11T00:00:00Z?cursor=VcDKBsgoQW9OdzYvYUk1WjhES1VOT05ESTJOakk0T0NsRFRqUXlOall5T0RnPbIH&prevcursor=VYU8-i8oQW9ONHdOYkk1WjhES1VOT05ESTJOak0xTWlsRFRqUXlOall6TlRJPYQH&lastcursor=VesFlJcoQW9Od3R1WFQ1NThES1VOT05ESTJOalV3TkNsRFRqUXlOalkxTURRPaAG
2026-09-16T02:27:50Z	1	200	185973	3d78701ac3a97a6dfd50a6d8b371dd588ffbc3ca299c19389faf4111048da858	https://api.tenders.gov.au/ocds/findByDates/contractPublished/2026-08-11T00:00:00Z/2026-08-18T00:00:00Z
2026-09-16T02:27:51Z	1	200	183510	8ee760d383f6d50ac2d7d2f70d2e254910d949e1eab8f7e09b3b46c9df948582	https://api.tenders.gov.au/ocds/findByDates/contractPublished/2026-08-11T00:00:00Z/2026-08-18T00:00:00Z?cursor=VRkip-YoQW9ONDRJYUhoNkFES1VOT05ESTJPVGMyT0NsRFRqUXlOamszTmpnPWQ&prevcursor=initial&lastcursor=initial
2026-09-16T02:27:52Z	1	200	187121	7c2207835dca7b1d20dcb446674ea916967330de350bd42070cece4092983869	https://api.tenders.gov.au/ocds/findByDates/contractPublished/2026-08-11T00:00:00Z/2026-08-18T00:00:00Z?cursor=VT0nrFMoQW9Od3pzWDdocUFES1VOT05ESTJPVFl6TnlsRFRqUXlOamsyTXpjPcgB&prevcursor=VRkip-YoQW9ONDRJYUhoNkFES1VOT05ESTJPVGMyT0NsRFRqUXlOamszTmpnPWQ&lastcursor=initial
2026-09-16T02:27:53Z	1	200	186083	1e7b385b743738ad314c314159169825da9f4797957b525f40ce505110588940	https://api.tenders.gov.au/ocds/findByDates/contractPublished/2026-08-11T00:00:00Z/2026-08-18T00:00:00Z?cursor=Va2RJFooQW9ONHpxZVcvNThES1VOT05ESTJPVFEzTWlsRFRqUXlOamswTnpJPawC&prevcursor=VT0nrFMoQW9Od3pzWDdocUFES1VOT05ESTJPVFl6TnlsRFRqUXlOamsyTXpjPcgB&lastcursor=VRkip-YoQW9ONDRJYUhoNkFES1VOT05ESTJPVGMyT0NsRFRqUXlOamszTmpnPWQ
2026-09-16T02:27:54Z	1	200	183818	8b3712d44a04b426ac5423f13dbaf9c49b627590615e711a438fec2d46c1334d	https://api.tenders.gov.au/ocds/findByDates/contractPublished/2026-08-11T00:00:00Z/2026-08-18T00:00:00Z?cursor=VUk2tW8oQW9ONDdObUMvNThES1VOT05ESTJPVEkzT0NsRFRqUXlOamt5TnpnPZAD&prevcursor=Va2RJFooQW9ONHpxZVcvNThES1VOT05ESTJPVFEzTWlsRFRqUXlOamswTnpJPawC&lastcursor=VT0nrFMoQW9Od3pzWDdocUFES1VOT05ESTJPVFl6TnlsRFRqUXlOamsyTXpjPcgB
2026-09-16T02:27:55Z	1	200	187047	06052a8231b118db2b790b4ed5b29885c291019cd59aac340e58a425a916555b	https://api.tenders.gov.au/ocds/findByDates/contractPublished/2026-08-11T00:00:00Z/2026-08-18T00:00:00Z?cursor=Vfy_NB8oQW9Od2w5R3MvSjhES1VOT05ESTJPVEU0TlNsRFRqUXlOamt4T0RVPfQD&prevcursor=VUk2tW8oQW9ONDdObUMvNThES1VOT05ESTJPVEkzT0NsRFRqUXlOamt5TnpnPZAD&lastcursor=Va2RJFooQW9ONHpxZVcvNThES1VOT05ESTJPVFEzTWlsRFRqUXlOamswTnpJPawC
2026-09-16T02:27:56Z	1	200	178470	ec01690b7abc8aea800810bc748fcd5cbca44c98be117b5835c80296109a51f1	https://api.tenders.gov.au/ocds/findByDates/contractPublished/2026-08-11T00:00:00Z/2026-08-18T00:00:00Z?cursor=VR265kIoQW9ONDhyK1orcDhES1VOT05ESTJPVEF4TVNsRFRqUXlOamt3TVRFPdgE&prevcursor=Vfy_NB8oQW9Od2w5R3MvSjhES1VOT05ESTJPVEU0TlNsRFRqUXlOamt4T0RVPfQD&lastcursor=VUk2tW8oQW9ONDdObUMvNThES1VOT05ESTJPVEkzT0NsRFRqUXlOamt5TnpnPZAD
2026-09-16T02:27:57Z	1	200	184763	9abcf2faa26fbaf5c1f3dcbdab38c1ce126b081b09466115dd46a1f202d7f7bb	https://api.tenders.gov.au/ocds/findByDates/contractPublished/2026-08-11T00:00:00Z/2026-08-18T00:00:00Z?cursor=VRRlanUoQW9ONHBhK1orcDhES1VOT05ESTJPRGt4TWlsRFRqUXlOamc1TVRJPbwF&prevcursor=VR265kIoQW9ONDhyK1orcDhES1VOT05ESTJPVEF4TVNsRFRqUXlOamt3TVRFPdgE&lastcursor=Vfy_NB8oQW9Od2w5R3MvSjhES1VOT05ESTJPVEU0TlNsRFRqUXlOamt4T0RVPfQD
2026-09-16T02:27:58Z	1	200	184591	2ea7f7bdd1d5577a6d2f347be8beb96ca2fef6febf46136655355ff8dbe3f82c	https://api.tenders.gov.au/ocds/findByDates/contractPublished/2026-08-11T00:00:00Z/2026-08-18T00:00:00Z?cursor=VaPSkaQoQW9Od3hxdjArWjhES1VOT05ESTJPRGMyTWlsRFRqUXlOamczTmpJPaAG&prevcursor=VRRlanUoQW9ONHBhK1orcDhES1VOT05ESTJPRGt4TWlsRFRqUXlOamc1TVRJPbwF&lastcursor=VR265kIoQW9ONDhyK1orcDhES1VOT05ESTJPVEF4TVNsRFRqUXlOamt3TVRFPdgE
2026-09-16T02:27:59Z	1	200	184128	909d2c6afb2b7f31492200f1cb2e7cd2e7665c5204b3af16f096a024636e3246	https://api.tenders.gov.au/ocds/findByDates/contractPublished/2026-08-11T00:00:00Z/2026-08-18T00:00:00Z?cursor=VV7LRRcoQW9ONG5OcmkrWjhES1VOT05ESTJPRFl6TVNsRFRqUXlOamcyTXpFPYQH&prevcursor=VaPSkaQoQW9Od3hxdjArWjhES1VOT05ESTJPRGMyTWlsRFRqUXlOamczTmpJPaAG&lastcursor=VRRlanUoQW9ONHBhK1orcDhES1VOT05ESTJPRGt4TWlsRFRqUXlOamc1TVRJPbwF
2026-09-16T02:28:00Z	1	200	182919	ea9b5b7a829819499f238ef657cce3b6188d44f93e876888ff77dfa7800729ea	https://api.tenders.gov.au/ocds/findByDates/contractPublished/2026-08-11T00:00:00Z/2026-08-18T00:00:00Z?cursor=VbhMU50oQW9ONHFLZkwrSjhES1VOT05ESTJPRFEwTVNsRFRqUXlOamcwTkRFPegH&prevcursor=VV7LRRcoQW9ONG5OcmkrWjhES1VOT05ESTJPRFl6TVNsRFRqUXlOamcyTXpFPYQH&lastcursor=VaPSkaQoQW9Od3hxdjArWjhES1VOT05ESTJPRGMyTWlsRFRqUXlOamczTmpJPaAG
2026-09-16T02:28:01Z	1	200	111783	987835bbb321c068f378af2c9c7fca2281b72cdb9236183e2462561a4e76377a	https://api.tenders.gov.au/ocds/findByDates/contractPublished/2026-08-11T00:00:00Z/2026-08-18T00:00:00Z?cursor=Va0Do1ooQW9ONHQvYXk5NThES1VOT05ESTJPREU1TlNsRFRqUXlOamd4T1RVPcwI&prevcursor=VbhMU50oQW9ONHFLZkwrSjhES1VOT05ESTJPRFEwTVNsRFRqUXlOamcwTkRFPegH&lastcursor=VV7LRRcoQW9ONG5OcmkrWjhES1VOT05ESTJPRFl6TVNsRFRqUXlOamcyTXpFPYQH
2026-09-16T02:28:02Z	1	200	645	086324b2ba7acfd1316639bfa83d9e38d8ff9d1d5596b61b674e1ac950dbabad	https://api.tenders.gov.au/ocds/findByDates/contractPublished/2026-08-11T00:00:00Z/2026-08-18T00:00:00Z?cursor=VQoRdNkoQW9OdzUvbUo5NThES1VOT05ESTJPREV4TVNsRFRqUXlOamd4TVRFPYgJ&prevcursor=Va0Do1ooQW9ONHQvYXk5NThES1VOT05ESTJPREU1TlNsRFRqUXlOamd4T1RVPcwI&lastcursor=VbhMU50oQW9ONHFLZkwrSjhES1VOT05ESTJPRFEwTVNsRFRqUXlOamcwTkRFPegH
2026-09-16T02:28:02Z	1	200	182976	a00fc3ccd1d79858419446d2f35631b4c47ec64be45a1815fd1d08e4dd10725d	https://api.tenders.gov.au/ocds/findByDates/contractPublished/2026-08-18T00:00:00Z/2026-08-25T00:00:00Z
2026-09-16T02:28:03Z	1	200	189053	8774bbb9c8afbaf0e9d2cabc6ba5dd4a022c9a4591e739be9b5a29f1310e3e8a	https://api.tenders.gov.au/ocds/findByDates/contractPublished/2026-08-18T00:00:00Z/2026-08-25T00:00:00Z?cursor=Ve7Ge0YoQW9ONG5KdVhtYUFES1VOT05ESTNNVFV3TXlsRFRqUXlOekUxTURNPWQ&prevcursor=initial&lastcursor=initial
2026-09-16T02:28:04Z	1	200	187622	13636cb219640b8b1b98ba4996522a4dce73aef3635023f162efbd9d70b92197	https://api.tenders.gov.au/ocds/findByDates/contractPublished/2026-08-18T00:00:00Z/2026-08-25T00:00:00Z?cursor=VRDajLIoQW9ONG1lTFdtS0FES1VOT05ESTNNVE16TXlsRFRqUXlOekV6TXpNPcgB&prevcursor=Ve7Ge0YoQW9ONG5KdVhtYUFES1VOT05ESTNNVFV3TXlsRFRqUXlOekUxTURNPWQ&lastcursor=initial
2026-09-16T02:28:05Z	1	200	189343	034382c3122d3b28013c0e79f0f5d2f5ae6eeb23ad0f23df7fd7b3ed0b91e892	https://api.tenders.gov.au/ocds/findByDates/contractPublished/2026-08-18T00:00:00Z/2026-08-25T00:00:00Z?cursor=VZMAlVsoQW9ONHQ0QzFrYUFES1VOT05ESTNNVEUzT1NsRFRqUXlOekV4TnprPawC&prevcursor=VRDajLIoQW9ONG1lTFdtS0FES1VOT05ESTNNVE16TXlsRFRqUXlOekV6TXpNPcgB&lastcursor=Ve7Ge0YoQW9ONG5KdVhtYUFES1VOT05ESTNNVFV3TXlsRFRqUXlOekUxTURNPWQ
2026-09-16T02:28:06Z	1	200	187112	4bfc441e5dc6fabcc040357a72a617e92235ddf49873f1f6b346ad45dbe2be30	https://api.tenders.gov.au/ocds/findByDates/contractPublished/2026-08-18T00:00:00Z/2026-08-25T00:00:00Z?cursor=VQ0mY30oQW9ONGlZajRqcUFES1VOT05ESTNNVEF5TkNsRFRqUXlOekV3TWpRPZAD&prevcursor=VZMAlVsoQW9ONHQ0QzFrYUFES1VOT05ESTNNVEUzT1NsRFRqUXlOekV4TnprPawC&lastcursor=VRDajLIoQW9ONG1lTFdtS0FES1VOT05ESTNNVE16TXlsRFRqUXlOekV6TXpNPcgB
2026-09-16T02:28:07Z	1	200	185937	e6a0f0327db19bd573aaca3a60009c59a6f7f2aa54e7cd74e7501f99ab996b97	https://api.tenders.gov.au/ocds/findByDates/contractPublished/2026-08-18T00:00:00Z/2026-08-25T00:00:00Z?cursor=Vb3MwpAoQW9ONDBKdk9qcUFES1VOT05ESTNNRGczTnlsRFRqUXlOekE0TnpjPfQD&prevcursor=VQ0mY30oQW9ONGlZajRqcUFES1VOT05ESTNNVEF5TkNsRFRqUXlOekV3TWpRPZAD&lastcursor=VZMAlVsoQW9ONHQ0QzFrYUFES1VOT05ESTNNVEUzT1NsRFRqUXlOekV4TnprPawC
2026-09-16T02:28:08Z	1	200	184005	63af0bf008758a999ffc72160807ce4dcf5095e2f71e0cb8ba58d8d210bb0064	https://api.tenders.gov.au/ocds/findByDates/contractPublished/2026-08-18T00:00:00Z/2026-08-25T00:00:00Z?cursor=VVsvxCQoQW9ONG4rS2dqcUFES1VOT05ESTNNRGMwTnlsRFRqUXlOekEzTkRjPdgE&prevcursor=Vb3MwpAoQW9ONDBKdk9qcUFES1VOT05ESTNNRGczTnlsRFRqUXlOekE0TnpjPfQD&lastcursor=VQ0mY30oQW9ONGlZajRqcUFES1VOT05ESTNNVEF5TkNsRFRqUXlOekV3TWpRPZAD
2026-09-16T02:28:09Z	1	200	185846	0967d39b32dc59df1dc5c1f9ac218ac7e457e0b983c2ff08a84d27302cb26986	https://api.tenders.gov.au/ocds/findByDates/contractPublished/2026-08-18T00:00:00Z/2026-08-25T00:00:00Z?cursor=VZFUApMoQW9ONHI4YjJpNkFES1VOT05ESTNNRFV6T0NsRFRqUXlOekExTXpnPbwF&prevcursor=VVsvxCQoQW9ONG4rS2dqcUFES1VOT05ESTNNRGMwTnlsRFRqUXlOekEzTkRjPdgE&lastcursor=Vb3MwpAoQW9ONDBKdk9qcUFES1VOT05ESTNNRGczTnlsRFRqUXlOekE0TnpjPfQD
2026-09-16T02:28:10Z	1	200	181195	48ea2b5c808cbd3e00d3fe7871e3e31754eb28a22004520ecf71a61052d04b95	https://api.tenders.gov.au/ocds/findByDates/contractPublished/2026-08-18T00:00:00Z/2026-08-25T00:00:00Z?cursor=VQ3oyNAoQW9ONG1mMzBpNkFES1VOT05ESTNNRFF4T1NsRFRqUXlOekEwTVRrPaAG&prevcursor=VZFUApMoQW9ONHI4YjJpNkFES1VOT05ESTNNRFV6T0NsRFRqUXlOekExTXpnPbwF&lastcursor=VVsvxCQoQW9ONG4rS2dqcUFES1VOT05ESTNNRGMwTnlsRFRqUXlOekEzTkRjPdgE
2026-09-16T02:28:11Z	1	200	178439	44c74c3ca2dc950d3acef53bc26d8671f7b97dc9c1832d4cb483ace6c74a2c06	https://api.tenders.gov.au/ocds/findByDates/contractPublished/2026-08-18T00:00:00Z/2026-08-25T00:00:00Z?cursor=VbEq8GEoQW9Od2k2emdpNkFES1VOT05ESTNNREk1T1NsRFRqUXlOekF5T1RrPYQH&prevcursor=VQ3oyNAoQW9ONG1mMzBpNkFES1VOT05ESTNNRFF4T1NsRFRqUXlOekEwTVRrPaAG&lastcursor=VZFUApMoQW9ONHI4YjJpNkFES1VOT05ESTNNRFV6T0NsRFRqUXlOekExTXpnPbwF
2026-09-16T02:28:11Z	1	200	180098	4637d427725a4aa643c34d067ca8a0903cd66d2635eb3ab544d8f41a918e4b0b	https://api.tenders.gov.au/ocds/findByDates/contractPublished/2026-08-18T00:00:00Z/2026-08-25T00:00:00Z?cursor=VUnlqPsoQW9OdzFwUGdpNkFES1VOT05ESTNNREl3TWlsRFRqUXlOekF5TURJPegH&prevcursor=VbEq8GEoQW9Od2k2emdpNkFES1VOT05ESTNNREk1T1NsRFRqUXlOekF5T1RrPYQH&lastcursor=VQ3oyNAoQW9ONG1mMzBpNkFES1VOT05ESTNNRFF4T1NsRFRqUXlOekEwTVRrPaAG
2026-09-16T02:28:12Z	1	200	183633	e848eeb2d4a270e152df440e7b23c1706c6262be8120d0f13b2dc52d353d18ca	https://api.tenders.gov.au/ocds/findByDates/contractPublished/2026-08-18T00:00:00Z/2026-08-25T00:00:00Z?cursor=VTluyM8oQW9Od2d0elJpNkFES1VOT05ESTNNREE0TWlsRFRqUXlOekF3T0RJPcwI&prevcursor=VUnlqPsoQW9OdzFwUGdpNkFES1VOT05ESTNNREl3TWlsRFRqUXlOekF5TURJPegH&lastcursor=VbEq8GEoQW9Od2k2emdpNkFES1VOT05ESTNNREk1T1NsRFRqUXlOekF5T1RrPYQH
2026-09-16T02:28:13Z	1	200	50367	c6753ca709d00d813f085c5207626bb1552bd0d59b2e3e317c971197765fd801	https://api.tenders.gov.au/ocds/findByDates/contractPublished/2026-08-18T00:00:00Z/2026-08-25T00:00:00Z?cursor=VcnqlEMwQW9ONG42UEVpYUFETEVOT05ESTJPVGswTVMxQk1peERUalF5TmprNU5ERXRRVEk9sAk&prevcursor=VTluyM8oQW9Od2d0elJpNkFES1VOT05ESTNNREE0TWlsRFRqUXlOekF3T0RJPcwI&lastcursor=VUnlqPsoQW9OdzFwUGdpNkFES1VOT05ESTNNREl3TWlsRFRqUXlOekF5TURJPegH
2026-09-16T02:28:14Z	1	200	656	44f315c108ba22957acb73208a458d85ed12b8a289ad02681a4decbcbcf0af05	https://api.tenders.gov.au/ocds/findByDates/contractPublished/2026-08-18T00:00:00Z/2026-08-25T00:00:00Z?cursor=Vcd6L44oQW9OdzdjbU1pYUFES1VOT05ESTJPVGt3TUNsRFRqUXlOams1TURBPcsJ&prevcursor=VcnqlEMwQW9ONG42UEVpYUFETEVOT05ESTJPVGswTVMxQk1peERUalF5TmprNU5ERXRRVEk9sAk&lastcursor=VTluyM8oQW9Od2d0elJpNkFES1VOT05ESTNNREE0TWlsRFRqUXlOekF3T0RJPcwI
2026-09-16T02:28:15Z	1	200	182657	70331183e5d6cbcf8bf6fe274eae90b8338183a31ee6fed42302a3b72a35cacb	https://api.tenders.gov.au/ocds/findByDates/contractPublished/2026-08-25T00:00:00Z/2026-09-01T00:00:00Z
2026-09-16T02:28:16Z	1	200	188263	859c54c86731dce59e09239bad5a7bcc3876d40e8e7c908b854b0a050152e119	https://api.tenders.gov.au/ocds/findByDates/contractPublished/2026-08-25T00:00:00Z/2026-09-01T00:00:00Z?cursor=VURkwF0oQW9ONGxOaVRxNkFES1VOT05ESTNNekU0T1NsRFRqUXlOek14T0RrPWQ&prevcursor=initial&lastcursor=initial
2026-09-16T02:28:17Z	1	200	188701	961fd938b7547145bc72cceba4fbcc9c544187deded372a6401c958babc0a381	https://api.tenders.gov.au/ocds/findByDates/contractPublished/2026-08-25T00:00:00Z/2026-09-01T00:00:00Z?cursor=VWNj-UswQW9Od2dkSFpxcUFETEVOT05ESTNNekF5TWkxQk1TeERUalF5TnpNd01qSXRRVEU9yAE&prevcursor=VURkwF0oQW9ONGxOaVRxNkFES1VOT05ESTNNekU0T1NsRFRqUXlOek14T0RrPWQ&lastcursor=initial
2026-09-16T02:28:17Z	1	200	186054	1546b573f7aac7cd3a971df1ef1fcb3a73153fed192e70eb0ef4d802fdae1ea8	https://api.tenders.gov.au/ocds/findByDates/contractPublished/2026-08-25T00:00:00Z/2026-09-01T00:00:00Z?cursor=VXqR_pUoQW9ONHZvTERvNkFES1VOT05ESTNNamc1TkNsRFRqUXlOekk0T1RRPawC&prevcursor=VWNj-UswQW9Od2dkSFpxcUFETEVOT05ESTNNekF5TWkxQk1TeERUalF5TnpNd01qSXRRVEU9yAE&lastcursor=VURkwF0oQW9ONGxOaVRxNkFES1VOT05ESTNNekU0T1NsRFRqUXlOek14T0RrPWQ
2026-09-16T02:28:18Z	1	200	185404	41303cf60f5b395b6a84a40e23c213408df632390837a88e3c98fd55696b87f4	https://api.tenders.gov.au/ocds/findByDates/contractPublished/2026-08-25T00:00:00Z/2026-09-01T00:00:00Z?cursor=VetZ-DUoQW9ONDJ0cnJvcUFES1VOT05ESTNNalk0TVNsRFRqUXlOekkyT0RFPZAD&prevcursor=VXqR_pUoQW9ONHZvTERvNkFES1VOT05ESTNNamc1TkNsRFRqUXlOekk0T1RRPawC&lastcursor=VWNj-UswQW9Od2dkSFpxcUFETEVOT05ESTNNekF5TWkxQk1TeERUalF5TnpNd01qSXRRVEU9yAE
2026-09-16T02:28:19Z	1	200	182111	c9dc661c220979d84e9bb2ff0e47cbc03f7871cbeab022698fa83c8163199634	https://api.tenders.gov.au/ocds/findByDates/contractPublished/2026-08-25T00:00:00Z/2026-09-01T00:00:00Z?cursor=VaDwEwMoQW9ONHcrdmFvcUFES1VOT05ESTNNalUzTVNsRFRqUXlOekkxTnpFPfQD&prevcursor=VetZ-DUoQW9ONDJ0cnJvcUFES1VOT05ESTNNalk0TVNsRFRqUXlOekkyT0RFPZAD&lastcursor=VXqR_pUoQW9ONHZvTERvNkFES1VOT05ESTNNamc1TkNsRFRqUXlOekk0T1RRPawC
2026-09-16T02:28:20Z	1	200	183977	7ce02666cf0e8298a376f5aba97ee6d9500fc2e6799528887cd6032d137a546b	https://api.tenders.gov.au/ocds/findByDates/contractPublished/2026-08-25T00:00:00Z/2026-09-01T00:00:00Z?cursor=VVCS4ZsoQW9ONHNzaTJvS0FES1VOT05ESTNNalEwTXlsRFRqUXlOekkwTkRNPdgE&prevcursor=VaDwEwMoQW9ONHcrdmFvcUFES1VOT05ESTNNalUzTVNsRFRqUXlOekkxTnpFPfQD&lastcursor=VetZ-DUoQW9ONDJ0cnJvcUFES1VOT05ESTNNalk0TVNsRFRqUXlOekkyT0RFPZAD
2026-09-16T02:28:21Z	1	200	186774	09f5cd252b368f7b1e5e3d1186436b7cd3ffb92f93d0965e9161c9d0cedb80f1	https://api.tenders.gov.au/ocds/findByDates/contractPublished/2026-08-25T00:00:00Z/2026-09-01T00:00:00Z?cursor=VcKknGQoQW9ONHk1YThucUFES1VOT05ESTNNakU1TVNsRFRqUXlOekl4T1RFPbwF&prevcursor=VVCS4ZsoQW9ONHNzaTJvS0FES1VOT05ESTNNalEwTXlsRFRqUXlOekkwTkRNPdgE&lastcursor=VaDwEwMoQW9ONHcrdmFvcUFES1VOT05ESTNNalUzTVNsRFRqUXlOekkxTnpFPfQD
2026-09-16T02:28:22Z	1	200	185780	5c4d79bc72f077690f2817c42eb75bd560df04c7686394486b4048edbaedfd84	https://api.tenders.gov.au/ocds/findByDates/contractPublished/2026-08-25T00:00:00Z/2026-09-01T00:00:00Z?cursor=VYChMC4oQW9ONDdlUG5uYUFES1VOT05ESTNNakF6TmlsRFRqUXlOekl3TXpZPaAG&prevcursor=VcKknGQoQW9ONHk1YThucUFES1VOT05ESTNNakU1TVNsRFRqUXlOekl4T1RFPbwF&lastcursor=VVCS4ZsoQW9ONHNzaTJvS0FES1VOT05ESTNNalEwTXlsRFRqUXlOekkwTkRNPdgE
2026-09-16T02:28:23Z	1	200	184524	7f95d7d7e1ac987e79bfccef071fdd3eb16acc665d67b832590ab354721edfa2	https://api.tenders.gov.au/ocds/findByDates/contractPublished/2026-08-25T00:00:00Z/2026-09-01T00:00:00Z?cursor=VeZc0HEoQW9Od2dNbm5uYUFES1VOT05ESTNNVGt6TkNsRFRqUXlOekU1TXpRPYQH&prevcursor=VYChMC4oQW9ONDdlUG5uYUFES1VOT05ESTNNakF6TmlsRFRqUXlOekl3TXpZPaAG&lastcursor=VcKknGQoQW9ONHk1YThucUFES1VOT05ESTNNakU1TVNsRFRqUXlOekl4T1RFPbwF
2026-09-16T02:28:24Z	1	200	72127	52afb4db7047b212bbf5fb7a50b18242284847e234742ed5fbd2c56ba99ad2f7	https://api.tenders.gov.au/ocds/findByDates/contractPublished/2026-08-25T00:00:00Z/2026-09-01T00:00:00Z?cursor=VXaOzaQoQW9ONC9mR3ZtNkFES1VOT05ESTNNVGN5T0NsRFRqUXlOekUzTWpnPegH&prevcursor=VeZc0HEoQW9Od2dNbm5uYUFES1VOT05ESTNNVGt6TkNsRFRqUXlOekU1TXpRPYQH&lastcursor=VYChMC4oQW9ONDdlUG5uYUFES1VOT05ESTNNakF6TmlsRFRqUXlOekl3TXpZPaAG
2026-09-16T02:28:25Z	1	200	645	f8a0de2488edf7107a447f8f48688e20d65d1ca87a740f1e8078a448ab42c9fa	https://api.tenders.gov.au/ocds/findByDates/contractPublished/2026-08-25T00:00:00Z/2026-09-01T00:00:00Z?cursor=VaromlkoQW9Od2piNk9tNkFES1VOT05ESTNNVFkzTXlsRFRqUXlOekUyTnpNPY8I&prevcursor=VXaOzaQoQW9ONC9mR3ZtNkFES1VOT05ESTNNVGN5T0NsRFRqUXlOekUzTWpnPegH&lastcursor=VeZc0HEoQW9Od2dNbm5uYUFES1VOT05ESTNNVGt6TkNsRFRqUXlOekU1TXpRPYQH
2026-09-16T02:28:26Z	1	200	185381	6fe37a3faec45b31b8ec98df502b9694a3e61b30d54b20484abfa842a193c857	https://api.tenders.gov.au/ocds/findByDates/contractPublished/2026-09-01T00:00:00Z/2026-09-08T00:00:00Z
2026-09-16T02:28:27Z	1	200	181218	14314fab8d3988899479f9901b19ffaf60585e8802a2a40cdff87b12bad3edb8	https://api.tenders.gov.au/ocds/findByDates/contractPublished/2026-09-01T00:00:00Z/2026-09-08T00:00:00Z?cursor=VTFyAXooQW9ONDhKMmV2YUFES1VOT05ESTNORGMwTXlsRFRqUXlOelEzTkRNPWQ&prevcursor=initial&lastcursor=initial
2026-09-16T02:28:27Z	1	200	185177	28ae6995307125dbd7da8964f24fafffeb1afd5cd70fedf0778637fa76e1f370	https://api.tenders.gov.au/ocds/findByDates/contractPublished/2026-09-01T00:00:00Z/2026-09-08T00:00:00Z?cursor=Va6XwZkoQW9Od3hvZkp0YUFES1VOT05ESTNORFV5T0NsRFRqUXlOelExTWpnPcgB&prevcursor=VTFyAXooQW9ONDhKMmV2YUFES1VOT05ESTNORGMwTXlsRFRqUXlOelEzTkRNPWQ&lastcursor=initial
2026-09-16T02:28:28Z	1	200	186201	4088ca96c38f6fad178dc1ab2eef45b27146e2ed23848ea41bb30574e8d3d9c6	https://api.tenders.gov.au/ocds/findByDates/contractPublished/2026-09-01T00:00:00Z/2026-09-08T00:00:00Z?cursor=VZrejsQoQW9ONDl2ZkJ0YUFES1VOT05ESTNORFF4TXlsRFRqUXlOelEwTVRNPawC&prevcursor=Va6XwZkoQW9Od3hvZkp0YUFES1VOT05ESTNORFV5T0NsRFRqUXlOelExTWpnPcgB&lastcursor=VTFyAXooQW9ONDhKMmV2YUFES1VOT05ESTNORGMwTXlsRFRqUXlOelEzTkRNPWQ
2026-09-16T02:28:29Z	1	200	187545	e3bb1cd8c016e93e475d3c9a13bddac8d8589770834eeec193fa14f4268920f5	https://api.tenders.gov.au/ocds/findByDates/contractPublished/2026-09-01T00:00:00Z/2026-09-08T00:00:00Z?cursor=VSQ0ECkoQW9Od2hJcjh0S0FES1VOT05ESTNOREk0TnlsRFRqUXlOelF5T0RjPZAD&prevcursor=VZrejsQoQW9ONDl2ZkJ0YUFES1VOT05ESTNORFF4TXlsRFRqUXlOelEwTVRNPawC&lastcursor=Va6XwZkoQW9Od3hvZkp0YUFES1VOT05ESTNORFV5T0NsRFRqUXlOelExTWpnPcgB
2026-09-16T02:28:30Z	1	200	181287	827db35e3591249ac24f0247bc19f6a4dc3893e0cbb92f7881b8396e2b7da7d3	https://api.tenders.gov.au/ocds/findByDates/contractPublished/2026-09-01T00:00:00Z/2026-09-08T00:00:00Z?cursor=VZLdvi4oQW9Od3o4WGd0S0FES1VOT05ESTNOREUxTlNsRFRqUXlOelF4TlRVPfQD&prevcursor=VSQ0ECkoQW9Od2hJcjh0S0FES1VOT05ESTNOREk0TnlsRFRqUXlOelF5T0RjPZAD&lastcursor=VZrejsQoQW9ONDl2ZkJ0YUFES1VOT05ESTNORFF4TXlsRFRqUXlOelEwTVRNPawC
2026-09-16T02:28:31Z	1	200	182762	04d6e442827685e1e1be5e2cf893c4c070d449ee765d54348e1304f009791668	https://api.tenders.gov.au/ocds/findByDates/contractPublished/2026-09-01T00:00:00Z/2026-09-08T00:00:00Z?cursor=VbPrbsMoQW9Ody91YTZzcUFES1VOT05ESTNOREF5TnlsRFRqUXlOelF3TWpjPdgE&prevcursor=VZLdvi4oQW9Od3o4WGd0S0FES1VOT05ESTNOREUxTlNsRFRqUXlOelF4TlRVPfQD&lastcursor=VSQ0ECkoQW9Od2hJcjh0S0FES1VOT05ESTNOREk0TnlsRFRqUXlOelF5T0RjPZAD
2026-09-16T02:28:32Z	1	200	187199	e54c51b4d0f74b55729fc178f405f3b3c603745c219d4f7b449f79d6e5927e19	https://api.tenders.gov.au/ocds/findByDates/contractPublished/2026-09-01T00:00:00Z/2026-09-08T00:00:00Z?cursor=VX_RfKUoQW9ONGtPUzRzS0FES1VOT05ESTNNemcyTXlsRFRqUXlOek00TmpNPbwF&prevcursor=VbPrbsMoQW9Ody91YTZzcUFES1VOT05ESTNOREF5TnlsRFRqUXlOelF3TWpjPdgE&lastcursor=VZLdvi4oQW9Od3o4WGd0S0FES1VOT05ESTNOREUxTlNsRFRqUXlOelF4TlRVPfQD
2026-09-16T02:28:33Z	1	200	182061	846d84e30700c6ba7e6373e46248e9bd874f216e4e9d4db34cf2f2752560c1fa	https://api.tenders.gov.au/ocds/findByDates/contractPublished/2026-09-01T00:00:00Z/2026-09-08T00:00:00Z?cursor=VVJYO0ooQW9ONHMrV1lzS0FES1VOT05ESTNNemN6T0NsRFRqUXlOek0zTXpnPaAG&prevcursor=VX_RfKUoQW9ONGtPUzRzS0FES1VOT05ESTNNemcyTXlsRFRqUXlOek00TmpNPbwF&lastcursor=VbPrbsMoQW9Ody91YTZzcUFES1VOT05ESTNOREF5TnlsRFRqUXlOelF3TWpjPdgE
2026-09-16T02:28:34Z	1	200	184979	9bfe43c859d80c3aca19c6af63380b036e54491cabbd28d5e3b15e68e70d2917	https://api.tenders.gov.au/ocds/findByDates/contractPublished/2026-09-01T00:00:00Z/2026-09-08T00:00:00Z?cursor=VS8XljMoQW9OdzcvL21yNkFES1VOT05ESTNNelV5TmlsRFRqUXlOek0xTWpZPYQH&prevcursor=VVJYO0ooQW9ONHMrV1lzS0FES1VOT05ESTNNemN6T0NsRFRqUXlOek0zTXpnPaAG&lastcursor=VX_RfKUoQW9ONGtPUzRzS0FES1VOT05ESTNNemcyTXlsRFRqUXlOek00TmpNPbwF
2026-09-16T02:28:35Z	1	200	17933	74006f822130d97cf62f4119c92f4f4aab0c85c8c1a2d4127a7c4c7fa0fe5717	https://api.tenders.gov.au/ocds/findByDates/contractPublished/2026-09-01T00:00:00Z/2026-09-08T00:00:00Z?cursor=VaEgzxkoQW9Od3ZvS3NyYUFES1VOT05ESTNNek15T1NsRFRqUXlOek16TWprPegH&prevcursor=VS8XljMoQW9OdzcvL21yNkFES1VOT05ESTNNelV5TmlsRFRqUXlOek0xTWpZPYQH&lastcursor=VVJYO0ooQW9ONHMrV1lzS0FES1VOT05ESTNNemN6T0NsRFRqUXlOek0zTXpnPaAG
2026-09-16T02:28:35Z	1	200	645	3aa6a2231009a8fba518b96d6ae9fdfa6bf034053c9ad407369c7e039ab95693	https://api.tenders.gov.au/ocds/findByDates/contractPublished/2026-09-01T00:00:00Z/2026-09-08T00:00:00Z?cursor=VQxVJF8oQW9Od3VabVhyYUFES1VOT05ESTNNek14TkNsRFRqUXlOek16TVRRPfEH&prevcursor=VaEgzxkoQW9Od3ZvS3NyYUFES1VOT05ESTNNek15T1NsRFRqUXlOek16TWprPegH&lastcursor=VS8XljMoQW9OdzcvL21yNkFES1VOT05ESTNNelV5TmlsRFRqUXlOek0xTWpZPYQH
2026-09-16T02:28:36Z	1	200	186102	16c86dd5e3eb222ce24fd63a61eec148b9caa7af5445a91306e3ba3e20a5f664	https://api.tenders.gov.au/ocds/findByDates/contractPublished/2026-09-08T00:00:00Z/2026-09-15T00:00:00Z
2026-09-16T02:28:37Z	1	200	188025	ff2eae47f20708fe756a1886ed7f74abed672054acaac03e15df0f30465daa05	https://api.tenders.gov.au/ocds/findByDates/contractPublished/2026-09-08T00:00:00Z/2026-09-15T00:00:00Z?cursor=VV73go8oQW9Od2tiM2h6cUFES1VOT05ESTNOalE1TWlsRFRqUXlOelkwT1RJPWQ&prevcursor=initial&lastcursor=initial
2026-09-16T02:28:38Z	1	200	187855	3ef67211ec8207e0c878026eec3394e0516b1333780edbaf53b2dd52f4508fc5	https://api.tenders.gov.au/ocds/findByDates/contractPublished/2026-09-08T00:00:00Z/2026-09-15T00:00:00Z?cursor=VdfpVVUoQW9ONG41YTF4NkFES1VOT05ESTNOakU0TXlsRFRqUXlOell4T0RNPcgB&prevcursor=VV73go8oQW9Od2tiM2h6cUFES1VOT05ESTNOalE1TWlsRFRqUXlOelkwT1RJPWQ&lastcursor=initial
2026-09-16T02:28:38Z	1	200	185789	bf0543e30a256753e5de082033d94285903cc87484cac02c8784fccf35dc88ee	https://api.tenders.gov.au/ocds/findByDates/contractPublished/2026-09-08T00:00:00Z/2026-09-15T00:00:00Z?cursor=VbxxuRAoQW9Od3VNWHl4cUFES1VOT05ESTNOakEwTnlsRFRqUXlOell3TkRjPawC&prevcursor=VdfpVVUoQW9ONG41YTF4NkFES1VOT05ESTNOakU0TXlsRFRqUXlOell4T0RNPcgB&lastcursor=VV73go8oQW9Od2tiM2h6cUFES1VOT05ESTNOalE1TWlsRFRqUXlOelkwT1RJPWQ
2026-09-16T02:28:39Z	1	200	180240	d3f2eb5b3b74a9052672aaa29cbfbdf3eac5e0b0925e0091ca2c25056463f64c	https://api.tenders.gov.au/ocds/findByDates/contractPublished/2026-09-08T00:00:00Z/2026-09-15T00:00:00Z?cursor=VYBYOWUoQW9OdzVOQ3F4S0FES1VOT05ESTNOVGcyTmlsRFRqUXlOelU0TmpZPZAD&prevcursor=VbxxuRAoQW9Od3VNWHl4cUFES1VOT05ESTNOakEwTnlsRFRqUXlOell3TkRjPawC&lastcursor=VdfpVVUoQW9ONG41YTF4NkFES1VOT05ESTNOakU0TXlsRFRqUXlOell4T0RNPcgB
2026-09-16T02:28:41Z	1	200	184072	65d511a56905e7dc4ee8d20502053bfa74e14ab3300bab3375a6c64c142e3bca	https://api.tenders.gov.au/ocds/findByDates/contractPublished/2026-09-08T00:00:00Z/2026-09-15T00:00:00Z?cursor=VXaBpvIoQW9ONHBJbXN3cUFES1VOT05ESTNOVGM0TXlsRFRqUXlOelUzT0RNPfQD&prevcursor=VYBYOWUoQW9OdzVOQ3F4S0FES1VOT05ESTNOVGcyTmlsRFRqUXlOelU0TmpZPZAD&lastcursor=VbxxuRAoQW9Od3VNWHl4cUFES1VOT05ESTNOakEwTnlsRFRqUXlOell3TkRjPawC
2026-09-16T02:28:42Z	1	200	181856	ecb572741be86b0bd4fcb227cf7e893291af8789b94e5c1b57e36fd7c9a16982	https://api.tenders.gov.au/ocds/findByDates/contractPublished/2026-09-08T00:00:00Z/2026-09-15T00:00:00Z?cursor=VcQA4ecoQW9Od2o0dUx3cUFES1VOT05ESTNOVFl6TmlsRFRqUXlOelUyTXpZPdgE&prevcursor=VXaBpvIoQW9ONHBJbXN3cUFES1VOT05ESTNOVGM0TXlsRFRqUXlOelUzT0RNPfQD&lastcursor=VYBYOWUoQW9OdzVOQ3F4S0FES1VOT05ESTNOVGcyTmlsRFRqUXlOelU0TmpZPZAD
2026-09-16T02:28:42Z	1	200	184315	374c42854c140e33ff4dd6d0ebd3f8a8eaf7f13059ca492e24b955f26254441a	https://api.tenders.gov.au/ocds/findByDates/contractPublished/2026-09-08T00:00:00Z/2026-09-15T00:00:00Z?cursor=VWlfgW8oQW9OdzNMLy93YUFES1VOT05ESTNOVFV5TkNsRFRqUXlOelUxTWpRPbwF&prevcursor=VcQA4ecoQW9Od2o0dUx3cUFES1VOT05ESTNOVFl6TmlsRFRqUXlOelUyTXpZPdgE&lastcursor=VXaBpvIoQW9ONHBJbXN3cUFES1VOT05ESTNOVGM0TXlsRFRqUXlOelUzT0RNPfQD
2026-09-16T02:28:43Z	1	200	185135	00542439c5632933b1bec3bf66bd921985b3a4966a584d132df41cb4f9fa3769	https://api.tenders.gov.au/ocds/findByDates/contractPublished/2026-09-08T00:00:00Z/2026-09-15T00:00:00Z?cursor=VbtNa6UoQW9ONHpLM2t3YUFES1VOT05ESTNOVE00TVNsRFRqUXlOelV6T0RFPaAG&prevcursor=VWlfgW8oQW9OdzNMLy93YUFES1VOT05ESTNOVFV5TkNsRFRqUXlOelUxTWpRPbwF&lastcursor=VcQA4ecoQW9Od2o0dUx3cUFES1VOT05ESTNOVFl6TmlsRFRqUXlOelUyTXpZPdgE
2026-09-16T02:28:44Z	1	200	184683	070c5d51a25362a9bd9c31025c2f68b19f8a06ffc46e1d190acd52cbe1edef57	https://api.tenders.gov.au/ocds/findByDates/contractPublished/2026-09-08T00:00:00Z/2026-09-15T00:00:00Z?cursor=VWoECPAoQW9OdzdxR053S0FES1VOT05ESTNOVEkxTkNsRFRqUXlOelV5TlRRPYQH&prevcursor=VbtNa6UoQW9ONHpLM2t3YUFES1VOT05ESTNOVE00TVNsRFRqUXlOelV6T0RFPaAG&lastcursor=VWlfgW8oQW9OdzNMLy93YUFES1VOT05ESTNOVFV5TkNsRFRqUXlOelUxTWpRPbwF
2026-09-16T02:28:45Z	1	200	185927	d3d8270950a7bc93762e4e33be295091157261ab9b527be47574e93d26d34b47	https://api.tenders.gov.au/ocds/findByDates/contractPublished/2026-09-08T00:00:00Z/2026-09-15T00:00:00Z?cursor=VcP4jXEoQW9ONHNQTGt2NkFES1VOT05ESTNOVEV6TlNsRFRqUXlOelV4TXpVPegH&prevcursor=VWoECPAoQW9OdzdxR053S0FES1VOT05ESTNOVEkxTkNsRFRqUXlOelV5TlRRPYQH&lastcursor=VbtNa6UoQW9ONHpLM2t3YUFES1VOT05ESTNOVE00TVNsRFRqUXlOelV6T0RFPaAG
2026-09-16T02:28:46Z	1	200	64169	723580ebdf0c3664e2240f5c61774dccf48b4d06ef4226be970cbe208c667dc4	https://api.tenders.gov.au/ocds/findByDates/contractPublished/2026-09-08T00:00:00Z/2026-09-15T00:00:00Z?cursor=VQ_JSzooQW9Od28reXB2NkFES1VOT05ESTNORGsyTXlsRFRqUXlOelE1TmpNPcwI&prevcursor=VcP4jXEoQW9ONHNQTGt2NkFES1VOT05ESTNOVEV6TlNsRFRqUXlOelV4TXpVPegH&lastcursor=VWoECPAoQW9OdzdxR053S0FES1VOT05ESTNOVEkxTkNsRFRqUXlOelV5TlRRPYQH
2026-09-16T02:28:47Z	1	200	645	6a461fca9f6a26173911721a037d18f683854087a0f652308d09066539e5f366	https://api.tenders.gov.au/ocds/findByDates/contractPublished/2026-09-08T00:00:00Z/2026-09-15T00:00:00Z?cursor=VU12XWUoQW9Od2lyQ2t2NkFES1VOT05ESTNORGt5TlNsRFRqUXlOelE1TWpVPe4I&prevcursor=VQ_JSzooQW9Od28reXB2NkFES1VOT05ESTNORGsyTXlsRFRqUXlOelE1TmpNPcwI&lastcursor=VcP4jXEoQW9ONHNQTGt2NkFES1VOT05ESTNOVEV6TlNsRFRqUXlOelV4TXpVPegH
2026-09-16T02:28:47Z	1	200	184577	7bc324a4a2f1f78ab6befe4e914531c40a1063602b312ef35c973b7578c56b12	https://api.tenders.gov.au/ocds/findByDates/contractPublished/2026-09-15T00:00:00Z/2026-09-17T00:00:00Z
2026-09-16T02:28:48Z	1	200	185363	0eced088f838a70577acb5dfa0ce4a9c9b55f68fae670415a92b3345cac43be3	https://api.tenders.gov.au/ocds/findByDates/contractPublished/2026-09-15T00:00:00Z/2026-09-17T00:00:00Z?cursor=VaGh6kgoQW9OdzFmZkwwYUFES1VOT05ESTNOamt4TVNsRFRqUXlOelk1TVRFPWQ&prevcursor=initial&lastcursor=initial
2026-09-16T02:28:49Z	1	200	155034	44f2cec8af3ce907c2ca0af730d3414b49bd77668490423f1bbb6d4df6360fe9	https://api.tenders.gov.au/ocds/findByDates/contractPublished/2026-09-15T00:00:00Z/2026-09-17T00:00:00Z?cursor=VZpQ5cAoQW9Od2tydWgwYUFES1VOT05ESTNOamMxTlNsRFRqUXlOelkzTlRVPcgB&prevcursor=VaGh6kgoQW9OdzFmZkwwYUFES1VOT05ESTNOamt4TVNsRFRqUXlOelk1TVRFPWQ&lastcursor=initial
2026-09-16T02:28:50Z	1	200	644	037a1c31536767660a8e80a626816d98ba6a7bfc7774f903c6449cfbcfe1d551	https://api.tenders.gov.au/ocds/findByDates/contractPublished/2026-09-15T00:00:00Z/2026-09-17T00:00:00Z?cursor=VeFCz90oQW9ONGtKaVkwYUFES1VOT05ESTNOalkyTUNsRFRqUXlOelkyTmpBPZwC&prevcursor=VZpQ5cAoQW9Od2tydWgwYUFES1VOT05ESTNOamMxTlNsRFRqUXlOelkzTlRVPcgB&lastcursor=VaGh6kgoQW9OdzFmZkwwYUFES1VOT05ESTNOamt4TVNsRFRqUXlOelk1TVRFPWQ
